trade_date,strategy_name,opened_count,closed_count,occupied_slots_after_close,sector_reject_count,capacity_reject_count,holdings_after_close,沪铜_position_after_close,沪铜_close_return,沪铝_position_after_close,沪铝_close_return,沪锌_position_after_close,沪锌_close_return,沪金_position_after_close,沪金_close_return,铁矿石_position_after_close,铁矿石_close_return,焦煤_position_after_close,焦煤_close_return,PTA_position_after_close,PTA_close_return,甲醇_position_after_close,甲醇_close_return,橡胶_position_after_close,橡胶_close_return,豆粕_position_after_close,豆粕_close_return,棕榈油_position_after_close,棕榈油_close_return,玉米_position_after_close,玉米_close_return,沪铜_position_prev,沪铜_weighted_return,沪铝_position_prev,沪铝_weighted_return,沪锌_position_prev,沪锌_weighted_return,沪金_position_prev,沪金_weighted_return,铁矿石_position_prev,铁矿石_weighted_return,焦煤_position_prev,焦煤_weighted_return,PTA_position_prev,PTA_weighted_return,甲醇_position_prev,甲醇_weighted_return,橡胶_position_prev,橡胶_weighted_return,豆粕_position_prev,豆粕_weighted_return,棕榈油_position_prev,棕榈油_weighted_return,玉米_position_prev,玉米_weighted_return,portfolio_daily_return,equity_curve,occupied_slots_prev,沪铜_daily_return,沪铝_daily_return,沪锌_daily_return,沪金_daily_return,铁矿石_daily_return,焦煤_daily_return,PTA_daily_return,甲醇_daily_return,橡胶_daily_return,豆粕_daily_return,棕榈油_daily_return,玉米_daily_return
2025-07-22,策略2_完整约束,0.0,0.0,0.0,0.0,0.0,,0.0,0.0,0.0,0.0,0.0,0.0,0.0,0.0,0.0,0.0,0.0,0.0,0.0,0.0,0.0,0.0,0.0,0.0,0.0,0.0,0.0,0.0,0.0,0.0,0.0,0.0,0.0,0.0,0.0,0.0,0.0,0.0,0.0,0.0,0.0,0.0,0.0,0.0,0.0,0.0,0.0,0.0,0.0,0.0,0.0,0.0,0.0,0.0,0.0,1.0,0.0,,,,,,,,,,,,
2025-07-23,策略2_完整约束,0.0,0.0,0.0,0.0,0.0,,0.0,-0.0018811136192625755,0.0,-0.0052631578947368585,0.0,0.0013074743952929957,0.0,0.010269609092298904,0.0,-0.013365735115431376,0.0,0.0829756795422032,0.0,-0.0020859407592824786,0.0,-0.01872201872201873,0.0,-0.0036520584329349237,0.0,0.0029163966299416977,0.0,0.007618194039883397,0.0,-0.00043066322136087187,0.0,-0.0,0.0,-0.0,0.0,0.0,0.0,0.0,0.0,-0.0,0.0,0.0,0.0,-0.0,0.0,-0.0,0.0,-0.0,0.0,0.0,0.0,0.0,0.0,-0.0,0.0,1.0,0.0,,,,,,,,,,,,
2025-07-24,策略2_完整约束,0.0,0.0,0.0,0.0,0.0,,0.0,0.003769317753486545,0.0,-0.0014430014430014682,0.0,0.0017410228509249226,0.0,-0.017858494135452152,0.0,-0.0012315270935960854,0.0,0.05548216644649928,0.0,0.013795986622073597,0.0,0.028618830360846115,0.0,0.01599466844385211,0.0,-0.022617124394184174,0.0,0.012230375806092875,0.0,-0.0012925463162429818,0.0,0.0,0.0,-0.0,0.0,0.0,0.0,-0.0,0.0,-0.0,0.0,0.0,0.0,0.0,0.0,0.0,0.0,0.0,0.0,-0.0,0.0,0.0,0.0,-0.0,0.0,1.0,0.0,,,,,,,,,,,,
2025-07-25,策略2_完整约束,0.0,0.0,0.0,0.0,0.0,,0.0,-0.008011015145825473,0.0,0.0,0.0,-0.005648490115142346,0.0,-0.001823458407170464,0.0,-0.010480887792848281,0.0,0.05047976637463503,0.0,0.01773195876288658,0.0,0.01572580645161281,0.0,0.022302394227615707,0.0,-0.0013223140495868257,0.0,-0.018453427065026395,0.0,-0.0030198446937014234,0.0,-0.0,0.0,0.0,0.0,-0.0,0.0,-0.0,0.0,-0.0,0.0,0.0,0.0,0.0,0.0,0.0,0.0,0.0,0.0,-0.0,0.0,-0.0,0.0,-0.0,0.0,1.0,0.0,,,,,,,,,,,,
2025-07-28,策略2_完整约束,0.0,0.0,0.0,0.0,0.0,,0.0,-0.003154574132492094,0.0,-0.006984585741811156,0.0,-0.010487218702206702,0.0,-0.0032676375237997712,0.0,-0.020560747663551426,0.0,-0.12589356632247817,0.0,-0.025121555915721183,0.0,-0.04565303691941247,0.0,-0.033365415463586734,0.0,-0.010261502813637913,0.0,0.0011190689346463056,0.0,0.003461704889658135,0.0,-0.0,0.0,-0.0,0.0,-0.0,0.0,-0.0,0.0,-0.0,0.0,-0.0,0.0,-0.0,0.0,-0.0,0.0,-0.0,0.0,-0.0,0.0,0.0,0.0,0.0,0.0,1.0,0.0,,,,,,,,,,,,
2025-07-29,策略2_完整约束,0.0,0.0,0.0,0.0,0.0,,0.0,-0.0020253164556962577,0.0,-0.00048508367693422816,0.0,0.00044159858688441744,0.0,-0.004310901159038538,0.0,0.01526717557251911,0.0,0.0181735574738755,0.0,0.005403158769742289,0.0,0.012479201331114798,0.0,-0.0036508463325589657,0.0,-0.00234113712374584,0.0,0.0026827632461434714,0.0,-0.007330746011211753,0.0,-0.0,0.0,-0.0,0.0,0.0,0.0,-0.0,0.0,0.0,0.0,0.0,0.0,0.0,0.0,0.0,0.0,-0.0,0.0,-0.0,0.0,0.0,0.0,-0.0,0.0,1.0,0.0,,,,,,,,,,,,
2025-07-30,策略2_完整约束,3.0,0.0,3.0,3.0,1.0,PTA:S; 沪金:S; 沪铜:S,-1.0,0.0011415525114155667,0.0,0.0009706381946128495,0.0,0.0006621054954756289,-1.0,0.0030332883957273626,0.0,-0.011278195488721776,0.0,0.09995537706381086,-1.0,0.003720545680033105,0.0,-0.006162695152013176,0.0,-0.004330446369087304,0.0,0.009051290646999721,0.0,0.0013377926421405117,0.0,0.004344048653344812,0.0,0.0,0.0,0.0,0.0,0.0,0.0,0.0,0.0,-0.0,0.0,0.0,0.0,0.0,0.0,-0.0,0.0,-0.0,0.0,0.0,0.0,0.0,0.0,0.0,0.0,1.0,0.0,,,,,,,,,,,,
2025-07-31,策略2_完整约束,0.0,0.0,3.0,0.0,2.0,PTA:S; 沪金:S; 沪铜:S,-1.0,-0.011275814012416063,0.0,-0.005575757575757567,0.0,-0.0143361270401412,-1.0,-0.004523249502442539,0.0,-0.012674271229404344,0.0,-0.07910750507099396,-1.0,-0.009884678747940745,0.0,-0.005787515502273632,0.0,-0.025761124121779888,0.0,-0.0033222591362126463,0.0,-0.009129369850812696,0.0,-0.01038062283737029,-1.0,0.0037586046708053544,0.0,-0.0,0.0,-0.0,-1.0,0.001507749834147513,0.0,-0.0,0.0,-0.0,-1.0,0.0032948929159802485,0.0,-0.0,0.0,-0.0,0.0,-0.0,0.0,-0.0,0.0,-0.0,0.008561247420933116,1.0085612474209331,3.0,,,,,,,,,,,,
2025-08-01,策略2_完整约束,0.0,0.0,3.0,0.0,0.0,PTA:S; 沪金:S; 沪铜:S,-1.0,0.0046130189646336195,0.0,0.0,0.0,-0.0011188185276348461,-1.0,0.0005712208547541398,0.0,0.005134788189987249,0.0,-0.037444933920704804,-1.0,-0.01331114808652245,0.0,-0.00498960498960499,0.0,-0.01717032967032972,0.0,0.0033333333333334103,0.0,0.0011235955056179137,0.0,0.00393356643356646,-1.0,-0.0015376729882112066,0.0,0.0,0.0,-0.0,-1.0,-0.00019040695158471324,0.0,0.0,0.0,-0.0,-1.0,0.00443704936217415,0.0,-0.0,0.0,-0.0,0.0,0.0,0.0,0.0,0.0,0.0,0.0027089694223782304,1.0112934090007921,3.0,,,,,,,,,,,,
2025-08-04,策略2_完整约束,0.0,1.0,2.0,0.0,0.0,PTA:S; 沪铜:S,-1.0,-0.0008928571428571397,0.0,0.0007313505607020598,0.0,-0.0029121863799282943,0.0,0.013883122275274884,0.0,0.009578544061302763,0.0,0.04439359267734555,-1.0,-0.009696458684654297,0.0,-0.001253656498119482,0.0,0.06743535988819005,0.0,0.014950166112956742,0.0,-0.008080808080808133,0.0,-0.005659555942533756,-1.0,0.00029761904761904656,0.0,0.0,0.0,-0.0,-1.0,-0.004627707425091628,0.0,0.0,0.0,0.0,-1.0,0.0032321528948847655,0.0,-0.0,0.0,0.0,0.0,0.0,0.0,-0.0,0.0,-0.0,-0.0010979354825878156,1.010183074083743,3.0,,,,,,,,,,,,
2025-08-05,策略2_完整约束,0.0,1.0,1.0,0.0,0.0,PTA:S,0.0,0.003191625175539281,0.0,0.001705237515225333,0.0,0.0056167153448662965,0.0,0.0013820992552020517,0.0,0.010120177103099204,0.0,0.0359333917616127,-1.0,-0.003405704555129896,0.0,0.0029288702928871313,0.0,0.012111292962356801,0.0,0.003273322422258529,0.0,0.025571396243494027,0.0,-0.015323992994746072,-1.0,-0.0010638750585130936,0.0,0.0,0.0,0.0,0.0,0.0,0.0,0.0,0.0,0.0,-1.0,0.0011352348517099653,0.0,0.0,0.0,0.0,0.0,0.0,0.0,0.0,0.0,-0.0,7.135979319687169e-05,1.0102551605390007,2.0,,,,,,,,,,,,
2025-08-06,策略2_完整约束,2.0,0.0,3.0,0.0,1.0,PTA:S; 沪金:L; 沪铝:L,0.0,-0.0038177653346908036,1.0,0.0043774319066147704,0.0,0.0,1.0,0.0015079872204473155,0.0,-0.0050093926111458575,0.0,0.03299492385786795,-1.0,0.008970525416488684,0.0,-0.0004171881518565401,0.0,0.0022639068564036524,0.0,0.002283849918433889,0.0,-0.010370697263901163,0.0,0.004446420631391668,0.0,-0.0,0.0,0.0,0.0,0.0,0.0,0.0,0.0,-0.0,0.0,0.0,-1.0,-0.0029901751388295614,0.0,-0.0,0.0,0.0,0.0,0.0,0.0,-0.0,0.0,0.0,-0.0029901751388295614,1.0072343206740826,1.0,,,,,,,,,,,,
2025-08-07,策略2_完整约束,0.0,0.0,3.0,0.0,0.0,PTA:S; 沪金:L; 沪铝:L,0.0,0.0022994379151763944,1.0,0.004842615012106588,0.0,0.008936550491510209,1.0,0.001709881584320172,0.0,-0.0018879798615480947,0.0,0.006961506961506991,-1.0,-0.007620660457239636,0.0,-0.0033388981636059967,0.0,0.0019361084220717029,0.0,0.001953125,0.0,-0.0022296544035674826,0.0,0.0035413899955731853,0.0,0.0,1.0,0.0016142050040355294,0.0,0.0,1.0,0.000569960528106724,0.0,-0.0,0.0,0.0,-1.0,0.002540220152413212,0.0,-0.0,0.0,0.0,0.0,0.0,0.0,-0.0,0.0,0.0,0.0047243856845554655,1.0119928840796681,3.0,,,,,,,,,,,,
2025-08-08,策略2_完整约束,0.0,1.0,2.0,0.0,2.0,沪金:L; 沪铝:L,0.0,0.000382360438439866,1.0,-0.00313253012048198,0.0,-0.002878653675819298,1.0,0.003541311049400031,0.0,-0.024590163934426257,0.0,-0.0020333468889792705,0.0,-0.0008532423208190698,0.0,-0.0020938023450586263,0.0,0.0016103059581320522,0.0,0.005198180636777128,0.0,0.003351955307262511,0.0,-0.005293339214821335,0.0,0.0,1.0,-0.0010441767068273267,0.0,-0.0,1.0,0.001180437016466677,0.0,-0.0,0.0,-0.0,-1.0,0.00028441410693968994,0.0,-0.0,0.0,0.0,0.0,0.0,0.0,0.0,0.0,-0.0,0.00042067441657904036,1.0124186035957605,3.0,,,,,,,,,,,,
2025-08-11,策略2_完整约束,0.0,1.0,1.0,2.0,0.0,沪铝:L,0.0,0.006752452541725074,1.0,0.0007251631617113397,0.0,0.0033311125916055673,0.0,-0.010561056105610533,0.0,0.020038784744667026,0.0,0.023634881825590925,0.0,0.004696840307429451,0.0,0.0025178346621905767,0.0,0.013183279742765341,0.0,-0.007110536522301203,0.0,0.02650334075723837,0.0,0.0031042128603104846,0.0,0.0,1.0,0.00024172105390377988,0.0,0.0,1.0,-0.003520352035203511,0.0,0.0,0.0,0.0,0.0,0.0,0.0,0.0,0.0,0.0,0.0,-0.0,0.0,0.0,0.0,0.0,-0.0032786309812997314,1.009099256595967,2.0,,,,,,,,,,,,
2025-08-12,策略2_完整约束,1.0,0.0,2.0,1.0,0.0,PTA:L; 沪铝:L,0.0,0.0,1.0,0.0016908212560386993,0.0,0.0017706949977867037,0.0,-0.004413198542618235,0.0,0.015209125475285079,0.0,0.04538216560509545,1.0,0.004249893752656275,0.0,0.044788614483047384,0.0,0.006664550936210656,0.0,0.006184895833333259,0.0,0.019310045563028844,0.0,-0.0008841732979664174,0.0,0.0,1.0,0.000563607085346233,0.0,0.0,0.0,-0.0,0.0,0.0,0.0,0.0,0.0,0.0,0.0,0.0,0.0,0.0,0.0,0.0,0.0,0.0,0.0,-0.0,0.000563607085346233,1.0096679920868024,1.0,,,,,,,,,,,,
2025-08-13,策略2_完整约束,1.0,0.0,3.0,0.0,1.0,PTA:L; 沪金:S; 沪铝:L,0.0,0.004555808656036442,1.0,0.0026525198938991412,0.0,-0.001325673884224443,-1.0,0.0021648368640792004,0.0,-0.0074906367041198685,0.0,-0.051789794364051844,1.0,0.0,0.0,-0.006810897435897467,0.0,-0.003783102143757877,0.0,0.02329343254610161,0.0,0.010004257130693972,0.0,-0.0212389380530974,0.0,0.0,1.0,0.0008841732979663804,0.0,-0.0,0.0,0.0,0.0,-0.0,0.0,-0.0,1.0,0.0,0.0,-0.0,0.0,-0.0,0.0,0.0,0.0,0.0,0.0,-0.0,0.0008841732979663804,1.0105607135652168,2.0,,,,,,,,,,,,
2025-08-14,策略2_完整约束,0.0,2.0,1.0,0.0,2.0,沪金:S,0.0,-0.005416981607457849,0.0,-0.003607503607503615,0.0,-0.005309734513274322,-1.0,0.0012600936069537827,0.0,-0.02515723270440251,0.0,-0.02489959839357425,0.0,-0.012695725772323363,0.0,-0.01774909237595801,0.0,-0.010443037974683489,0.0,-0.001896933291179237,0.0,-0.012855637513171758,0.0,-0.004520795660036159,0.0,-0.0,1.0,-0.001202501202501205,0.0,-0.0,-1.0,-0.00042003120231792757,0.0,-0.0,0.0,-0.0,1.0,-0.004231908590774454,0.0,-0.0,0.0,-0.0,0.0,-0.0,0.0,-0.0,0.0,-0.0,-0.0058544409955935866,1.0046444454951842,3.0,,,,,,,,,,,,
2025-08-15,策略2_完整约束,2.0,0.0,3.0,1.0,0.0,橡胶:S; 沪金:S; 焦煤:S,0.0,0.00139328689043694,0.0,0.0016895969104513409,0.0,0.0022241992882561235,-1.0,-0.0037241556440221757,0.0,0.001290322580645098,-1.0,0.01317957166392092,0.0,0.010715816545220802,0.0,-0.00944558521560579,-1.0,0.017268947873360974,0.0,-0.0063351282863477465,0.0,0.00982066609735277,0.0,-0.00544959128065392,0.0,0.0,0.0,0.0,0.0,0.0,-1.0,0.0012413852146740585,0.0,0.0,0.0,0.0,0.0,0.0,0.0,-0.0,0.0,0.0,0.0,-0.0,0.0,0.0,0.0,-0.0,0.0012413852146740585,1.0058915962558261,1.0,,,,,,,,,,,,
2025-08-18,策略2_完整约束,0.0,0.0,3.0,0.0,3.0,橡胶:S; 沪金:S; 焦煤:S,0.0,-0.0013913483430305629,0.0,-0.00746987951807232,0.0,-0.007545494895694671,-1.0,0.0023975251353440807,0.0,-0.005154639175257714,-1.0,-0.03455284552845528,0.0,0.006361323155216203,0.0,-0.0066334991708125735,-1.0,-0.005344231373781816,0.0,0.00573796620975453,0.0,0.013107822410147962,0.0,-0.005936073059360725,0.0,-0.0,0.0,-0.0,0.0,-0.0,-1.0,-0.0007991750451146936,0.0,-0.0,-1.0,0.01151761517615176,0.0,0.0,0.0,-0.0,-1.0,0.001781410457927272,0.0,0.0,0.0,0.0,0.0,-0.0,0.012499850588964337,1.0184650909177189,3.0,,,,,,,,,,,,
2025-08-19,策略2_完整约束,0.0,0.0,3.0,0.0,3.0,橡胶:S; 沪金:S; 焦煤:S,0.0,-0.0007599746675110985,0.0,-0.002427773731488281,0.0,-0.006932021466905192,-1.0,-0.0033433634236041954,0.0,-0.0012953367875647714,-1.0,0.005894736842105175,0.0,-0.0025284450063211006,0.0,-0.002086811352253748,-1.0,0.003476611883691527,0.0,0.0019017432646593058,0.0,0.005843071786310494,0.0,-0.003215434083601254,0.0,-0.0,0.0,-0.0,0.0,-0.0,-1.0,0.0011144544745347318,0.0,-0.0,-1.0,-0.001964912280701725,0.0,-0.0,0.0,-0.0,-1.0,-0.0011588706278971757,0.0,0.0,0.0,0.0,0.0,-0.0,-0.0020093284340641686,1.016418660051436,3.0,,,,,,,,,,,,
2025-08-20,策略2_完整约束,0.0,1.0,2.0,0.0,2.0,橡胶:S; 焦煤:S,0.0,-0.00316896945113454,0.0,-0.00048673643222196805,0.0,0.002702094122945198,0.0,-0.0030707300079994004,0.0,-0.0025940337224383825,-1.0,-0.02678945165341151,0.0,0.009294465568229882,0.0,0.013801756587201952,-1.0,-0.012598425196850394,0.0,-0.00031635558367604233,0.0,-0.00892116182572611,0.0,0.0,0.0,-0.0,0.0,-0.0,0.0,0.0,-1.0,0.0010235766693331334,0.0,-0.0,-1.0,0.008929817217803837,0.0,0.0,0.0,0.0,-1.0,0.004199475065616798,0.0,-0.0,0.0,-0.0,0.0,0.0,0.014152868952753769,1.0308039001482774,3.0,,,,,,,,,,,,
2025-08-21,策略2_完整约束,1.0,0.0,3.0,0.0,0.0,橡胶:S; 焦煤:S; 豆粕:S,0.0,-0.0016531027466938353,0.0,0.0026783540297052877,0.0,-0.0011228385358185156,0.0,0.003157840244344401,0.0,0.004551365409622976,-1.0,-0.013333333333333308,0.0,0.01716199246546668,0.0,0.0004125412541253759,-1.0,0.002870813397129135,-1.0,-0.014873417721518956,0.0,-0.00565208289721586,0.0,-0.0018433179723502668,0.0,-0.0,0.0,0.0,0.0,-0.0,0.0,0.0,0.0,0.0,-1.0,0.004444444444444436,0.0,0.0,0.0,0.0,-1.0,-0.000956937799043045,0.0,-0.0,0.0,-0.0,0.0,-0.0,0.0034875066454013908,1.0343988356001501,2.0,,,,,,,,,,,,
2025-08-22,策略2_完整约束,0.0,0.0,3.0,0.0,1.0,橡胶:S; 焦煤:S; 豆粕:S,0.0,0.0017832123296395164,0.0,0.0019426906265176402,0.0,0.001573741007194318,0.0,-0.0022190112498710057,0.0,-0.003236245954692518,-1.0,0.013077593722754965,0.0,0.0016460905349793276,0.0,-0.008247422680412342,-1.0,-0.006043256997455448,-1.0,-0.008030838419531006,0.0,0.00968421052631574,0.0,0.0041551246537396835,0.0,0.0,0.0,0.0,0.0,0.0,0.0,-0.0,0.0,-0.0,-1.0,-0.0043591979075849885,0.0,0.0,0.0,-0.0,-1.0,0.002014418999151816,-1.0,0.0026769461398436687,0.0,0.0,0.0,0.0,0.0003321672314104962,1.0347424289975458,3.0,,,,,,,,,,,,
2025-08-25,策略2_完整约束,0.0,1.0,2.0,0.0,1.0,橡胶:S; 豆粕:S,0.0,0.013223140495867813,0.0,0.0067862336403297085,0.0,0.005387205387205496,0.0,0.007473493664339248,0.0,0.02207792207792214,0.0,0.0460413080895008,0.0,-0.0012325390304026573,0.0,0.007900207900207956,-1.0,0.017919999999999936,-1.0,0.009391191709844593,0.0,-0.0010425354462051395,0.0,-0.0096551724137931,0.0,0.0,0.0,0.0,0.0,0.0,0.0,0.0,0.0,0.0,-1.0,-0.015347102696500267,0.0,-0.0,0.0,0.0,-1.0,-0.005973333333333312,-1.0,-0.0031303972366148645,0.0,-0.0,0.0,-0.0,-0.02445083326644844,1.0094421143924068,3.0,,,,,,,,,,,,
2025-08-26,策略2_完整约束,1.0,0.0,3.0,0.0,3.0,橡胶:S; 沪金:L; 豆粕:S,0.0,-0.0062743129627306216,0.0,-0.0026480500722195766,0.0,-0.005581603036392102,1.0,0.0024897969660413466,0.0,-0.013341804320203265,0.0,-0.04524886877828049,0.0,0.0016454134101193674,0.0,-0.011963696369637011,-1.0,-0.0012574662055957475,-1.0,-0.011549566891241536,0.0,-0.008557712377374238,0.0,0.0018570102135562205,0.0,-0.0,0.0,-0.0,0.0,-0.0,0.0,0.0,0.0,-0.0,0.0,-0.0,0.0,0.0,0.0,-0.0,-1.0,0.0004191554018652492,-1.0,0.0038498556304138454,0.0,-0.0,0.0,0.0,0.004269011032279095,1.0137514339151952,2.0,,,,,,,,,,,,
2025-08-27,策略2_完整约束,0.0,1.0,2.0,0.0,3.0,沪金:L; 豆粕:S,0.0,0.0,0.0,0.004586048756939354,0.0,0.0017961383026492417,1.0,5.120852109796736e-05,0.0,-0.0012878300064391723,0.0,-0.005601034037053032,0.0,-0.00944558521560579,0.0,-0.009603340292275608,0.0,-0.00786905886056033,-1.0,-0.011684518013631906,0.0,0.0,0.0,0.002780352177942591,0.0,0.0,0.0,0.0,0.0,0.0,1.0,1.706950703265579e-05,0.0,-0.0,0.0,-0.0,0.0,-0.0,0.0,-0.0,-1.0,0.0026230196201867764,-1.0,0.003894839337877302,0.0,0.0,0.0,0.0,0.006534928465096734,1.02037622701722,3.0,,,,,,,,,,,,
2025-08-28,策略2_完整约束,1.0,0.0,3.0,1.0,0.0,PTA:S; 沪金:L; 豆粕:S,0.0,-0.00328324283369108,0.0,-0.0028832292167226825,0.0,-0.006275212909009453,1.0,0.0026371037943571096,0.0,0.01934235976789167,0.0,0.018197573656845822,-1.0,-0.0066334991708125735,0.0,0.00042158516020229797,0.0,0.011738578680203116,-1.0,-0.0019704433497537144,0.0,-0.009052631578947423,0.0,0.009704251386321694,0.0,-0.0,0.0,-0.0,0.0,-0.0,1.0,0.0008790345981190365,0.0,0.0,0.0,0.0,0.0,-0.0,0.0,0.0,0.0,0.0,-1.0,0.0006568144499179048,0.0,-0.0,0.0,0.0,0.0015358490480369413,1.021943370874124,2.0,,,,,,,,,,,,
2025-08-29,策略2_完整约束,0.0,0.0,3.0,0.0,0.0,PTA:S; 沪金:L; 豆粕:S,0.0,0.006081337894336736,0.0,-0.00048192771084332175,0.0,-0.0013531799729363803,1.0,0.005362477975536795,0.0,-0.003795066413662229,0.0,-0.020425531914893602,-1.0,-0.0016694490818029983,0.0,-0.005056890012642201,0.0,-0.005330824709940396,-1.0,0.005264889766370517,0.0,-0.010410027618440565,0.0,0.0027459954233408634,0.0,0.0,0.0,-0.0,0.0,-0.0,1.0,0.0017874926585122648,0.0,-0.0,0.0,-0.0,-1.0,0.0005564830272676661,0.0,-0.0,0.0,-0.0,-1.0,-0.001754963255456839,0.0,-0.0,0.0,0.0,0.0005890124303230919,1.0225453082226552,3.0,,,,,,,,,,,,
2025-09-01,策略2_完整约束,0.0,1.0,2.0,0.0,0.0,PTA:S; 沪金:L,0.0,0.0046593628006548204,0.0,-0.004580520732883286,0.0,0.0015808491418247694,1.0,0.01877016077823801,0.0,-0.02730158730158727,0.0,-0.028236316246741944,-1.0,-0.0025083612040134318,0.0,0.010165184243964509,0.0,0.0,0.0,-0.0003273322422258085,0.0,0.007299270072992803,0.0,0.0009128251939753973,0.0,0.0,0.0,-0.0,0.0,0.0,1.0,0.00625672025941267,0.0,-0.0,0.0,-0.0,-1.0,0.0008361204013378106,0.0,0.0,0.0,0.0,-1.0,0.00010911074740860283,0.0,0.0,0.0,0.0,0.007201951408159083,1.0299096298451158,3.0,,,,,,,,,,,,
2025-09-02,策略2_完整约束,0.0,0.0,2.0,0.0,0.0,PTA:S; 沪金:L,0.0,-0.0015041363750313286,0.0,0.0036328408815693436,0.0,0.006764374295377573,1.0,0.004961356270256623,0.0,0.007180156657963455,0.0,-0.00536432722396063,-1.0,-0.0033528918692372622,0.0,-0.005450733752620507,0.0,0.0006305170239595537,0.0,-0.0013097576948264411,0.0,0.004049445865302648,0.0,0.0031919744642043835,0.0,-0.0,0.0,0.0,0.0,0.0,1.0,0.0016537854234188742,0.0,0.0,0.0,-0.0,-1.0,0.0011176306230790873,0.0,-0.0,0.0,0.0,0.0,-0.0,0.0,0.0,0.0,0.0,0.0027714160464979614,1.0327639379197113,2.0,,,,,,,,,,,,
2025-09-03,策略2_完整约束,1.0,0.0,3.0,0.0,1.0,PTA:S; 沪金:L; 沪铝:S,0.0,0.005649008285212087,-1.0,-0.0004826254826254539,0.0,-0.0017917133258679163,1.0,0.012999578257957278,0.0,0.0071289695398573105,0.0,-0.00584269662921344,-1.0,-0.005046257359125339,0.0,0.004215851602023646,0.0,0.000945179584120881,0.0,0.0052459016393442415,0.0,-0.00573126724686901,0.0,-0.0031818181818181746,0.0,0.0,0.0,-0.0,0.0,-0.0,1.0,0.004333192752652426,0.0,0.0,0.0,-0.0,-1.0,0.001682085786375113,0.0,0.0,0.0,0.0,0.0,0.0,0.0,-0.0,0.0,-0.0,0.006015278539027539,1.0389763006713613,2.0,,,,,,,,,,,,
2025-09-04,策略2_完整约束,0.0,0.0,3.0,0.0,2.0,PTA:S; 沪金:L; 沪铝:S,0.0,-0.004244164274123108,-1.0,-0.005070014485755725,0.0,-0.007404083464213618,1.0,-0.00213062963779298,0.0,0.01866151866151866,0.0,-0.010397830018083143,-1.0,-0.01606086221470837,0.0,-0.0016792611251049694,0.0,0.0047214353163360645,0.0,-0.005870841487279899,0.0,0.0023484201537147253,0.0,0.007751937984496138,0.0,-0.0,-1.0,0.0016900048285852416,0.0,-0.0,1.0,-0.0007102098792643267,0.0,0.0,0.0,-0.0,-1.0,0.005353620738236124,0.0,-0.0,0.0,0.0,0.0,-0.0,0.0,0.0,0.0,0.0,0.006333415687557039,1.045556569473033,3.0,,,,,,,,,,,,
2025-09-05,策略2_完整约束,0.0,0.0,3.0,0.0,1.0,PTA:S; 沪金:L; 沪铝:S,0.0,0.004638335213739575,-1.0,0.004367871875758267,0.0,0.0015822784810126667,1.0,0.0031904972267216003,0.0,-0.0025268477574226234,0.0,0.05847418912745539,-1.0,0.0034364261168384758,0.0,0.015559293523969675,0.0,0.022869674185463706,0.0,0.006233595800524849,0.0,0.014483493077742216,0.0,0.0063348416289592535,0.0,0.0,-1.0,-0.0014559572919194224,0.0,0.0,1.0,0.0010634990755738667,0.0,-0.0,0.0,0.0,-1.0,-0.001145475372279492,0.0,0.0,0.0,0.0,0.0,0.0,0.0,0.0,0.0,0.0,-0.0015379335886250476,1.043948572906033,3.0,,,,,,,,,,,,
2025-09-08,策略2_完整约束,0.0,1.0,2.0,0.0,2.0,PTA:S; 沪铝:S,0.0,-0.006114299975043647,-1.0,0.0012080212611742525,0.0,0.005190701873166281,0.0,0.009369801350425533,0.0,0.0031665611146294292,0.0,-0.01294777729823049,-1.0,0.0038527397260272878,0.0,-0.0028985507246376274,0.0,-0.003981623277182211,0.0,0.0045647212259536385,0.0,-0.006298551333193347,0.0,0.003147482014388414,0.0,-0.0,-1.0,-0.00040267375372475084,0.0,0.0,1.0,0.003123267116808511,0.0,0.0,0.0,-0.0,-1.0,-0.0012842465753424293,0.0,-0.0,0.0,-0.0,0.0,0.0,0.0,-0.0,0.0,0.0,0.0014363467877413312,1.0454480450852937,3.0,,,,,,,,,,,,
2025-09-09,策略2_完整约束,1.0,2.0,1.0,1.0,0.0,焦煤:L,0.0,0.0,0.0,0.0014478764478764727,0.0,-0.006511001347103695,0.0,0.0144453331394363,0.0,0.016414141414141437,1.0,-0.01749016178399654,0.0,-0.0025586353944563323,0.0,-0.004152823920265836,0.0,-0.019680196801967975,0.0,-0.0019474196689386325,0.0,0.0021128248468202937,0.0,-0.007619901389511408,0.0,0.0,-1.0,-0.00048262548262549093,0.0,-0.0,0.0,0.0,0.0,0.0,0.0,-0.0,-1.0,0.0008528784648187774,0.0,-0.0,0.0,-0.0,0.0,-0.0,0.0,0.0,0.0,-0.0,0.00037025298219328645,1.0458351253417144,2.0,,,,,,,,,,,,
2025-09-10,策略2_完整约束,2.0,0.0,3.0,0.0,1.0,沪铜:S; 焦煤:L; 玉米:S,-1.0,0.0017576898932831764,0.0,0.001927710843373509,0.0,0.004067796610169427,0.0,-0.0012423844224107583,0.0,0.0,1.0,-0.00578549176680021,0.0,0.004275331338178701,0.0,0.0037531276063387242,0.0,0.0025094102885820924,0.0,-0.0029268292682926855,0.0,-0.025511279780729534,-1.0,-0.007678410117434531,0.0,0.0,0.0,0.0,0.0,0.0,0.0,-0.0,0.0,0.0,1.0,-0.0019284972556000701,0.0,0.0,0.0,0.0,0.0,0.0,0.0,-0.0,0.0,-0.0,0.0,-0.0,-0.0019284972556000701,1.0438182351726828,1.0,,,,,,,,,,,,
2025-09-11,策略2_完整约束,0.0,0.0,3.0,0.0,3.0,沪铜:S; 焦煤:L; 玉米:S,-1.0,0.004261185612232099,0.0,0.006012506012506025,0.0,0.0015755120414133739,0.0,-0.003851398225007685,0.0,-0.011801242236024856,1.0,0.021933751119068923,0.0,-0.002128565346956157,0.0,-0.0083090984628168,0.0,-0.0046933667083854935,0.0,0.0071754729288975305,0.0,0.009303331890956335,-1.0,0.002275830678197588,-1.0,-0.0014203952040773664,0.0,0.0,0.0,0.0,0.0,-0.0,0.0,-0.0,1.0,0.0073112503730229745,0.0,-0.0,0.0,-0.0,0.0,-0.0,0.0,0.0,0.0,0.0,-1.0,-0.0007586102260658626,0.005132244942879745,1.0491753660314334,3.0,,,,,,,,,,,,
2025-09-12,策略2_完整约束,0.0,1.0,2.0,0.0,3.0,焦煤:L; 玉米:S,0.0,0.011606140022463407,0.0,0.009801577814965379,0.0,0.0024719101123595877,0.0,0.004634743768310967,0.0,0.005028284098051561,1.0,0.0026281208935610145,0.0,-0.008532423208191142,0.0,-0.0033514872224549297,0.0,-0.005344231373781816,0.0,-0.0029145077720207357,0.0,-0.0036441586280814287,-1.0,-0.002270663033605791,-1.0,-0.003868713340821136,0.0,0.0,0.0,0.0,0.0,0.0,0.0,0.0,1.0,0.0008760402978536715,0.0,-0.0,0.0,-0.0,0.0,-0.0,0.0,-0.0,0.0,-0.0,-1.0,0.000756887677868597,-0.002235785365098867,1.046829635102638,3.0,,,,,,,,,,,,
2025-09-15,策略2_完整约束,1.0,0.0,3.0,0.0,0.0,沪锌:L; 焦煤:L; 玉米:S,0.0,-0.001480384900074072,0.0,-0.004498106060606077,1.0,0.0002241649854293204,0.0,-0.0031074459184893266,0.0,-0.004377736085053208,1.0,0.03757099169943201,0.0,0.005163511187607606,0.0,0.007145859604875904,0.0,0.01106194690265494,0.0,-0.012016888600194897,0.0,0.013554216867469826,-1.0,-0.013654984069185305,0.0,-0.0,0.0,-0.0,0.0,0.0,0.0,-0.0,0.0,-0.0,1.0,0.01252366389981067,0.0,0.0,0.0,0.0,0.0,0.0,0.0,-0.0,0.0,0.0,-1.0,0.004551661356395102,0.01707532525620577,1.0647045916098508,2.0,,,,,,,,,,,,
2025-09-16,策略2_完整约束,0.0,0.0,3.0,0.0,1.0,沪锌:L; 焦煤:L; 玉米:S,0.0,-0.000741289844329085,0.0,-0.0019024970273483488,1.0,-0.002465262214253694,0.0,0.012564440714542657,0.0,0.009422110552763874,1.0,0.044631578947368356,0.0,0.003424657534246478,0.0,-0.008764607679465741,0.0,0.0028133791809941133,0.0,-0.00032873109796183186,0.0,0.006368074718743344,-1.0,-0.00046146746654363024,0.0,-0.0,0.0,-0.0,1.0,-0.000821754071417898,0.0,0.0,0.0,0.0,1.0,0.014877192982456119,0.0,0.0,0.0,-0.0,0.0,0.0,0.0,-0.0,0.0,0.0,-1.0,0.00015382248884787675,0.014209261399886097,1.0798332574656941,3.0,,,,,,,,,,,,
2025-09-17,策略2_完整约束,0.0,0.0,3.0,0.0,1.0,沪锌:L; 焦煤:L; 玉米:S,0.0,-0.003956478733926794,0.0,-0.0021443888491780028,1.0,0.001348011682767991,0.0,-0.00821710199152248,0.0,0.001244555071561848,1.0,-0.006045949214026569,0.0,0.005119453924914641,0.0,0.0004210526315788776,0.0,-0.009975062344139696,0.0,-0.012824728707661937,0.0,-0.0061168529846024056,-1.0,-0.0023084025854108736,0.0,-0.0,0.0,-0.0,1.0,0.00044933722758933037,0.0,-0.0,0.0,0.0,1.0,-0.002015316404675523,0.0,0.0,0.0,0.0,0.0,-0.0,0.0,-0.0,0.0,-0.0,-1.0,0.0007694675284702912,-0.0007965116486159016,1.0789731576975599,3.0,,,,,,,,,,,,
2025-09-18,策略2_完整约束,0.0,1.0,2.0,0.0,1.0,焦煤:L; 玉米:S,0.0,-0.012164846077457825,0.0,-0.007402101241642756,0.0,-0.01076957594794703,0.0,-0.012917243684637758,0.0,-0.005593536357986317,1.0,-0.023925385239253805,0.0,-0.009762308998302216,0.0,-0.012626262626262652,0.0,-0.01952141057934509,0.0,-0.0029980013324449883,0.0,-0.012733446519524572,-1.0,0.007403979639055924,0.0,-0.0,0.0,-0.0,1.0,-0.0035898586493156768,0.0,-0.0,0.0,-0.0,1.0,-0.007975128413084601,0.0,-0.0,0.0,-0.0,0.0,-0.0,0.0,-0.0,0.0,-0.0,-1.0,-0.0024679932130186413,-0.014032980275418919,1.0638319486578836,3.0,,,,,,,,,,,,
2025-09-19,策略2_完整约束,1.0,0.0,3.0,1.0,0.0,沪铝:S; 焦煤:L; 玉米:S,0.0,0.0033928122643880343,-1.0,0.0004811161895597049,0.0,-0.0002268088001814439,0.0,0.004523354539077262,0.0,0.009374999999999911,1.0,0.023680930619027762,0.0,-0.013287612516073688,0.0,0.006393861892583175,0.0,-0.0022479126525368764,0.0,0.007016371533578258,0.0,0.0012897678417884695,-1.0,-0.00413412953605885,0.0,0.0,0.0,0.0,0.0,-0.0,0.0,0.0,0.0,0.0,1.0,0.00789364353967592,0.0,-0.0,0.0,0.0,0.0,-0.0,0.0,0.0,0.0,0.0,-1.0,0.0013780431786862835,0.009271686718362204,1.0736954652068242,2.0,,,,,,,,,,,,
2025-09-22,策略2_完整约束,0.0,2.0,1.0,0.0,0.0,沪铝:S,0.0,0.003882279273638156,-1.0,-0.0024044241404184152,0.0,0.002268602540834941,0.0,0.01919187054517435,0.0,0.0012383900928791824,0.0,-0.011769480519480569,0.0,-0.003909643788010397,0.0,-0.005506141465480674,0.0,0.005149662053427706,0.0,0.006635700066357053,0.0,0.00472305710605414,0.0,-0.009686346863468587,0.0,0.0,-1.0,0.0008014747134728051,0.0,0.0,0.0,0.0,0.0,0.0,1.0,-0.0039231601731601895,0.0,-0.0,0.0,-0.0,0.0,0.0,0.0,0.0,0.0,0.0,-1.0,0.0032287822878228623,0.00010709682813547783,1.0738104545855314,3.0,,,,,,,,,,,,
2025-09-23,策略2_完整约束,1.0,0.0,2.0,0.0,0.0,沪铝:S; 焦煤:S,0.0,-0.0029940119760478723,-1.0,-0.002892263195950817,0.0,-0.01109099139882297,0.0,0.010561134081512158,0.0,-0.007421150278293154,-1.0,0.0,0.0,-0.0065416484954208265,0.0,-0.002129471890971013,0.0,-0.0057636887608069065,0.0,-0.03493737640079109,0.0,-0.03269230769230769,0.0,0.005123428039124356,0.0,-0.0,-1.0,0.0009640877319836058,0.0,-0.0,0.0,0.0,0.0,-0.0,0.0,0.0,0.0,-0.0,0.0,-0.0,0.0,-0.0,0.0,-0.0,0.0,-0.0,0.0,0.0,0.0009640877319836058,1.0748457020712732,1.0,,,,,,,,,,,,
2025-09-24,策略2_完整约束,1.0,0.0,3.0,0.0,0.0,沪铝:S; 焦煤:S; 玉米:L,0.0,0.0005005005005005447,-1.0,0.0009668842156151936,0.0,0.0006866559853513365,0.0,0.0053305901056766025,0.0,0.0012461059190032042,-1.0,0.005749486652977476,0.0,0.015364354697102733,0.0,0.0034144259496371454,0.0,0.006119162640901843,0.0,0.000683060109289535,0.0,0.007952286282306265,1.0,0.002780352177942591,0.0,0.0,-1.0,-0.00032229473853839785,0.0,0.0,0.0,0.0,0.0,0.0,-1.0,-0.001916495550992492,0.0,0.0,0.0,0.0,0.0,0.0,0.0,0.0,0.0,0.0,0.0,0.0,-0.0022387902895308898,1.072439347950732,2.0,,,,,,,,,,,,
2025-09-25,策略2_完整约束,0.0,0.0,3.0,0.0,0.0,沪铝:S; 焦煤:S; 玉米:L,0.0,0.03439219609804911,-1.0,0.0028978507606858273,0.0,0.008462946020127982,0.0,-0.006139534883720876,0.0,0.002489110143123918,-1.0,0.008166598611678344,0.0,0.01124081279723299,0.0,0.002126754572522316,0.0,-0.003201024327784907,0.0,0.0126279863481229,0.0,0.01051939513477973,1.0,0.00046210720887240875,0.0,0.0,-1.0,-0.0009659502535619424,0.0,0.0,0.0,-0.0,0.0,0.0,-1.0,-0.0027221995372261145,0.0,0.0,0.0,0.0,0.0,-0.0,0.0,0.0,0.0,0.0,1.0,0.00015403573629080292,-0.003534114054497254,1.0686492249785433,3.0,,,,,,,,,,,,
2025-09-26,策略2_完整约束,0.0,1.0,2.0,0.0,1.0,焦煤:S; 玉米:L,0.0,-0.0029017047515415006,0.0,-0.0009631591620514746,0.0,-0.0029485144023587706,0.0,0.001567764882066447,0.0,-0.019242706393544418,-1.0,-0.030781692993114618,0.0,-0.0068405301410859876,0.0,-0.0004244482173174635,0.0,-0.006422607578676964,0.0,-0.010111223458038388,0.0,0.0015181088700932932,1.0,0.006004618937644368,0.0,-0.0,-1.0,0.00032105305401715817,0.0,-0.0,0.0,0.0,0.0,-0.0,-1.0,0.010260564331038205,0.0,-0.0,0.0,-0.0,0.0,-0.0,0.0,-0.0,0.0,0.0,1.0,0.002001539645881456,0.01258315703093682,1.0820962059874373,3.0,,,,,,,,,,,,
2025-09-29,策略2_完整约束,1.0,0.0,3.0,1.0,0.0,焦煤:S; 玉米:L; 甲醇:L,0.0,-0.0012125621438098255,0.0,-0.000723065798987732,0.0,-0.008189262966333044,0.0,0.012218769712403432,0.0,-0.0075949367088608,-1.0,-0.035520267446719545,0.0,0.001291433491175109,1.0,0.001698513800424628,0.0,-0.006140917905623766,0.0,-0.0013619339462036528,0.0,-0.0002165439584235207,1.0,-0.008723599632690537,0.0,-0.0,0.0,-0.0,0.0,-0.0,0.0,0.0,0.0,-0.0,-1.0,0.011840089148906515,0.0,0.0,0.0,0.0,0.0,-0.0,0.0,-0.0,0.0,-0.0,1.0,-0.002907866544230179,0.008932222604676337,1.0917617301789928,2.0,,,,,,,,,,,,
2025-09-30,策略2_完整约束,0.0,0.0,3.0,0.0,1.0,焦煤:S; 玉米:L; 甲醇:L,0.0,0.008983853344664228,0.0,-0.002411963338157297,0.0,0.0011467889908256534,0.0,0.009093846650971793,0.0,-0.004464285714285698,-1.0,-0.024263431542461023,0.0,-0.012467755803955316,1.0,-0.013141161509114041,0.0,-0.022439024390243922,0.0,-0.0017047391749062113,0.0,-0.0006497725795971965,1.0,-0.007410838351088467,0.0,0.0,0.0,-0.0,0.0,0.0,0.0,0.0,0.0,-0.0,-1.0,0.008087810514153674,0.0,-0.0,1.0,-0.00438038716970468,0.0,-0.0,0.0,-0.0,0.0,-0.0,1.0,-0.0024702794503628223,0.001237143894086171,1.0931123965372807,3.0,,,,,,,,,,,,
2025-10-09,策略2_完整约束,0.0,0.0,3.0,0.0,0.0,焦煤:S; 玉米:L; 甲醇:L,0.0,0.04379737697028041,0.0,0.019825918762089056,0.0,0.02245131729667804,0.0,0.045654162854528835,0.0,0.012812299807815508,-1.0,0.03374777975133214,0.0,-0.002176752285589889,1.0,-0.01632302405498287,0.0,0.025615435795076413,0.0,0.0037568306010928865,0.0,0.03706111833550074,1.0,-0.002333177788147456,0.0,0.0,0.0,0.0,0.0,0.0,0.0,0.0,0.0,0.0,-1.0,-0.011249259917110713,0.0,-0.0,1.0,-0.005441008018327624,0.0,0.0,0.0,0.0,0.0,0.0,1.0,-0.0007777259293824853,-0.01746799386482082,1.074017915901008,3.0,,,,,,,,,,,,
2025-10-10,策略2_完整约束,0.0,0.0,3.0,0.0,0.0,焦煤:S; 玉米:L; 甲醇:L,0.0,-0.009682997118155567,0.0,-0.005215742057847361,0.0,-0.0020165807752632325,0.0,-0.013955726660250356,0.0,0.005692599620493288,-1.0,-0.002577319587628857,0.0,-0.010907504363001697,1.0,0.007423580786026118,0.0,-0.006487187804086969,0.0,-0.005784280367471917,0.0,-0.01379310344827589,1.0,-0.006080449017773604,0.0,-0.0,0.0,-0.0,0.0,-0.0,0.0,-0.0,0.0,0.0,-1.0,0.0008591065292096189,0.0,-0.0,1.0,0.0024745269286753726,0.0,-0.0,0.0,-0.0,0.0,-0.0,1.0,-0.0020268163392578678,0.0013068171186271238,1.0754214608992194,3.0,,,,,,,,,,,,
2025-10-13,策略2_完整约束,0.0,1.0,2.0,0.0,0.0,焦煤:S; 甲醇:L,0.0,-0.009195669887091196,0.0,-0.004528122020972303,0.0,-0.0006735518634934934,0.0,0.028838901459692146,0.0,0.011949685534591303,-1.0,-0.012919896640826822,0.0,-0.005293339214821335,1.0,0.015171218032076217,0.0,-0.02448579823702257,0.0,0.003422313483915085,0.0,-0.007840644204280545,0.0,-0.015529411764705903,0.0,-0.0,0.0,-0.0,0.0,-0.0,0.0,0.0,0.0,0.0,-1.0,0.004306632213608941,0.0,-0.0,1.0,0.005057072677358739,0.0,-0.0,0.0,0.0,0.0,-0.0,1.0,-0.005176470588235301,0.004187234302732378,1.0799245025301911,3.0,,,,,,,,,,,,
2025-10-14,策略2_完整约束,0.0,0.0,2.0,0.0,0.0,焦煤:S; 甲醇:L,0.0,-0.008341165413533802,0.0,-0.00047881254488868485,0.0,-0.0015726802965625453,0.0,0.012311872008279767,0.0,-0.027967681789931587,-1.0,0.00654450261780104,0.0,-0.01552106430155209,1.0,-0.029035012809564442,0.0,-0.006358768406961146,0.0,-0.01023192360163716,0.0,-0.0036309269542930123,0.0,0.009082217973231277,0.0,-0.0,0.0,-0.0,0.0,-0.0,0.0,0.0,0.0,-0.0,-1.0,-0.002181500872600347,0.0,-0.0,1.0,-0.009678337603188147,0.0,-0.0,0.0,-0.0,0.0,-0.0,0.0,0.0,-0.011859838475788495,1.0671167723641368,2.0,,,,,,,,,,,,
2025-10-15,策略2_完整约束,0.0,1.0,1.0,0.0,0.0,甲醇:L,0.0,0.017059590095960253,0.0,0.0028742514970059307,0.0,-0.009225922592259184,0.0,0.022748088351189688,0.0,-0.00703324808184147,0.0,-0.0021673168617252214,0.0,-0.004054054054054013,1.0,0.01055408970976246,0.0,0.003368137420006745,0.0,0.005168849069607129,0.0,-0.0008574490889603492,0.0,0.007579346281383126,0.0,0.0,0.0,0.0,0.0,-0.0,0.0,0.0,0.0,-0.0,-1.0,0.0007224389539084072,0.0,-0.0,1.0,0.003518029903254153,0.0,0.0,0.0,0.0,0.0,-0.0,0.0,0.0,0.00424046885716256,1.0716418478043028,2.0,,,,,,,,,,,,
2025-10-16,策略2_完整约束,0.0,0.0,1.0,0.0,0.0,甲醇:L,0.0,-0.009085614443797296,0.0,0.002866013852400373,0.0,-0.0034067681126505045,0.0,0.006331091071911876,0.0,-0.003863490019317406,0.0,0.029973935708079935,0.0,0.0076888285843510484,1.0,0.009138381201044377,0.0,0.00033568311513931803,0.0,-0.0034281796366129047,0.0,-0.0010727311735678757,0.0,0.004231311706629048,0.0,-0.0,0.0,0.0,0.0,-0.0,0.0,0.0,0.0,-0.0,0.0,0.0,0.0,0.0,1.0,0.003046127067014792,0.0,0.0,0.0,-0.0,0.0,-0.0,0.0,0.0,0.003046127067014792,1.0749062050430453,1.0,,,,,,,,,,,,
2025-10-17,策略2_完整约束,2.0,0.0,3.0,0.0,1.0,棕榈油:S; 焦煤:L; 甲醇:L,0.0,-0.007993417185846896,0.0,-0.004048582995951455,0.0,-0.005013673655423934,0.0,0.0345398480991701,0.0,-0.003232062055591456,1.0,-0.005482918599746922,0.0,-0.012118491921005337,1.0,-0.0202673566192324,0.0,-0.013758389261744997,0.0,-0.013415892672858587,-1.0,-0.00042955326460480947,0.0,-0.008895131086142372,0.0,-0.0,0.0,-0.0,0.0,-0.0,0.0,0.0,0.0,-0.0,0.0,-0.0,0.0,-0.0,1.0,-0.006755785539744134,0.0,-0.0,0.0,-0.0,0.0,-0.0,0.0,-0.0,-0.006755785539744134,1.0676443692464344,1.0,,,,,,,,,,,,
2025-10-20,策略2_完整约束,0.0,0.0,3.0,0.0,3.0,棕榈油:S; 焦煤:L; 甲醇:L,0.0,0.011731247778172804,0.0,0.0,0.0,0.000916170407695871,0.0,-0.029485897179435838,0.0,-0.005188067444876765,1.0,0.031382527565733565,0.0,-0.004089050431621999,1.0,-0.002640845070422504,0.0,0.007825791085403155,0.0,0.009414225941422494,-1.0,0.0010743446497636366,0.0,0.009919697685403905,0.0,0.0,0.0,0.0,0.0,0.0,0.0,-0.0,0.0,-0.0,1.0,0.010460842521911188,0.0,-0.0,1.0,-0.0008802816901408347,0.0,0.0,0.0,0.0,-1.0,-0.00035811488325454555,0.0,0.0,0.009222445948515807,1.0774906617340467,3.0,,,,,,,,,,,,
2025-10-21,策略2_完整约束,0.0,1.0,2.0,0.0,3.0,棕榈油:S; 焦煤:L,0.0,0.00023424689622864037,0.0,0.0026303204208513176,0.0,0.005491990846681949,0.0,0.024466155495094233,0.0,0.0032594524119948787,1.0,-0.032072368421052655,0.0,0.006843065693430628,0.0,0.0008826125330980705,0.0,0.022957461174881733,0.0,-0.002072538860103612,-1.0,-0.0025756600128783447,0.0,0.00280636108512633,0.0,0.0,0.0,0.0,0.0,0.0,0.0,0.0,0.0,0.0,1.0,-0.010690789473684218,0.0,0.0,1.0,0.00029420417769935686,0.0,0.0,0.0,-0.0,-1.0,0.0008585533376261149,0.0,0.0,-0.009538031958358747,1.0672135213675942,3.0,,,,,,,,,,,,
2025-10-22,策略2_完整约束,1.0,0.0,3.0,1.0,0.0,棕榈油:S; 橡胶:L; 焦煤:L,0.0,0.00023419203747065964,0.0,0.003815883615549742,0.0,0.001365498406918464,0.0,-0.04174798301913363,0.0,0.005847953216374213,1.0,0.027612574341546292,0.0,0.015405527865881341,0.0,-0.0030864197530864335,1.0,0.0,0.0,-0.0013845621322257085,-1.0,-0.01398751882935223,0.0,-0.005130597014925353,0.0,0.0,0.0,0.0,0.0,0.0,0.0,-0.0,0.0,0.0,1.0,0.009204191447182097,0.0,0.0,0.0,-0.0,0.0,0.0,0.0,-0.0,-1.0,0.004662506276450744,0.0,-0.0,0.013866697723632842,1.0820122486749724,2.0,,,,,,,,,,,,
2025-10-23,策略2_完整约束,0.0,0.0,3.0,0.0,0.0,棕榈油:S; 橡胶:L; 焦煤:L,0.0,0.007609459143057773,0.0,0.005702066999287325,0.0,0.01568181818181813,0.0,-0.01079197110943142,0.0,0.003875968992248069,1.0,0.04051260851591576,0.0,0.0058009817045960865,0.0,0.013710747456877392,1.0,0.006270627062706202,0.0,0.018370883882149025,-1.0,-0.0034919249236141647,0.0,0.003281762775433572,0.0,0.0,0.0,0.0,0.0,0.0,0.0,-0.0,0.0,0.0,1.0,0.013504202838638587,0.0,0.0,0.0,0.0,1.0,0.0020902090209020674,0.0,0.0,-1.0,0.001163974974538055,0.0,0.0,0.01675838683407871,1.100145028497479,3.0,,,,,,,,,,,,
2025-10-24,策略2_完整约束,0.0,0.0,3.0,0.0,3.0,棕榈油:S; 橡胶:L; 焦煤:L,0.0,0.019170442662948872,0.0,0.0028348688873138794,0.0,0.00044752741105402727,0.0,-0.004436048732860631,0.0,-0.007722007722007707,1.0,-0.007945967421533529,0.0,0.002218278615794045,0.0,-0.008726003490401424,1.0,0.005903574942604184,0.0,-0.0017018379850238796,-1.0,-0.0010950503723171634,0.0,-0.003271028037383217,0.0,0.0,0.0,0.0,0.0,0.0,0.0,-0.0,0.0,-0.0,1.0,-0.002648655807177843,0.0,0.0,0.0,-0.0,1.0,0.001967858314201395,0.0,-0.0,-1.0,0.0003650167907723878,0.0,-0.0,-0.0003157807022040604,1.0997976239278537,3.0,,,,,,,,,,,,
2025-10-27,策略2_完整约束,0.0,1.0,2.0,0.0,2.0,棕榈油:S; 橡胶:L,0.0,0.007409940720474184,0.0,0.006360424028268641,0.0,0.0004473272198612932,0.0,-0.0042212983690438355,0.0,0.020103761348897464,0.0,0.012014417300760805,0.0,0.021691013722886288,0.0,-0.0017605633802817433,1.0,0.002934463645255958,0.0,-0.00034094783498128667,-1.0,-0.0024117518088138112,0.0,-0.009845288326300938,0.0,0.0,0.0,0.0,0.0,0.0,0.0,-0.0,0.0,0.0,1.0,0.004004805766920268,0.0,0.0,0.0,-0.0,1.0,0.0009781545484186527,0.0,-0.0,-1.0,0.0008039172696046037,0.0,-0.0,0.005786877584943524,1.106162018145736,3.0,,,,,,,,,,,,
2025-10-28,策略2_完整约束,0.0,0.0,2.0,0.0,0.0,棕榈油:S; 橡胶:L,0.0,-0.015729319904945083,0.0,-0.010299625468164764,0.0,-0.0024591996422982376,0.0,-0.035069689768128964,0.0,0.0076287349014620975,0.0,-0.017016224772457456,0.0,-0.0004332755632582286,0.0,-0.011904761904761862,1.0,-0.0013003901170350884,0.0,0.014665757162346527,-1.0,-0.015604395604395638,0.0,0.005208333333333259,0.0,-0.0,0.0,-0.0,0.0,-0.0,0.0,-0.0,0.0,0.0,0.0,-0.0,0.0,-0.0,0.0,-0.0,1.0,-0.00043346337234502946,0.0,0.0,-1.0,0.005201465201465212,0.0,0.0,0.004768001829120183,1.1114362006715581,2.0,,,,,,,,,,,,
2025-10-29,策略2_完整约束,0.0,0.0,2.0,0.0,0.0,棕榈油:S; 橡胶:L,0.0,0.01988962979995401,0.0,0.007332071901608339,0.0,0.005378753922008039,0.0,0.010539395149659514,0.0,0.015141955835962229,0.0,0.048309178743961345,0.0,0.004768097095795509,0.0,0.007139669790272141,1.0,0.01725260416666674,0.0,-0.002016806722689113,-1.0,-0.01294931904442953,0.0,-0.0032972209138012465,0.0,0.0,0.0,0.0,0.0,0.0,0.0,0.0,0.0,0.0,0.0,0.0,0.0,0.0,0.0,0.0,1.0,0.00575086805555558,0.0,-0.0,-1.0,0.00431643968147651,0.0,-0.0,0.01006730773703209,1.1226253709337966,2.0,,,,,,,,,,,,
2025-10-30,策略2_完整约束,0.0,0.0,2.0,0.0,0.0,棕榈油:S; 橡胶:L,0.0,-0.008454514710855565,0.0,-0.002347969006809114,0.0,-0.002897904592064182,0.0,0.0014052344985069354,0.0,-0.0024860161591050423,0.0,-0.010752688172043001,0.0,-0.014236410698878377,0.0,-0.021710234824988905,1.0,-0.014399999999999968,0.0,0.008420343550016751,-1.0,-0.001583352182764064,0.0,-0.0023629489603024245,0.0,-0.0,0.0,-0.0,0.0,-0.0,0.0,0.0,0.0,-0.0,0.0,-0.0,0.0,-0.0,0.0,-0.0,1.0,-0.004799999999999989,0.0,0.0,-1.0,0.0005277840609213547,0.0,-0.0,-0.0042722159390786345,1.117829272930479,2.0,,,,,,,,,,,,
2025-10-31,策略2_完整约束,1.0,1.0,2.0,0.0,0.0,棕榈油:S; 沪铝:S,0.0,-0.010800363801728108,-1.0,0.0025888444339845496,0.0,-0.00044712720769057857,0.0,0.010699877214523701,0.0,-0.0031152647975077885,0.0,-0.0015527950310558758,0.0,0.0035010940919038003,0.0,-0.0126811594202898,0.0,-0.020454545454545503,0.0,0.009018036072144353,-1.0,-0.0072496601721794285,0.0,0.009000473709142476,0.0,-0.0,0.0,0.0,0.0,-0.0,0.0,0.0,0.0,-0.0,0.0,-0.0,0.0,0.0,0.0,-0.0,1.0,-0.006818181818181834,0.0,0.0,-1.0,0.002416553390726476,0.0,0.0,-0.004401628427455359,1.1129090038257066,2.0,,,,,,,,,,,,
2025-11-03,策略2_完整约束,1.0,0.0,3.0,2.0,1.0,棕榈油:S; 橡胶:S; 沪铝:S,0.0,0.003332950235605203,-1.0,0.014084507042253502,0.0,0.009393871617087823,0.0,0.0007158972578966694,0.0,-0.021874999999999978,0.0,-0.001166407465007735,0.0,0.002180549498473683,0.0,-0.016972477064220226,-1.0,0.0006629101756712164,0.0,0.0016550810989739428,-1.0,-0.011410314924691911,0.0,0.00516431924882621,0.0,0.0,-1.0,-0.004694835680751168,0.0,0.0,0.0,0.0,0.0,-0.0,0.0,-0.0,0.0,0.0,0.0,-0.0,0.0,0.0,0.0,0.0,-1.0,0.003803438308230637,0.0,0.0,-0.0008913973725205309,1.1119169596638419,2.0,,,,,,,,,,,,
2025-11-04,策略2_完整约束,0.0,1.0,2.0,0.0,4.0,棕榈油:S; 橡胶:S,0.0,-0.017869415807560185,0.0,-0.006249999999999978,0.0,0.004653224019499191,0.0,-0.007587417893299198,0.0,-0.008945686900958427,0.0,-0.02452316076294281,0.0,0.0017406440382941035,0.0,-0.013065795613625752,-1.0,-0.014574362371646221,0.0,-0.0036351619299405113,-1.0,-0.005540166204986097,0.0,-0.0028024287716020835,0.0,-0.0,-1.0,0.002083333333333326,0.0,0.0,0.0,-0.0,0.0,-0.0,0.0,-0.0,0.0,0.0,0.0,-0.0,-1.0,0.004858120790548741,0.0,-0.0,-1.0,0.001846722068328699,0.0,-0.0,0.008788176192210766,1.121688681816475,3.0,,,,,,,,,,,,
2025-11-05,策略2_完整约束,1.0,1.0,2.0,0.0,1.0,橡胶:S; 铁矿石:S,0.0,-0.0008164217401446239,0.0,-0.0013976240391334604,0.0,-0.0008822232024702226,0.0,-0.0036261167784356063,-1.0,0.0006447453255964408,0.0,0.012370311252992927,0.0,-0.0008688097306689402,0.0,0.012293144208037843,-1.0,-0.001680672268907557,0.0,0.019237147595356552,0.0,-0.003017641597028775,0.0,-0.0004683840749414303,0.0,-0.0,0.0,-0.0,0.0,-0.0,0.0,-0.0,0.0,0.0,0.0,0.0,0.0,-0.0,0.0,0.0,-1.0,0.0005602240896358524,0.0,0.0,-1.0,0.001005880532342925,0.0,-0.0,0.0015661046219787773,1.123445363645489,2.0,,,,,,,,,,,,
2025-11-06,策略2_完整约束,0.0,0.0,2.0,0.0,0.0,橡胶:S; 铁矿石:S,0.0,0.007587253414264028,0.0,0.010730114299043692,0.0,0.001103752759381793,0.0,0.006072830114221883,-1.0,0.0019329896907216426,0.0,0.017343318880567615,0.0,0.019130434782608674,0.0,-0.007473143390938852,-1.0,0.013131313131313105,0.0,-0.0016270745200129832,0.0,0.016530849825378446,0.0,0.009372071227741419,0.0,0.0,0.0,0.0,0.0,0.0,0.0,0.0,-1.0,-0.0006443298969072142,0.0,0.0,0.0,0.0,0.0,-0.0,-1.0,-0.004377104377104368,0.0,-0.0,0.0,0.0,0.0,0.0,-0.0050214342740115825,1.1178040565915002,2.0,,,,,,,,,,,,
2025-11-07,策略2_完整约束,1.0,1.0,2.0,0.0,0.0,棕榈油:L; 铁矿石:S,0.0,-0.004402224281742306,0.0,-0.0018462958689129394,0.0,0.001984564498346275,0.0,0.003769884506428456,-1.0,-0.021864951768488794,0.0,-0.015885315769081698,0.0,-0.005119453924914641,0.0,-0.006117647058823561,0.0,-0.003323363243602495,0.0,-0.0032594524119947677,1.0,-0.008245533669262506,0.0,-0.00232126276694522,0.0,-0.0,0.0,-0.0,0.0,0.0,0.0,0.0,-1.0,0.007288317256162931,0.0,-0.0,0.0,-0.0,0.0,-0.0,-1.0,0.0011077877478674984,0.0,-0.0,0.0,-0.0,0.0,-0.0,0.00839610500403043,1.1271892568245736,2.0,,,,,,,,,,,,
2025-11-10,策略2_完整约束,0.0,0.0,2.0,1.0,0.0,棕榈油:L; 铁矿石:S,0.0,0.0062834535722597895,0.0,0.0046242774566473965,0.0,-0.0022007042253521236,0.0,0.01597811692681761,-1.0,0.00591715976331364,0.0,-0.0035433070866142113,0.0,0.00857632933104635,0.0,-0.00520833333333337,0.0,0.0076692230743580225,0.0,0.0016350555918900334,1.0,0.0034642032332563577,0.0,0.00697999069334565,0.0,0.0,0.0,0.0,0.0,-0.0,0.0,0.0,-1.0,-0.0019723865877712132,0.0,-0.0,0.0,0.0,0.0,-0.0,0.0,0.0,0.0,0.0,1.0,0.0011547344110854525,0.0,0.0,-0.0008176521766857607,1.1262676080751943,2.0,,,,,,,,,,,,
2025-11-11,策略2_完整约束,1.0,0.0,3.0,1.0,0.0,棕榈油:L; 沪锌:S; 铁矿石:S,0.0,0.0017345050878816437,0.0,-0.002761795166858483,-1.0,0.0002205558006176389,0.0,0.013782345776619076,-1.0,-0.002614379084967311,0.0,-0.041485578822599734,0.0,-0.011904761904761862,0.0,-0.009043312708234219,0.0,-0.0009927200529450397,0.0,-0.002938295788442735,1.0,0.009205983889528202,0.0,0.00600739371534198,0.0,0.0,0.0,-0.0,0.0,0.0,0.0,0.0,-1.0,0.0008714596949891037,0.0,-0.0,0.0,-0.0,0.0,-0.0,0.0,-0.0,0.0,-0.0,1.0,0.0030686612965094007,0.0,0.0,0.003940120991498504,1.1307052387198162,2.0,,,,,,,,,,,,
2025-11-12,策略2_完整约束,0.0,1.0,2.0,0.0,1.0,棕榈油:L; 沪锌:S,0.0,0.0024241025049058784,0.0,0.009923840295407382,-1.0,0.00022050716648291946,0.0,-0.0032880870078407787,0.0,0.014416775884665833,0.0,0.004946413849958864,0.0,0.004733218588640176,0.0,0.012487992315081575,0.0,0.008280887711162643,0.0,0.0016371971185331624,1.0,-0.0029646522234891837,0.0,0.0,0.0,0.0,0.0,0.0,-1.0,-7.350238882763982e-05,0.0,-0.0,-1.0,-0.004805591961555278,0.0,0.0,0.0,0.0,0.0,0.0,0.0,0.0,0.0,0.0,1.0,-0.0009882174078297279,0.0,0.0,-0.0058673117582126455,1.1240710385776027,3.0,,,,,,,,,,,,
2025-11-13,策略2_完整约束,1.0,0.0,3.0,1.0,0.0,棕榈油:L; 沪锌:S; 铁矿石:L,0.0,0.008175955780746147,0.0,0.007769652650822634,-1.0,0.002645502645502562,0.0,0.019095753679580607,1.0,-0.0019379844961240345,0.0,-0.004101722723543921,0.0,0.0064239828693790635,0.0,-0.0023719165085388516,0.0,0.011169513797634645,0.0,0.003922850604772821,1.0,0.0009149130832570851,0.0,0.00413412953605885,0.0,0.0,0.0,0.0,-1.0,-0.0008818342151675207,0.0,0.0,0.0,-0.0,0.0,-0.0,0.0,0.0,0.0,-0.0,0.0,0.0,0.0,0.0,1.0,0.0003049710277523617,0.0,0.0,-0.0005768631874151591,1.1234226033754078,2.0,,,,,,,,,,,,
2025-11-14,策略2_完整约束,0.0,1.0,2.0,0.0,0.0,沪锌:S; 铁矿石:L,0.0,-0.007424328954882875,0.0,-0.00952380952380949,-1.0,-0.01385224274406327,0.0,-0.007989043597352197,1.0,0.0,0.0,-0.018121911037891292,0.0,0.0,0.0,-0.022824536376604865,0.0,-0.011371020142949995,0.0,0.006838163464669478,0.0,-0.012340036563071255,0.0,-0.00045745654162854255,0.0,-0.0,0.0,-0.0,-1.0,0.00461741424802109,0.0,-0.0,1.0,0.0,0.0,-0.0,0.0,0.0,0.0,-0.0,0.0,-0.0,0.0,0.0,1.0,-0.004113345521023752,0.0,-0.0,0.0005040687269973381,1.123988885576971,3.0,,,,,,,,,,,,
2025-11-17,策略2_完整约束,0.0,0.0,2.0,0.0,0.0,沪锌:S; 铁矿石:L,0.0,-0.005178365937859586,0.0,-0.005265567765567747,-1.0,0.0017837235228539416,0.0,-0.024892272936451465,1.0,0.02071197411003234,0.0,0.015100671140939603,0.0,-0.0017021276595744483,0.0,-0.012652068126520644,0.0,0.006572461386789463,0.0,-0.015847347994825345,0.0,0.004164738546968971,0.0,-0.0013729977116704317,0.0,-0.0,0.0,-0.0,-1.0,-0.0005945745076179806,0.0,-0.0,1.0,0.00690399137001078,0.0,0.0,0.0,-0.0,0.0,-0.0,0.0,0.0,0.0,-0.0,0.0,0.0,0.0,-0.0,0.0063094168623927995,1.1310806000047724,2.0,,,,,,,,,,,,
2025-11-18,策略2_完整约束,1.0,0.0,3.0,1.0,1.0,沪金:S; 沪锌:S; 铁矿石:L,0.0,-0.009253903990746104,0.0,-0.011967779056386685,-1.0,-0.00689962163365232,-1.0,-0.011777072249871345,1.0,0.00443880786303108,0.0,-0.04214876033057846,0.0,-0.004688832054560943,0.0,0.0004928536224741986,0.0,-0.0013059092393078453,0.0,-0.0006572461386789019,0.0,0.003225806451612856,0.0,-0.006416131989000928,0.0,-0.0,0.0,-0.0,-1.0,0.0022998738778841066,0.0,-0.0,1.0,0.00147960262101036,0.0,-0.0,0.0,-0.0,0.0,0.0,0.0,-0.0,0.0,-0.0,0.0,0.0,0.0,-0.0,0.003779476498894467,1.135355492550846,2.0,,,,,,,,,,,,
2025-11-19,策略2_完整约束,0.0,0.0,3.0,0.0,2.0,沪金:S; 沪锌:S; 铁矿石:L,0.0,0.005370694687682365,0.0,0.004891684136967056,-1.0,0.005602868668758365,-1.0,0.02031823214014361,1.0,-0.0006313131313131493,0.0,-0.016824849007765263,0.0,0.008993576017130689,0.0,-0.008374384236453203,0.0,0.009480222294867557,0.0,-0.006247944755014778,0.0,0.01653651814423518,0.0,0.0032287822878229733,0.0,0.0,0.0,0.0,-1.0,-0.0018676228895861218,-1.0,-0.0067727440467145366,1.0,-0.00021043771043771642,0.0,-0.0,0.0,0.0,0.0,-0.0,0.0,0.0,0.0,-0.0,0.0,0.0,0.0,0.0,-0.008850804646738375,1.1253066828816771,3.0,,,,,,,,,,,,
2025-11-20,策略2_完整约束,0.0,0.0,3.0,0.0,1.0,沪金:S; 沪锌:S; 铁矿石:L,0.0,0.00023226106143314773,0.0,-0.0018544274455262189,-1.0,-0.002228660574994379,-1.0,-0.004893304682679678,1.0,-0.0037902716361338795,0.0,-0.022817025010969716,0.0,-0.00339558573853993,0.0,0.0014903129657228842,0.0,-0.012305699481865329,0.0,-0.0016545334215750662,0.0,-0.023271577044735703,0.0,-0.003218390804597737,0.0,0.0,0.0,-0.0,-1.0,0.0007428868583314596,-1.0,0.001631101560893226,1.0,-0.0012634238787112932,0.0,-0.0,0.0,-0.0,0.0,0.0,0.0,-0.0,0.0,-0.0,0.0,-0.0,0.0,-0.0,0.0011105645405133926,1.1265564085808883,3.0,,,,,,,,,,,,
2025-11-21,策略2_完整约束,0.0,2.0,1.0,0.0,0.0,沪金:S,0.0,-0.005456867525833076,0.0,-0.008824895494658591,0.0,0.00022336385972754336,-1.0,-0.009107818613302565,0.0,-0.0038046924540265925,0.0,-0.009429726088908796,0.0,-0.00638841567291315,0.0,-0.005952380952380931,0.0,-0.0006557377049180024,0.0,-0.0016572754391780409,0.0,-0.011103400416377474,0.0,0.012453874538745469,0.0,-0.0,0.0,-0.0,-1.0,-7.445461990918112e-05,-1.0,0.0030359395377675216,1.0,-0.0012682308180088642,0.0,-0.0,0.0,-0.0,0.0,-0.0,0.0,-0.0,0.0,-0.0,0.0,-0.0,0.0,0.0,0.0016932540998494763,1.1284639548384297,3.0,,,,,,,,,,,,
2025-11-24,策略2_完整约束,1.0,0.0,2.0,0.0,0.0,沪金:S; 甲醇:L,0.0,0.004903105300023247,0.0,0.0018744142455482393,0.0,0.0,-1.0,0.003646406455649842,0.0,0.006365372374283806,0.0,-0.005893019038984537,0.0,0.0030004286326617002,1.0,0.03642714570858274,0.0,0.005249343832020914,0.0,-0.00033200531208499307,0.0,-0.007485380116959095,0.0,0.011389521640091216,0.0,0.0,0.0,0.0,0.0,0.0,-1.0,-0.0012154688185499474,0.0,0.0,0.0,-0.0,0.0,0.0,0.0,0.0,0.0,0.0,0.0,-0.0,0.0,-0.0,0.0,0.0,-0.0012154688185499474,1.127092342088466,1.0,,,,,,,,,,,,
2025-11-25,策略2_完整约束,0.0,1.0,1.0,0.0,0.0,甲醇:L,0.0,0.006040892193308611,0.0,0.003975678203928856,0.0,-0.0013398838767306742,0.0,0.017391865164674503,0.0,0.0044275774826059155,0.0,-0.009575923392612817,0.0,-0.00512820512820511,1.0,-0.004814636494944624,0.0,-0.012728459530026104,0.0,0.0006642311524409639,0.0,-0.014847984916332768,0.0,0.009909909909909809,0.0,0.0,0.0,0.0,0.0,-0.0,-1.0,-0.0057972883882248345,0.0,0.0,0.0,-0.0,0.0,-0.0,1.0,-0.001604878831648208,0.0,-0.0,0.0,0.0,0.0,-0.0,0.0,0.0,-0.007402167219873043,1.1187494161000888,2.0,,,,,,,,,,,,
2025-11-26,策略2_完整约束,0.0,0.0,1.0,0.0,0.0,甲醇:L,0.0,-0.00011547344110851565,0.0,-0.0004658746797111535,0.0,-0.00022361359570666206,0.0,0.0002324352879028435,0.0,0.0037783375314861534,0.0,-0.0013812154696132284,0.0,0.006013745704467333,1.0,0.013062409288824295,0.0,0.004628099173553668,0.0,0.0006637902422834685,0.0,0.009569377990430672,0.0,-0.003122212310437078,0.0,-0.0,0.0,-0.0,0.0,-0.0,0.0,0.0,0.0,0.0,0.0,-0.0,0.0,0.0,1.0,0.004354136429608098,0.0,0.0,0.0,0.0,0.0,0.0,0.0,-0.0,0.004354136429608098,1.123620603688333,1.0,,,,,,,,,,,,
2025-11-27,策略2_完整约束,1.0,0.0,2.0,0.0,0.0,甲醇:L; 豆粕:L,0.0,0.004619471070562486,0.0,0.002097413190398578,0.0,0.0026839633191679813,0.0,0.00046476254858873745,0.0,0.0031367628607277265,0.0,-0.012448132780082943,0.0,-0.01110162254483349,1.0,0.009551098376313183,0.0,0.005593945376768605,1.0,0.013266998341625147,0.0,0.010426540284360186,0.0,0.0035794183445190253,0.0,0.0,0.0,0.0,0.0,0.0,0.0,0.0,0.0,0.0,0.0,-0.0,0.0,-0.0,1.0,0.003183699458771061,0.0,0.0,0.0,0.0,0.0,0.0,0.0,0.0,0.003183699458771061,1.1271978739961594,1.0,,,,,,,,,,,,
2025-11-28,策略2_完整约束,1.0,0.0,3.0,1.0,0.0,沪铝:L; 甲醇:L; 豆粕:L,0.0,0.005058052649729916,1.0,0.005116279069767415,0.0,0.00044612982377878474,0.0,0.007137125723214677,0.0,-0.0068792995622264375,0.0,-0.0037348272642390157,0.0,0.014680483592400595,1.0,0.009933774834437026,0.0,0.008507853403141308,1.0,-0.06873977086743044,0.0,0.011491557223264559,0.0,0.00044583147570209647,0.0,0.0,0.0,0.0,0.0,0.0,0.0,0.0,0.0,-0.0,0.0,-0.0,0.0,0.0,1.0,0.0033112582781456754,0.0,0.0,1.0,-0.022913256955810146,0.0,0.0,0.0,0.0,-0.019601998677664472,1.1051025427606205,2.0,,,,,,,,,,,,
2025-12-01,策略2_完整约束,0.0,0.0,3.0,0.0,1.0,沪铝:L; 甲醇:L; 豆粕:L,0.0,0.021159784970833817,1.0,0.011800092549745456,0.0,0.0073578595317724815,0.0,0.009812143575981258,0.0,0.00881612090680095,0.0,0.024367385192127555,0.0,0.013191489361702224,1.0,0.00046838407494154133,0.0,-0.009733939000648895,1.0,-0.0035149384885764245,0.0,0.0030141432877348606,0.0,-0.0035650623885917776,0.0,0.0,1.0,0.003933364183248485,0.0,0.0,0.0,0.0,0.0,0.0,0.0,0.0,0.0,0.0,1.0,0.00015612802498051379,0.0,-0.0,1.0,-0.0011716461628588082,0.0,0.0,0.0,-0.0,0.0029178460453701902,1.1083270618447432,3.0,,,,,,,,,,,,
2025-12-02,策略2_完整约束,0.0,0.0,3.0,0.0,2.0,沪铝:L; 甲醇:L; 豆粕:L,0.0,-0.0040322580645161255,1.0,0.002058083695403612,0.0,0.006861443116423116,0.0,-0.005045262021426855,0.0,-0.0006242197253433224,0.0,0.003202195791399909,0.0,-0.002099958000839952,1.0,-0.0018726591760299671,0.0,0.007208387942332806,1.0,0.004585537918871285,0.0,0.007859454461396131,0.0,0.0031305903398926027,0.0,-0.0,1.0,0.0006860278984678706,0.0,0.0,0.0,-0.0,0.0,-0.0,0.0,0.0,0.0,-0.0,1.0,-0.0006242197253433224,0.0,0.0,1.0,0.0015285126396237618,0.0,0.0,0.0,0.0,0.0015903208127483102,1.110089657438527,3.0,,,,,,,,,,,,
2025-12-03,策略2_完整约束,0.0,1.0,2.0,0.0,1.0,沪铝:L; 豆粕:L,0.0,0.003261358524516478,1.0,0.001369237790963096,0.0,0.00043965706748738675,0.0,-0.0017946203125976945,0.0,-0.0012492192379762734,0.0,-0.02371181030551761,0.0,-0.00462962962962965,0.0,-0.0018761726078799779,0.0,-0.011711125569290881,1.0,-0.000351123595505598,0.0,0.0011467889908256534,0.0,0.007133303611234876,0.0,0.0,1.0,0.00045641259698769865,0.0,0.0,0.0,-0.0,0.0,-0.0,0.0,-0.0,0.0,-0.0,1.0,-0.000625390869293326,0.0,-0.0,1.0,-0.000117041198501866,0.0,0.0,0.0,0.0,-0.00028601947080749335,1.1097721501821576,3.0,,,,,,,,,,,,
2025-12-04,策略2_完整约束,1.0,1.0,2.0,0.0,1.0,沪铝:L; 甲醇:S,0.0,0.019840825019616704,1.0,0.005469462169553241,0.0,0.004834102395077977,0.0,-0.0034284519703147165,0.0,-0.02814258911819889,0.0,0.019617001401214473,0.0,-0.0012684989429175841,-1.0,-0.007048872180451138,0.0,-0.009874917709019049,0.0,-0.004917456972251544,0.0,-0.007331042382588748,0.0,0.012394864984506482,0.0,0.0,1.0,0.0018231540565177469,0.0,0.0,0.0,-0.0,0.0,-0.0,0.0,0.0,0.0,-0.0,0.0,-0.0,0.0,-0.0,1.0,-0.001639152324083848,0.0,-0.0,0.0,0.0,0.00018400173243389895,1.109976350180398,2.0,,,,,,,,,,,,
2025-12-05,策略2_完整约束,1.0,0.0,3.0,0.0,0.0,沪金:S; 沪铝:L; 甲醇:S,0.0,0.019784568036931294,1.0,0.015412511332729029,0.0,0.019243385086376463,-1.0,0.007992280422059572,0.0,-0.01029601029601035,0.0,0.044434264773247856,0.0,-0.009737510584250653,-1.0,-0.017037387600567944,0.0,0.0016622340425531679,0.0,-0.004235792446170117,0.0,0.01200092314793455,0.0,0.003498032356799241,0.0,0.0,1.0,0.005137503777576343,0.0,0.0,0.0,0.0,0.0,-0.0,0.0,0.0,0.0,-0.0,-1.0,0.0056791292001893146,0.0,0.0,0.0,-0.0,0.0,0.0,0.0,0.0,0.010816632977765656,1.1219825569742994,2.0,,,,,,,,,,,,
2025-12-08,策略2_完整约束,0.0,0.0,3.0,0.0,0.0,沪金:S; 沪铝:L; 甲醇:S,0.0,0.0020478551411942103,1.0,-0.0022321428571429047,0.0,-0.0008581849388543672,-1.0,-0.0024348622325812697,0.0,-0.011053315994798418,0.0,-0.04078947368421049,0.0,0.0034202650705430493,-1.0,0.00577756379393346,0.0,0.0,0.0,-0.015242821694434583,0.0,-0.007753705815279344,0.0,-0.014814814814814836,0.0,0.0,1.0,-0.0007440476190476349,0.0,-0.0,-1.0,0.0008116207441937565,0.0,-0.0,0.0,-0.0,0.0,0.0,-1.0,-0.00192585459797782,0.0,0.0,0.0,-0.0,0.0,-0.0,0.0,-0.0,-0.0018582814728316985,1.1198975975758336,3.0,,,,,,,,,,,,
2025-12-09,策略2_完整约束,0.0,1.0,2.0,0.0,0.0,沪金:S; 甲醇:S,0.0,-0.02022157685274817,0.0,-0.023489932885906062,0.0,-0.009233412067854885,-1.0,-0.007468446855116384,0.0,-0.0039447731755424265,0.0,-0.010059442158207643,0.0,-0.010651896037494724,-1.0,-0.011010052656773572,0.0,-0.005310321938267526,0.0,-0.005399568034557212,0.0,-0.00850379223167086,0.0,-0.0110570544007077,0.0,-0.0,1.0,-0.007829977628635354,0.0,-0.0,-1.0,0.0024894822850387945,0.0,-0.0,0.0,-0.0,0.0,-0.0,-1.0,0.0036700175522578573,0.0,-0.0,0.0,-0.0,0.0,-0.0,0.0,-0.0,-0.0016704777913387025,1.1180268335105097,3.0,,,,,,,,,,,,
2025-12-10,策略2_完整约束,1.0,0.0,3.0,1.0,2.0,棕榈油:S; 沪金:S; 甲醇:S,0.0,0.008343396640684952,0.0,0.007560137457044647,0.0,0.00021673168617253324,-1.0,0.005107509931269405,0.0,0.015181518151815121,0.0,-0.011547344110854452,0.0,-0.006029285099052539,-1.0,-0.006292352371732868,0.0,0.01534868201534878,0.0,-0.0032573289902280145,-1.0,-0.011590171534538674,0.0,0.0,0.0,0.0,0.0,0.0,0.0,0.0,-1.0,-0.001702503310423135,0.0,0.0,0.0,-0.0,0.0,-0.0,-1.0,0.0020974507905776227,0.0,0.0,0.0,-0.0,0.0,-0.0,0.0,0.0,0.00039494748015448766,1.1184683953911498,2.0,,,,,,,,,,,,
2025-12-11,策略2_完整约束,0.0,1.0,2.0,0.0,4.0,棕榈油:S; 甲醇:S,0.0,0.005008165487207394,0.0,-0.0009095043201454711,0.0,-0.0034669555796316143,0.0,0.0015683814303639743,0.0,-0.015604681404421283,0.0,-0.032710280373831724,0.0,0.022963604852686226,-1.0,0.03263516804676092,0.0,-0.0019717384160368168,0.0,-0.001452432824981864,-1.0,0.013367729831144537,0.0,0.0,0.0,0.0,0.0,-0.0,0.0,-0.0,-1.0,-0.0005227938101213248,0.0,-0.0,0.0,-0.0,0.0,0.0,-1.0,-0.010878389348920306,0.0,-0.0,0.0,-0.0,-1.0,-0.004455909943714846,0.0,0.0,-0.015857093102756476,1.1007327379129417,3.0,,,,,,,,,,,,
2025-12-12,策略2_完整约束,0.0,1.0,1.0,0.0,0.0,棕榈油:S,0.0,0.020149496262593436,0.0,0.00910332271279013,0.0,0.026527505979560884,0.0,0.013320805929637691,0.0,0.004623513870541718,0.0,-0.017874396135265647,0.0,-0.010165184243964398,0.0,-0.009905660377358516,0.0,0.0029634507737898996,0.0,0.0072727272727273196,-1.0,-0.010414255959268703,0.0,-0.0013416815742397503,0.0,0.0,0.0,0.0,0.0,0.0,0.0,0.0,0.0,0.0,0.0,-0.0,0.0,-0.0,-1.0,0.0033018867924528386,0.0,0.0,0.0,0.0,-1.0,0.0034714186530895677,0.0,-0.0,0.006773305445542406,1.1081883369607342,2.0,,,,,,,,,,,,
2025-12-15,策略2_完整约束,1.0,0.0,2.0,1.0,0.0,棕榈油:S; 焦煤:S,0.0,-0.017840076457470544,0.0,-0.011276499774469984,0.0,-0.007413683541622529,0.0,0.012877835699421025,0.0,-0.009861932938856066,-1.0,0.043777668470241116,0.0,0.004706889174154849,0.0,0.01191043353978083,0.0,-0.001969796454366346,0.0,-0.0043321299638988675,-1.0,-0.007015902712815714,0.0,-0.011195700850873291,0.0,-0.0,0.0,-0.0,0.0,-0.0,0.0,0.0,0.0,-0.0,0.0,0.0,0.0,0.0,0.0,0.0,0.0,-0.0,0.0,-0.0,-1.0,0.002338634237605238,0.0,-0.0,0.002338634237605238,1.1107799841472654,1.0,,,,,,,,,,,,
2025-12-16,策略2_完整约束,1.0,1.0,2.0,3.0,0.0,PTA:L; 棕榈油:S,0.0,-0.006162828413882604,0.0,-0.003421532846715314,0.0,-0.01707212974818606,0.0,-0.011941087920582572,0.0,0.010624169986719778,0.0,0.006126295947219695,1.0,-0.005962521294718859,0.0,0.002354048964218425,0.0,-0.0019736842105263497,0.0,0.006889050036258171,-1.0,-0.009656146961846468,0.0,-0.0027173913043477826,0.0,-0.0,0.0,-0.0,0.0,-0.0,0.0,-0.0,0.0,0.0,-1.0,-0.002042098649073232,0.0,-0.0,0.0,0.0,0.0,-0.0,0.0,0.0,-1.0,0.0032187156539488226,0.0,-0.0,0.0011766170048755908,1.1120869467652887,2.0,,,,,,,,,,,,
2025-12-17,策略2_完整约束,0.0,0.0,2.0,1.0,0.0,PTA:L; 棕榈油:S,0.0,0.00979112271540461,0.0,0.003204394598306237,0.0,-0.0023881893182805536,0.0,0.008544193036997383,0.0,0.009198423127463773,0.0,-0.005152224824355955,1.0,0.003427592116538092,0.0,0.012682010333489924,0.0,0.014502307185233931,0.0,-0.007562117392870049,-1.0,-0.008085612366230732,0.0,0.0018165304268846771,0.0,0.0,0.0,0.0,0.0,-0.0,0.0,0.0,0.0,0.0,0.0,-0.0,1.0,0.0011425307055126972,0.0,0.0,0.0,0.0,0.0,-0.0,-1.0,0.0026952041220769107,0.0,0.0,0.0038377348275896077,1.1163548415721976,2.0,,,,,,,,,,,,
2025-12-18,策略2_完整约束,0.0,0.0,2.0,0.0,0.0,PTA:L; 棕榈油:S,0.0,-0.0023701788407670676,0.0,0.0018252338580879712,0.0,0.002611534276387273,0.0,0.0007961458375862485,0.0,0.01236979166666674,0.0,0.06073446327683607,1.0,0.01366353543979515,0.0,0.008348794063079756,0.0,-0.004548408057180042,0.0,-0.0032656023222060737,-1.0,0.0031167585710860646,0.0,-0.0072529465095194645,0.0,-0.0,0.0,0.0,0.0,0.0,0.0,0.0,0.0,0.0,0.0,0.0,1.0,0.00455451181326505,0.0,0.0,0.0,-0.0,0.0,-0.0,-1.0,-0.0010389195236953548,0.0,-0.0,0.003515592289569695,1.1202794900456527,2.0,,,,,,,,,,,,
2025-12-19,策略2_完整约束,0.0,0.0,2.0,0.0,0.0,PTA:L; 棕榈油:S,0.0,0.0062634989200864855,0.0,0.010475973582327436,0.0,0.0017364879531147626,0.0,-0.0006119326874044484,0.0,0.003215434083601254,0.0,-0.016422547714158853,1.0,0.028222409435551876,0.0,-0.011959521619135272,0.0,-0.008485639686684032,0.0,-0.004368401892974161,-1.0,-0.009082217973231388,0.0,0.0009132420091324533,0.0,0.0,0.0,0.0,0.0,0.0,0.0,-0.0,0.0,0.0,0.0,-0.0,1.0,0.009407469811850625,0.0,-0.0,0.0,-0.0,0.0,-0.0,-1.0,0.003027405991077129,0.0,0.0,0.012434875802927754,1.1342100263689376,2.0,,,,,,,,,,,,
2025-12-22,策略2_完整约束,0.0,1.0,1.0,0.0,0.0,PTA:L,0.0,0.012234385061171915,0.0,0.0015776425512734615,0.0,0.0017334777898159182,0.0,0.021389937748749865,0.0,0.0019230769230769162,0.0,0.005415162454873723,1.0,0.032363785333879624,0.0,0.0032588454376163423,0.0,0.0009874917709018494,0.0,0.002193784277879418,0.0,0.014712976362759367,0.0,0.0,0.0,0.0,0.0,0.0,0.0,0.0,0.0,0.0,0.0,0.0,0.0,0.0,1.0,0.010787928444626541,0.0,0.0,0.0,0.0,0.0,0.0,-1.0,-0.004904325454253122,0.0,0.0,0.005883602990373419,1.1408832678717935,2.0,,,,,,,,,,,,
2025-12-23,策略2_完整约束,2.0,0.0,3.0,0.0,0.0,PTA:L; 棕榈油:L; 沪铝:L,0.0,-0.0041348600508905875,1.0,-0.0011251125112511362,0.0,-0.0010815487778498278,0.0,0.01336850308734494,0.0,-0.0038387715930902067,0.0,0.01032315978456011,1.0,0.008333333333333304,0.0,0.00046403712296982924,0.0,0.005590266359750018,0.0,0.0014593214155418366,1.0,0.008557166627050083,0.0,-0.0013686131386860811,0.0,-0.0,0.0,-0.0,0.0,-0.0,0.0,0.0,0.0,-0.0,0.0,0.0,1.0,0.002777777777777768,0.0,0.0,0.0,0.0,0.0,0.0,0.0,0.0,0.0,-0.0,0.002777777777777768,1.1440523880603262,1.0,,,,,,,,,,,,
2025-12-24,策略2_完整约束,0.0,0.0,3.0,0.0,0.0,PTA:L; 棕榈油:L; 沪铝:L,0.0,0.02310231023102305,1.0,0.006082451002477951,0.0,0.00606323083585969,0.0,0.00043382236945888053,0.0,0.0012845215157353262,0.0,0.005775211017325699,1.0,0.0023612750885477762,0.0,0.007421150278293043,0.0,0.023544800523217724,0.0,-0.006193078324225887,1.0,0.0002356823002591657,0.0,0.0031978072179077444,0.0,0.0,1.0,0.00202748366749265,0.0,0.0,0.0,0.0,0.0,0.0,0.0,0.0,1.0,0.0007870916961825921,0.0,0.0,0.0,0.0,0.0,-0.0,1.0,7.856076675305523e-05,0.0,0.0,0.0028931361304282976,1.1473622873593263,3.0,,,,,,,,,,,,
2025-12-25,策略2_完整约束,0.0,0.0,3.0,0.0,1.0,PTA:L; 棕榈油:L; 沪铝:L,0.0,0.0011446409989595008,1.0,-0.0024630541871921707,0.0,-0.007102884201463655,0.0,-0.005834351716797359,0.0,-0.0012828736369467908,0.0,-0.007067137809187329,1.0,0.011385944248134994,0.0,-0.004604051565377576,0.0,0.005111821086261958,0.0,0.011730205278592365,1.0,0.006361922714420265,0.0,-0.0031876138433515333,0.0,0.0,1.0,-0.0008210180623973903,0.0,-0.0,0.0,-0.0,0.0,-0.0,0.0,-0.0,1.0,0.0037953147493783312,0.0,-0.0,0.0,0.0,0.0,0.0,1.0,0.002120640904806755,0.0,-0.0,0.005094937591787696,1.153208026608593,3.0,,,,,,,,,,,,
2025-12-26,策略2_完整约束,0.0,0.0,3.0,0.0,2.0,PTA:L; 棕榈油:L; 沪铝:L,0.0,0.02608876416172956,1.0,0.005836139169472565,0.0,0.004552352048558417,0.0,0.007474523176969727,0.0,0.005780346820809301,0.0,-0.007562277580071219,1.0,0.024844720496894457,0.0,-0.00046253469010171244,0.0,0.0031786395422759295,0.0,0.010869565217391353,1.0,0.0030437836572232424,0.0,0.015075376884422065,0.0,0.0,1.0,0.0019453797231575216,0.0,0.0,0.0,0.0,0.0,0.0,0.0,-0.0,1.0,0.00828157349896482,0.0,-0.0,0.0,0.0,0.0,0.0,1.0,0.0010145945524077475,0.0,0.0,0.011241547774530089,1.166171869733685,3.0,,,,,,,,,,,,
2025-12-29,策略2_完整约束,0.0,1.0,2.0,0.0,2.0,棕榈油:L; 沪铝:L,0.0,0.0014181523500811366,1.0,0.00736442758312883,0.0,0.003668536901165309,0.0,-0.008973728229853428,0.0,0.01724137931034475,0.0,-0.02465262214253694,0.0,-0.02992424242424241,0.0,0.0,0.0,-0.007287705956907531,0.0,-0.005734767025089571,1.0,-0.006535947712418277,0.0,0.012151215121512182,0.0,0.0,1.0,0.0024548091943762764,0.0,0.0,0.0,-0.0,0.0,0.0,0.0,-0.0,1.0,-0.00997474747474747,0.0,0.0,0.0,-0.0,0.0,-0.0,1.0,-0.0021786492374727593,0.0,0.0,-0.009698587517843953,1.154861649794225,3.0,,,,,,,,,,,,
2025-12-30,策略2_完整约束,1.0,0.0,3.0,1.0,2.0,PTA:S; 棕榈油:L; 沪铝:L,0.0,-0.007788792231438357,1.0,-0.00022153300841820656,0.0,0.005375188131584663,0.0,-0.02218074227049771,0.0,-0.00941619585687381,0.0,0.028952205882353033,-1.0,0.0042951971885982765,0.0,0.026839426191577864,0.0,0.00031918289179699855,0.0,0.0014419610670513006,1.0,0.017152255639097724,0.0,-0.008448199199644235,0.0,-0.0,1.0,-7.384433613940218e-05,0.0,0.0,0.0,-0.0,0.0,-0.0,0.0,0.0,0.0,0.0,0.0,0.0,0.0,0.0,0.0,0.0,1.0,0.005717418546365908,0.0,-0.0,0.0056435742102265065,1.1613791972173835,2.0,,,,,,,,,,,,
2025-12-31,策略2_完整约束,0.0,0.0,3.0,0.0,1.0,PTA:S; 棕榈油:L; 沪铝:L,0.0,0.0015292078703230683,1.0,0.01595391092399745,0.0,-0.004491017964071808,0.0,-0.00739206368547185,0.0,0.0006337135614702394,0.0,-0.004019651630192023,-1.0,-0.006609642301710683,0.0,-0.0013519603424966276,0.0,-0.004148053605615876,0.0,-0.010439164866810624,1.0,-0.008547008547008517,0.0,-0.0017937219730941312,0.0,0.0,1.0,0.00531797030799915,0.0,-0.0,0.0,-0.0,0.0,0.0,0.0,-0.0,-1.0,0.0022032141005702277,0.0,-0.0,0.0,-0.0,0.0,-0.0,1.0,-0.0028490028490028387,0.0,-0.0,0.004672181559566538,1.1668053716862867,3.0,,,,,,,,,,,,
2026-01-05,策略2_完整约束,0.0,1.0,2.0,0.0,1.0,PTA:S; 沪铝:L,0.0,0.03165716612377856,1.0,0.03140676117775354,0.0,0.023415682062298604,0.0,0.017840337166005193,0.0,0.00949968334388851,0.0,-0.030941704035874484,-1.0,-0.012524461839530376,0.0,-0.0004512635379061436,0.0,0.011855174623518039,0.0,0.0018188432157149048,0.0,-0.011183597390493905,0.0,-0.0008984725965858198,0.0,0.0,1.0,0.010468920392584513,0.0,0.0,0.0,0.0,0.0,0.0,0.0,-0.0,-1.0,0.004174820613176792,0.0,-0.0,0.0,0.0,0.0,0.0,1.0,-0.0037278657968313014,0.0,-0.0,0.010915875208930005,1.1795420735167235,3.0,,,,,,,,,,,,
2026-01-06,策略2_完整约束,0.0,0.0,2.0,0.0,0.0,PTA:S; 沪铝:L,0.0,0.03917118894918592,1.0,0.03171917953055625,0.0,0.019941225860621303,0.0,0.010030150753768785,0.0,0.005018820577164407,0.0,0.01434521055067095,-1.0,0.020610384462940834,0.0,0.0352144469525959,0.0,0.01646611779607343,0.0,0.007988380537400142,0.0,0.001413760603204528,0.0,-0.0008992805755395628,0.0,0.0,1.0,0.01057305984351875,0.0,0.0,0.0,0.0,0.0,0.0,0.0,0.0,-1.0,-0.006870128154313611,0.0,0.0,0.0,0.0,0.0,0.0,0.0,0.0,0.0,-0.0,0.0037029316892051396,1.1839098372394994,2.0,,,,,,,,,,,,
2026-01-07,策略2_完整约束,1.0,0.0,3.0,0.0,0.0,PTA:S; 沪铝:L; 玉米:S,0.0,-0.01813520698822635,1.0,0.0006148800983807323,0.0,0.0014406256431365172,0.0,-0.006049871639236648,0.0,0.03370786516853941,0.0,0.06204379562043805,-1.0,0.0,0.0,-0.011338857392062751,0.0,0.008099688473520272,0.0,0.012608069164265157,0.0,0.007294117647058895,-1.0,0.011701170117011772,0.0,-0.0,1.0,0.00020496003279357744,0.0,0.0,0.0,-0.0,0.0,0.0,0.0,0.0,-1.0,-0.0,0.0,-0.0,0.0,0.0,0.0,0.0,0.0,0.0,0.0,0.0,0.00020496003279357744,1.1841524914385646,2.0,,,,,,,,,,,,
2026-01-08,策略2_完整约束,0.0,0.0,3.0,0.0,0.0,PTA:S; 沪铝:L; 玉米:S,0.0,-0.021177835799245703,1.0,-0.02642359688652196,0.0,-0.014591039868475097,0.0,-0.0009610571628790865,0.0,-0.018115942028985477,0.0,0.022336769759450092,-1.0,-0.012427184466019425,0.0,-0.015880017644464006,0.0,-0.003708281829419069,0.0,-0.010316613304873656,0.0,0.005839757066105955,-1.0,0.008007117437722311,0.0,-0.0,1.0,-0.008807865628840653,0.0,-0.0,0.0,-0.0,0.0,-0.0,0.0,0.0,-1.0,0.004142394822006475,0.0,-0.0,0.0,-0.0,0.0,-0.0,0.0,0.0,-1.0,-0.002669039145907437,-0.007334509952741615,1.1754673132045446,3.0,,,,,,,,,,,,
2026-01-09,策略2_完整约束,0.0,2.0,1.0,0.0,1.0,PTA:S,0.0,0.003556609365737984,0.0,0.026088786029875966,0.0,0.0016684045881125709,0.0,0.008557628715153198,0.0,0.0018450184501845879,0.0,0.004621848739495782,-1.0,0.004325599685411019,0.0,0.01882563872702825,0.0,-0.005583126550868456,0.0,0.0014378145219267058,0.0,0.008128193218764457,0.0,-0.0013239187996469948,0.0,0.0,1.0,0.008696262009958655,0.0,0.0,0.0,0.0,0.0,0.0,0.0,0.0,-1.0,-0.001441866561803673,0.0,0.0,0.0,-0.0,0.0,0.0,0.0,0.0,-1.0,0.00044130626654899824,0.00769570171470398,1.184513359022351,3.0,,,,,,,,,,,,
2026-01-12,策略2_完整约束,2.0,1.0,2.0,2.0,0.0,沪锌:S; 焦煤:L,0.0,0.023626698168930815,0.0,0.010867336477342615,-1.0,0.006662502602539977,0.0,0.019672522057070152,0.0,0.009821976672805377,1.0,0.03554997908824764,0.0,0.006656225528582693,0.0,-0.00439947206335245,0.0,0.006238303181534732,0.0,0.001435750179468842,0.0,0.004837595024187902,0.0,0.011931064958020432,0.0,0.0,0.0,0.0,0.0,0.0,0.0,0.0,0.0,0.0,0.0,0.0,-1.0,-0.0022187418428608976,0.0,-0.0,0.0,0.0,0.0,0.0,0.0,0.0,0.0,0.0,-0.0022187418428608976,1.1818852296692606,1.0,,,,,,,,,,,,
2026-01-13,策略2_完整约束,1.0,0.0,3.0,0.0,2.0,沪金:L; 沪锌:S; 焦煤:L,0.0,-0.014425851125216438,0.0,-0.011156186612576113,-1.0,0.004343329886246083,1.0,0.0040534746852711745,0.0,-0.0036474164133738496,1.0,-0.03796445880452337,0.0,-0.000388953714507978,0.0,0.0,0.0,-0.009609423434593922,0.0,-0.01039426523297493,0.0,0.0061898211829436445,0.0,-0.0026200873362445254,0.0,-0.0,0.0,-0.0,-1.0,-0.0014477766287486944,0.0,0.0,0.0,-0.0,1.0,-0.012654819601507791,0.0,-0.0,0.0,0.0,0.0,-0.0,0.0,-0.0,0.0,0.0,0.0,-0.0,-0.014102596230256486,1.165217579484731,2.0,,,,,,,,,,,,
2026-01-14,策略2_完整约束,0.0,0.0,3.0,0.0,3.0,沪金:L; 沪锌:S; 焦煤:L,0.0,0.016003122560499516,0.0,0.009025641025641074,-1.0,0.008031301482701814,1.0,0.012751834167928244,0.0,0.0018303843807199183,1.0,0.0046179680940385825,0.0,-0.0046692607003890885,0.0,0.011047282368537248,0.0,0.011580594679186262,0.0,-0.003621876131836288,0.0,-0.0034176349965823194,0.0,-0.005253940455341555,0.0,0.0,0.0,0.0,-1.0,-0.002677100494233938,1.0,0.004250611389309415,0.0,0.0,1.0,0.001539322698012861,0.0,-0.0,0.0,0.0,0.0,0.0,0.0,-0.0,0.0,-0.0,0.0,-0.0,0.0031128335930883377,1.1688447079094082,3.0,,,,,,,,,,,,
2026-01-15,策略2_完整约束,0.0,2.0,1.0,0.0,3.0,沪金:L,0.0,-0.012581636573184785,0.0,-0.008944907501524657,0.0,0.025127681307456573,1.0,-0.005385308265777322,0.0,-0.00974421437271622,0.0,-0.007521938988717114,0.0,-0.013291634089132143,0.0,-0.006555944055944063,0.0,-0.010210396039603942,0.0,-0.003998545983278756,0.0,-0.01943301326017377,0.0,0.010123239436619746,0.0,-0.0,0.0,-0.0,-1.0,-0.00837589376915219,1.0,-0.0017951027552591075,0.0,-0.0,1.0,-0.002507312996239038,0.0,-0.0,0.0,-0.0,0.0,-0.0,0.0,-0.0,0.0,-0.0,0.0,0.0,-0.012678309520650336,1.1540257329209587,3.0,,,,,,,,,,,,
2026-01-16,策略2_完整约束,2.0,0.0,3.0,1.0,1.0,沪金:L; 焦煤:S; 豆粕:S,0.0,-0.01984242777939893,0.0,-0.018461538461538418,0.0,-0.013551215623754498,1.0,-0.0023700335273035833,0.0,-0.0012300123001229846,-1.0,-0.013894736842105293,0.0,-0.005942947702060275,0.0,-0.01495820501539813,0.0,-0.01000312597686781,-1.0,-0.004744525547445311,0.0,0.011191419911401157,0.0,-0.006100217864923763,0.0,-0.0,0.0,-0.0,0.0,-0.0,1.0,-0.0007900111757678611,0.0,-0.0,0.0,-0.0,0.0,-0.0,0.0,-0.0,0.0,-0.0,0.0,-0.0,0.0,0.0,0.0,-0.0,-0.0007900111757678611,1.1531140396948274,1.0,,,,,,,,,,,,
2026-01-19,策略2_完整约束,0.0,0.0,3.0,0.0,1.0,沪金:L; 焦煤:S; 豆粕:S,0.0,0.004068671231517218,0.0,0.006896551724137945,0.0,-0.012121212121212088,1.0,0.015741187831965098,0.0,-0.022167487684729092,-1.0,0.002988898377455085,0.0,0.0023913909924273558,0.0,-0.012058954890576179,0.0,-0.005683612251341952,-1.0,0.0,0.0,-0.0029974636845745417,0.0,0.0,0.0,0.0,0.0,0.0,0.0,-0.0,1.0,0.005247062610655033,0.0,-0.0,-1.0,-0.000996299459151695,0.0,0.0,0.0,-0.0,0.0,-0.0,-1.0,-0.0,0.0,-0.0,0.0,0.0,0.004250763151503338,1.1580156543642435,3.0,,,,,,,,,,,,
2026-01-20,策略2_完整约束,0.0,1.0,2.0,0.0,3.0,焦煤:S; 豆粕:S,0.0,0.0004941688080648543,0.0,-0.00581154005811535,0.0,-0.0016359918200409274,0.0,0.007948279140521208,0.0,-0.00566750629722923,-1.0,-0.04299702000851424,0.0,0.022664015904572565,0.0,-0.002712477396021651,0.0,-0.007939028262940573,-1.0,0.0033003300330032292,0.0,0.011563367252543921,0.0,-0.0004384042086803541,0.0,0.0,0.0,-0.0,0.0,-0.0,1.0,0.002649426380173736,0.0,-0.0,-1.0,0.014332340002838081,0.0,0.0,0.0,-0.0,0.0,-0.0,-1.0,-0.0011001100110010764,0.0,0.0,0.0,-0.0,0.015881656372010743,1.1764068610602656,3.0,,,,,,,,,,,,
2026-01-21,策略2_完整约束,1.0,0.0,3.0,0.0,0.0,沪锌:S; 焦煤:S; 豆粕:S,0.0,0.0004939247258717305,0.0,0.008559498956158595,-1.0,-0.002458009012699658,0.0,0.03031617869000902,0.0,-0.006966434452184922,-1.0,0.004448398576512469,0.0,0.0019440124416796323,0.0,0.0013599274705349274,0.0,0.008002560819462268,-1.0,-0.004020467836257313,0.0,0.009602194787379892,0.0,0.001315789473684159,0.0,0.0,0.0,0.0,0.0,-0.0,0.0,0.0,0.0,-0.0,-1.0,-0.0014827995255041564,0.0,0.0,0.0,0.0,0.0,0.0,-1.0,0.0013401559454191043,0.0,0.0,0.0,0.0,-0.00014264358008505207,1.1762390541739673,2.0,,,,,,,,,,,,
2026-01-22,策略2_完整约束,0.0,1.0,2.0,0.0,0.0,沪锌:S; 焦煤:S,0.0,-0.005726698262243257,0.0,-0.00413992962119647,-1.0,0.002053388090349051,0.0,-0.004321157191247815,0.0,0.0031887755102040227,-1.0,0.0022143489813994943,0.0,0.0279394644935973,0.0,0.023087369850611106,0.0,0.006668783740870099,0.0,0.01577981651376148,0.0,0.0126811594202898,0.0,0.005256241787122251,0.0,-0.0,0.0,-0.0,-1.0,-0.000684462696783017,0.0,-0.0,0.0,0.0,-1.0,-0.0007381163271331648,0.0,0.0,0.0,0.0,0.0,0.0,-1.0,-0.005259938837920493,0.0,0.0,0.0,0.0,-0.006682517861836675,1.16837881568466,3.0,,,,,,,,,,,,
2026-01-23,策略2_完整约束,1.0,0.0,3.0,0.0,0.0,沪锌:S; 焦煤:S; 豆粕:L,0.0,0.006355511420059523,0.0,0.00976927873622957,-1.0,0.007581967213114771,0.0,0.025800400890049646,0.0,0.010807374443738027,-1.0,0.0225364560318162,0.0,0.028312570781426905,0.0,0.016814159292035447,0.0,0.02933753943217665,1.0,-0.006141618497109813,0.0,-0.003801431127012478,0.0,0.002178649237472685,0.0,0.0,0.0,0.0,-1.0,-0.0025273224043715903,0.0,0.0,0.0,0.0,-1.0,-0.0075121520106054,0.0,0.0,0.0,0.0,0.0,0.0,0.0,-0.0,0.0,-0.0,0.0,0.0,-0.01003947441497699,1.1566489064575927,2.0,,,,,,,,,,,,
2026-01-26,策略2_完整约束,0.0,1.0,2.0,0.0,0.0,沪锌:S; 豆粕:L,0.0,0.005328596802841812,0.0,-0.003087690407575172,-1.0,0.005694529184462116,0.0,0.024810870890251246,0.0,-0.013207547169811318,0.0,0.002160760587726962,0.0,-0.0018355359765050983,0.0,0.021322889469103545,0.0,-0.00520992951271837,1.0,0.0065430752453652374,0.0,0.020426487093153867,0.0,-0.003043478260869592,0.0,0.0,0.0,-0.0,-1.0,-0.0018981763948207053,0.0,0.0,0.0,-0.0,-1.0,-0.0007202535292423207,0.0,-0.0,0.0,0.0,0.0,-0.0,1.0,0.0021810250817884125,0.0,0.0,0.0,-0.0,-0.0004374048422746135,1.1561429826250964,3.0,,,,,,,,,,,,
2026-01-27,策略2_完整约束,1.0,1.0,2.0,0.0,1.0,甲醇:L; 豆粕:L,0.0,0.007067137809187329,0.0,0.003716704521990577,0.0,0.009100101112234471,0.0,0.004425707588426864,0.0,0.004461440407903083,0.0,-0.03708495040965931,0.0,-0.03310040456050023,1.0,-0.018321261184490845,0.0,-0.0015403573629081402,1.0,-0.0010834236186348933,0.0,0.016058073031236297,0.0,-0.004361098996947255,0.0,0.0,0.0,0.0,-1.0,-0.0030333670374114905,0.0,0.0,0.0,0.0,0.0,-0.0,0.0,-0.0,0.0,-0.0,0.0,-0.0,1.0,-0.0003611412062116311,0.0,0.0,0.0,-0.0,-0.0033945082436231218,1.1522184457397686,2.0,,,,,,,,,,,,
2026-01-28,策略2_完整约束,1.0,0.0,3.0,2.0,1.0,甲醇:L; 豆粕:L; 铁矿石:L,0.0,0.0044834307992203115,0.0,0.054926969759308886,0.0,0.026252505010019966,0.0,0.032933349588115446,1.0,-0.006345177664974666,0.0,0.016121809225257522,0.0,0.021300874857360208,1.0,0.015190972222222321,0.0,0.009564949089787111,1.0,0.005784526391901634,0.0,0.0034639532366314008,0.0,-0.003942181340341633,0.0,0.0,0.0,0.0,0.0,0.0,0.0,0.0,0.0,-0.0,0.0,0.0,0.0,0.0,1.0,0.00506365740740744,0.0,0.0,1.0,0.0019281754639672115,0.0,0.0,0.0,-0.0,0.006991832871374652,1.1602745645436963,2.0,,,,,,,,,,,,
2026-01-29,策略2_完整约束,0.0,0.0,3.0,0.0,2.0,甲醇:L; 豆粕:L; 铁矿石:L,0.0,0.05870366776634972,0.0,-0.0019500780031200815,0.0,0.013473930872876405,0.0,0.053043331647276926,1.0,0.01979565772669223,0.0,0.026884089907448283,0.0,-0.007076350093109918,1.0,0.0055579307396322886,0.0,0.02017114914425422,1.0,0.007189072609633307,0.0,0.009924487594390463,0.0,0.0030782761653473933,0.0,0.0,0.0,-0.0,0.0,0.0,0.0,0.0,1.0,0.006598552575564076,0.0,0.0,0.0,-0.0,1.0,0.0018526435798774294,0.0,0.0,1.0,0.0023963575365444356,0.0,0.0,0.0,0.0,0.010847553691985942,1.1728607051800295,3.0,,,,,,,,,,,,
2026-01-30,策略2_完整约束,0.0,1.0,2.0,0.0,2.0,甲醇:L; 铁矿石:L,0.0,-0.04976629089909268,0.0,-0.0402500976944119,0.0,-0.004431599229287042,0.0,-0.0702094274369155,1.0,-0.008766437069505306,0.0,-0.008154506437768272,0.0,-0.011627906976744207,1.0,-0.013605442176870763,0.0,-0.019772318753744744,0.0,-0.012491077801570327,0.0,-0.013031403546250764,0.0,-0.004384042086803985,0.0,-0.0,0.0,-0.0,0.0,-0.0,0.0,-0.0,1.0,-0.002922145689835102,0.0,-0.0,0.0,-0.0,1.0,-0.004535147392290255,0.0,-0.0,1.0,-0.004163692600523443,0.0,-0.0,0.0,-0.0,-0.011620985682648799,1.159230907717391,3.0,,,,,,,,,,,,
2026-02-02,策略2_完整约束,1.0,1.0,2.0,0.0,2.0,沪金:S; 铁矿石:L,0.0,-0.04918981481481477,0.0,-0.062092833876221554,0.0,-0.0510934778401394,-1.0,-0.1315803068657334,1.0,-0.010739102969046121,0.0,-0.012115967113803583,0.0,-0.03377609108159396,0.0,-0.02931034482758621,0.0,-0.023227383863080653,0.0,-0.006143838091796194,0.0,-0.024458874458874513,0.0,-0.004403346543372932,0.0,-0.0,0.0,-0.0,0.0,-0.0,0.0,-0.0,1.0,-0.0035797009896820406,0.0,-0.0,0.0,-0.0,1.0,-0.009770114942528737,0.0,-0.0,0.0,-0.0,0.0,-0.0,0.0,-0.0,-0.013349815932210778,1.1437553884764342,2.0,,,,,,,,,,,,
2026-02-03,策略2_完整约束,1.0,1.0,2.0,1.0,4.0,棕榈油:S; 沪金:S,0.0,0.060052749036315634,0.0,0.03364445409159966,0.0,0.018152151743830336,-1.0,0.0844536981955184,0.0,-0.007024265644955285,0.0,0.0227770477441962,0.0,0.011390416339355891,0.0,-0.002220248667850755,0.0,0.01251564455569465,0.0,-0.008363636363636351,-1.0,0.008875083203905065,0.0,0.0026536930561698036,0.0,0.0,0.0,0.0,0.0,0.0,-1.0,-0.028151232731839466,1.0,-0.002341421881651762,0.0,0.0,0.0,0.0,0.0,-0.0,0.0,0.0,0.0,-0.0,0.0,0.0,0.0,0.0,-0.030492654613491228,1.1088792504533027,2.0,,,,,,,,,,,,
2026-02-04,策略2_完整约束,1.0,0.0,3.0,1.0,2.0,棕榈油:S; 沪金:S; 沪锌:S,0.0,0.006315789473684275,0.0,0.006089878202435894,-1.0,-0.0030048076923077094,-1.0,0.0438113697452871,0.0,0.005144694533762095,0.0,0.03554603854389726,0.0,0.013203883495145563,0.0,0.014241210502892843,0.0,0.01266996291718181,0.0,-0.0014668133480014722,-1.0,0.00483835495931384,0.0,0.0017644464049404451,0.0,0.0,0.0,0.0,0.0,-0.0,-1.0,-0.0146037899150957,0.0,0.0,0.0,0.0,0.0,0.0,0.0,0.0,0.0,0.0,0.0,-0.0,-1.0,-0.0016127849864379467,0.0,0.0,-0.016216574901533647,1.0908970270315703,2.0,,,,,,,,,,,,
2026-02-05,策略2_完整约束,0.0,0.0,3.0,0.0,0.0,棕榈油:S; 沪金:S; 沪锌:S,0.0,-0.03974895397489542,0.0,-0.02379461490294299,-1.0,-0.019690576652601988,-1.0,-0.03147937286502589,0.0,-0.016634676903390933,0.0,-0.03060380479735314,0.0,-0.014181678804139564,0.0,-0.023694602896007,0.0,-0.012816600549282908,0.0,0.002937936099889793,-1.0,-0.01050558108995403,0.0,0.0008806693086746975,0.0,-0.0,0.0,-0.0,-1.0,0.006563525550867329,-1.0,0.010493124288341963,0.0,-0.0,0.0,-0.0,0.0,-0.0,0.0,-0.0,0.0,-0.0,0.0,0.0,-1.0,0.00350186036331801,0.0,0.0,0.020558510202527303,1.1133242446917055,3.0,,,,,,,,,,,,
2026-02-06,策略2_完整约束,0.0,0.0,3.0,0.0,1.0,棕榈油:S; 沪金:S; 沪锌:S,0.0,-0.008714596949891074,0.0,-0.002993371819542401,-1.0,0.0038942406230784155,-1.0,-0.014144118072637935,0.0,-0.010409889394925154,0.0,-0.028583617747440226,0.0,0.004276827371695102,0.0,0.008539325842696677,0.0,-0.005873261205564195,0.0,0.0014646649578908821,-1.0,-0.0017695200176951476,0.0,0.0026396832380113366,0.0,-0.0,0.0,-0.0,-1.0,-0.001298080207692805,-1.0,0.004714706024212645,0.0,-0.0,0.0,-0.0,0.0,0.0,0.0,0.0,0.0,-0.0,0.0,0.0,-1.0,0.0005898400058983825,0.0,0.0,0.004006465822418223,1.1177847402273324,3.0,,,,,,,,,,,,
2026-02-09,策略2_完整约束,0.0,0.0,3.0,0.0,2.0,棕榈油:S; 沪金:S; 沪锌:S,0.0,0.017382617382617482,0.0,0.009650439631138763,-1.0,0.0030624744793792402,-1.0,0.032858767842072645,0.0,0.0013149243918475495,0.0,0.00746596398770305,0.0,0.005032907471931969,0.0,-0.005793226381461625,0.0,0.010261194029850706,0.0,-0.002193784277879307,-1.0,-0.001329492576999769,0.0,-0.0021939447125932654,0.0,0.0,0.0,0.0,-1.0,-0.0010208248264597468,-1.0,-0.010952922614024216,0.0,0.0,0.0,0.0,0.0,0.0,0.0,-0.0,0.0,0.0,0.0,-0.0,-1.0,0.0004431641923332563,0.0,-0.0,-0.011530583248150705,1.1048960302266286,3.0,,,,,,,,,,,,
2026-02-10,策略2_完整约束,0.0,1.0,2.0,0.0,1.0,棕榈油:S; 沪锌:S,0.0,-0.00274941084053415,0.0,0.002548853016142827,-1.0,-0.002442499491145944,0.0,-0.004192052862497131,0.0,0.0,0.0,-0.02441150828247607,0.0,0.007318952234206533,0.0,0.0044822949350067365,0.0,0.005540166204986097,0.0,0.0018321729571271206,-1.0,-0.008209451963612113,0.0,0.005277044854881341,0.0,-0.0,0.0,0.0,-1.0,0.0008141664970486481,-1.0,0.0013973509541657103,0.0,0.0,0.0,-0.0,0.0,0.0,0.0,0.0,0.0,0.0,0.0,0.0,-1.0,0.0027364839878707046,0.0,0.0,0.004948001439085063,1.1103630573742294,3.0,,,,,,,,,,,,
2026-02-11,策略2_完整约束,1.0,0.0,3.0,0.0,0.0,棕榈油:S; 沪锌:S; 焦煤:S,0.0,0.006104765655770006,0.0,0.005508474576271238,-1.0,0.005509079779636883,0.0,0.00818751003371343,0.0,0.0013131976362441566,-1.0,0.004021447721179516,0.0,0.005736137667303964,0.0,0.0031236055332439783,0.0,0.01469237832874204,0.0,0.014264813460131753,-1.0,-0.0038031319910514227,0.0,0.013123359580052396,0.0,0.0,0.0,0.0,-1.0,-0.0018363599265456276,0.0,0.0,0.0,0.0,0.0,0.0,0.0,0.0,0.0,0.0,0.0,0.0,0.0,0.0,-1.0,0.0012677106636838076,0.0,0.0,-0.00056864926286182,1.1097316502401444,2.0,,,,,,,,,,,,
2026-02-12,策略2_完整约束,0.0,1.0,2.0,0.0,1.0,棕榈油:S; 焦煤:S,0.0,0.0014679976512037562,0.0,-0.001685630004214067,0.0,0.0012175324675325339,0.0,-0.0037862703467800296,0.0,-0.0006557377049180024,-1.0,-0.0031152647975077885,0.0,-0.0076045627376425395,0.0,-0.007562277580071219,0.0,-0.007541478129713397,0.0,0.006130544536602889,-1.0,-0.01392319784414997,0.0,0.0017271157167531026,0.0,0.0,0.0,-0.0,-1.0,-0.00040584415584417793,0.0,-0.0,0.0,-0.0,-1.0,0.001038421599169263,0.0,-0.0,0.0,-0.0,0.0,-0.0,0.0,0.0,-1.0,0.00464106594804999,0.0,0.0,0.0052736433913750744,1.1155839792236333,3.0,,,,,,,,,,,,
2026-02-13,策略2_完整约束,1.0,0.0,3.0,0.0,0.0,棕榈油:S; 沪铝:L; 焦煤:S,0.0,-0.01661291898758921,1.0,-0.017940059096665295,0.0,-0.01702472638832586,0.0,-0.014225837388555429,0.0,-0.02099737532808399,-1.0,0.0008928571428572507,0.0,-0.0030651340996168397,0.0,-0.0192738682205289,0.0,-0.00820668693009119,0.0,0.0035842293906809264,-1.0,-0.009565019357777316,0.0,0.0,0.0,-0.0,0.0,-0.0,0.0,-0.0,0.0,-0.0,0.0,-0.0,-1.0,-0.0002976190476190836,0.0,-0.0,0.0,-0.0,0.0,-0.0,0.0,0.0,-1.0,0.003188339785925772,0.0,0.0,0.0028907207383066886,1.1188088209676976,2.0,,,,,,,,,,,,
2026-02-24,策略2_完整约束,0.0,0.0,3.0,0.0,0.0,棕榈油:S; 沪铝:L; 焦煤:S,0.0,0.011726125409917465,1.0,0.01590371803137769,0.0,0.01773195876288658,0.0,0.03639311773714082,0.0,-0.007372654155495928,-1.0,-0.017395182872435355,0.0,0.028439661798616456,0.0,0.0443327239488116,0.0,0.043824701195219085,0.0,-0.006785714285714284,-1.0,0.014486088756035853,0.0,0.005172413793103514,0.0,0.0,1.0,0.005301239343792563,0.0,0.0,0.0,0.0,0.0,-0.0,-1.0,0.005798394290811785,0.0,0.0,0.0,0.0,0.0,0.0,0.0,-0.0,-1.0,-0.004828696252011951,0.0,0.0,0.006270937382592399,1.1258248010270782,3.0,,,,,,,,,,,,
2026-02-25,策略2_完整约束,0.0,0.0,3.0,0.0,0.0,棕榈油:S; 沪铝:L; 焦煤:S,0.0,0.010607995285335514,1.0,0.00846202665538387,0.0,0.001215559157212276,0.0,0.00048674489352440453,0.0,0.01620526671168121,-1.0,0.022242396731729563,0.0,-0.007473841554558991,0.0,-0.015754923413566768,0.0,0.012331180270111597,0.0,0.017979144192736385,-1.0,0.0027198549410698547,0.0,0.004288164665523064,0.0,0.0,1.0,0.0028206755517946234,0.0,0.0,0.0,0.0,0.0,0.0,-1.0,-0.0074141322439098545,0.0,-0.0,0.0,-0.0,0.0,0.0,0.0,0.0,-1.0,-0.0009066183136899516,0.0,0.0,-0.005500075005805182,1.1196326801780336,3.0,,,,,,,,,,,,
2026-02-26,策略2_完整约束,0.0,1.0,2.0,0.0,0.0,沪铝:L; 焦煤:S,0.0,-0.0021382058509087365,1.0,0.0004195510803439717,0.0,-0.005665722379603388,0.0,-0.003978941149896609,0.0,-0.0053156146179401675,-1.0,-0.03197158081705154,0.0,-0.009789156626506035,0.0,-0.017341040462427793,0.0,-0.006670533642691434,0.0,0.0010596962204167948,0.0,-0.015144665461121143,0.0,0.0,0.0,-0.0,1.0,0.00013985036011465724,0.0,-0.0,0.0,-0.0,0.0,-0.0,-1.0,0.010657193605683846,0.0,-0.0,0.0,-0.0,0.0,-0.0,0.0,0.0,-1.0,0.005048221820373715,0.0,0.0,0.01584526578617222,1.137373557578339,3.0,,,,,,,,,,,,
2026-02-27,策略2_完整约束,0.0,0.0,2.0,0.0,0.0,沪铝:L; 焦煤:S,0.0,0.01217492938540965,1.0,-0.00041937513105472224,0.0,0.005698005698005604,0.0,0.0012385737213034265,0.0,0.002672010688042681,-1.0,0.0032110091743118296,0.0,-0.0019011406844106071,0.0,-0.014027149321266918,0.0,0.0017518248175183437,0.0,-0.0003528581510232609,0.0,0.007574018820289297,0.0,0.0076857386848847575,0.0,0.0,1.0,-0.0001397917103515741,0.0,0.0,0.0,0.0,0.0,0.0,-1.0,-0.0010703363914372765,0.0,-0.0,0.0,-0.0,0.0,0.0,0.0,-0.0,0.0,0.0,0.0,0.0,-0.0012101281017888506,1.135997189874082,2.0,,,,,,,,,,,,
2026-03-02,策略2_完整约束,0.0,0.0,2.0,0.0,0.0,沪铝:L; 焦煤:S,0.0,-0.0006735950731331375,1.0,0.026431718061673992,0.0,0.0056657223796034994,0.0,0.042965415105845395,0.0,0.005329780146569041,-1.0,0.0004572473708275293,0.0,0.05752380952380953,0.0,0.08536025699862315,0.0,0.0052462838822500135,0.0,-0.0024708789269325404,0.0,0.01343963553530747,0.0,0.01016949152542379,0.0,-0.0,1.0,0.008810572687224663,0.0,0.0,0.0,0.0,0.0,0.0,-1.0,-0.0001524157902758431,0.0,0.0,0.0,0.0,0.0,0.0,0.0,-0.0,0.0,0.0,0.0,0.0,0.008658156896948821,1.1458328317785047,2.0,,,,,,,,,,,,
2026-03-03,策略2_完整约束,0.0,1.0,1.0,0.0,0.0,沪铝:L,0.0,-0.016851227732306184,1.0,-0.022889842632331958,0.0,-0.019315895372233438,0.0,-0.012712784617697648,0.0,-0.001325381047051044,0.0,0.030164533820840944,0.0,0.01008645533141217,0.0,0.08118393234672294,0.0,-0.02377500724847781,0.0,0.0035385704175512345,0.0,0.010788941335131419,0.0,-0.004614093959731558,0.0,-0.0,1.0,-0.007629947544110653,0.0,-0.0,0.0,-0.0,0.0,-0.0,-1.0,-0.01005484460694698,0.0,0.0,0.0,0.0,0.0,-0.0,0.0,0.0,0.0,0.0,0.0,-0.0,-0.017684792151057633,1.125569016308644,2.0,,,,,,,,,,,,
2026-03-04,策略2_完整约束,2.0,0.0,3.0,1.0,0.0,沪铝:L; 焦煤:L; 甲醇:L,0.0,-0.004309500489716012,1.0,0.037230704873457476,0.0,0.004513746409519959,0.0,-0.02448392554991541,0.0,-0.001990710019907138,1.0,-0.02661934338952976,0.0,0.015335235378031387,1.0,-0.0015643332029722234,0.0,-0.005643005643005683,0.0,-0.0024682651622003338,0.0,0.0008894818768068191,0.0,0.0025284450063212116,0.0,-0.0,1.0,0.012410234957819158,0.0,0.0,0.0,-0.0,0.0,-0.0,0.0,-0.0,0.0,0.0,0.0,-0.0,0.0,-0.0,0.0,-0.0,0.0,0.0,0.0,0.0,0.012410234957819158,1.1395375922622757,1.0,,,,,,,,,,,,
2026-03-05,策略2_完整约束,0.0,0.0,3.0,0.0,1.0,沪铝:L; 焦煤:L; 甲醇:L,0.0,-0.005705292150304908,1.0,0.000806614236741332,0.0,0.0016339869281045694,0.0,-0.0009192930116385112,0.0,0.009308510638297962,1.0,0.007748404740200554,0.0,0.02212855637513167,1.0,-0.025851938895417148,0.0,-0.011051373954599764,0.0,0.004948745139625288,0.0,0.007553876916240876,0.0,0.0021017234131988083,0.0,-0.0,1.0,0.0002688714122471107,0.0,0.0,0.0,-0.0,0.0,0.0,1.0,0.0025828015800668513,0.0,0.0,1.0,-0.008617312965139049,0.0,-0.0,0.0,0.0,0.0,0.0,0.0,0.0,-0.005765639972825087,1.1329674287697915,3.0,,,,,,,,,,,,
2026-03-06,策略2_完整约束,0.0,0.0,3.0,0.0,0.0,沪铝:L; 焦煤:L; 甲醇:L,0.0,-0.0002967946181242631,1.0,-0.0012089462018940456,0.0,-0.010603588907014627,0.0,-0.009722222222222299,0.0,0.017127799736495364,1.0,0.01582994120307557,0.0,0.04295532646048117,1.0,0.039806996381182236,0.0,0.016913319238900604,0.0,0.0253253605346464,0.0,0.016317530319735374,0.0,0.003775167785234901,0.0,-0.0,1.0,-0.00040298206729801517,0.0,-0.0,0.0,-0.0,0.0,0.0,1.0,0.005276647067691857,0.0,0.0,1.0,0.013268998793727413,0.0,0.0,0.0,0.0,0.0,0.0,0.0,0.0,0.018142663794121255,1.1535224759196518,3.0,,,,,,,,,,,,
2026-03-09,策略2_完整约束,0.0,0.0,3.0,0.0,0.0,沪铝:L; 焦煤:L; 甲醇:L,0.0,-0.008510638297872353,1.0,0.009078071414161837,0.0,0.0065952184666115965,0.0,-0.0007012622720897754,0.0,0.016191709844559643,1.0,0.040071237756010625,0.0,0.040527182866556766,1.0,0.09435421500386698,0.0,0.0035640035640036594,0.0,0.027444253859348233,0.0,0.054458667823823026,0.0,0.0008357709987463213,0.0,-0.0,1.0,0.0030260238047206123,0.0,0.0,0.0,-0.0,0.0,0.0,1.0,0.013357079252003542,0.0,0.0,1.0,0.03145140500128899,0.0,0.0,0.0,0.0,0.0,0.0,0.0,0.0,0.04783450805801315,1.2087006560891298,3.0,,,,,,,,,,,,
2026-03-10,策略2_完整约束,0.0,1.0,2.0,0.0,0.0,沪铝:L; 焦煤:L,0.0,0.0132747779219482,1.0,-0.0017992802878848968,0.0,-0.00020475020475019257,0.0,0.011543859649122856,0.0,-0.0006373486297004405,1.0,-0.03981164383561642,0.0,-0.018366054464851178,0.0,-0.09929328621908129,0.0,0.013021604024859412,0.0,-0.007345575959933237,0.0,-0.02654320987654324,0.0,-0.0058455114822546506,0.0,0.0,1.0,-0.0005997600959616323,0.0,-0.0,0.0,0.0,0.0,-0.0,1.0,-0.013270547945205472,0.0,-0.0,1.0,-0.033097762073027094,0.0,0.0,0.0,-0.0,0.0,-0.0,0.0,-0.0,-0.046968070114194196,1.151930318926863,3.0,,,,,,,,,,,,
2026-03-11,策略2_完整约束,0.0,0.0,2.0,0.0,0.0,沪铝:L; 焦煤:L,0.0,-0.003644602048857415,1.0,0.01301822551572207,0.0,-0.0012287528158918537,0.0,0.0020465503486071235,0.0,0.0044642857142858094,1.0,0.020508247882300434,0.0,0.0741935483870968,0.0,0.042761867398980025,0.0,0.0037978381536662997,0.0,0.03195425496131854,0.0,0.00676389769604735,0.0,0.0058798824023520435,0.0,-0.0,1.0,0.00433940850524069,0.0,-0.0,0.0,0.0,0.0,0.0,1.0,0.006836082627433478,0.0,0.0,0.0,0.0,0.0,0.0,0.0,0.0,0.0,0.0,0.0,0.0,0.011175491132674168,1.1648037059914889,2.0,,,,,,,,,,,,
2026-03-12,策略2_完整约束,0.0,0.0,2.0,0.0,0.0,沪铝:L; 焦煤:L,0.0,-0.0013840830449827202,1.0,0.001383946223803889,0.0,-0.003485749436128782,0.0,-0.0034616449736915023,0.0,0.010158730158730256,1.0,0.00742682394058547,0.0,0.05075075075075075,0.0,0.02558314522197147,0.0,-0.006111757857974354,0.0,-0.0045632333767926525,0.0,0.016586185177409174,0.0,0.00041753653444676075,0.0,-0.0,1.0,0.0004613154079346297,0.0,-0.0,0.0,-0.0,0.0,0.0,1.0,0.0024756079801951567,0.0,0.0,0.0,0.0,0.0,-0.0,0.0,-0.0,0.0,0.0,0.0,0.0,0.0029369233881297863,1.1682246452381955,2.0,,,,,,,,,,,,
2026-03-13,策略2_完整约束,0.0,1.0,1.0,0.0,0.0,焦煤:L,0.0,-0.006930006930006893,0.0,-0.010069101678183645,0.0,-0.006584362139917643,0.0,-0.013564679727664175,0.0,0.020113136392206243,1.0,0.021682567215958404,0.0,-0.009145470134324096,0.0,0.02898019075568592,0.0,-0.018155197657393818,0.0,0.024230517354289383,0.0,0.00867410161090465,0.0,-0.004173622704507496,0.0,-0.0,1.0,-0.003356367226061215,0.0,-0.0,0.0,-0.0,0.0,0.0,1.0,0.007227522405319468,0.0,-0.0,0.0,0.0,0.0,-0.0,0.0,0.0,0.0,0.0,0.0,-0.0,0.003871155179258253,1.1727470241241464,2.0,,,,,,,,,,,,
2026-03-16,策略2_完整约束,1.0,0.0,2.0,0.0,0.0,PTA:S; 焦煤:L,0.0,-0.005881766523776255,0.0,0.00398883127243721,0.0,-0.009734879867439927,0.0,-0.012677172286292837,0.0,-0.0030807147258163914,1.0,0.002546689303905003,-1.0,0.006922411306605092,0.0,0.011408199643493822,0.0,0.006263048016701411,0.0,-0.018222506393861915,0.0,0.024774774774774855,0.0,-0.002933780385582563,0.0,-0.0,0.0,0.0,0.0,-0.0,0.0,-0.0,0.0,-0.0,1.0,0.0008488964346350011,0.0,0.0,0.0,0.0,0.0,0.0,0.0,-0.0,0.0,0.0,0.0,-0.0,0.0008488964346350011,1.1737425648916542,1.0,,,,,,,,,,,,
2026-03-17,策略2_完整约束,1.0,1.0,2.0,1.0,1.0,PTA:S; 沪铝:S,0.0,-0.0038106698756518176,-1.0,-0.007151370679380209,0.0,-0.008575611796695304,0.0,-0.0020864913062861312,0.0,0.009270704573547617,0.0,-0.0042337002540220325,-1.0,-0.00916642795760525,0.0,0.0035248501938667243,0.0,-0.004149377593360981,0.0,-0.0003256268316509381,0.0,-0.005594405594405605,0.0,0.002942412778478287,0.0,-0.0,0.0,-0.0,0.0,-0.0,0.0,-0.0,0.0,0.0,1.0,-0.0014112334180073443,-1.0,0.0030554759858684166,0.0,0.0,0.0,-0.0,0.0,-0.0,0.0,-0.0,0.0,0.0,0.0016442425678610724,1.1756724823805595,2.0,,,,,,,,,,,,
2026-03-18,策略2_完整约束,1.0,0.0,3.0,1.0,1.0,PTA:S; 沪铝:S; 豆粕:S,0.0,-0.007348500100664346,-1.0,-0.0076030412164865835,0.0,-0.014978902953586504,0.0,-0.002144465491976222,0.0,-0.006736068585425636,0.0,-0.01658163265306123,-1.0,-0.018502457357617796,0.0,0.022831050228310446,0.0,-0.023809523809523836,-1.0,-0.011074918566775227,0.0,-0.02632107695398833,0.0,-0.0016764459346185756,0.0,-0.0,-1.0,0.0025343470721621944,0.0,-0.0,0.0,-0.0,0.0,-0.0,0.0,-0.0,-1.0,0.006167485785872599,0.0,0.0,0.0,-0.0,0.0,-0.0,0.0,-0.0,0.0,-0.0,0.008701832858034794,1.185902987818026,2.0,,,,,,,,,,,,
2026-03-19,策略2_完整约束,0.0,0.0,3.0,0.0,2.0,PTA:S; 沪铝:S; 豆粕:S,0.0,-0.042490619612615355,-1.0,-0.025000000000000022,0.0,-0.027414863996573113,0.0,-0.04611554855116584,0.0,-0.004315659679408168,0.0,0.0025940337224383825,-1.0,0.006480117820323983,0.0,0.09271978021978011,0.0,-0.01890243902439026,-1.0,0.0019762845849802257,0.0,0.010730499380932734,0.0,0.0008396305625524292,0.0,-0.0,-1.0,0.00833333333333334,0.0,-0.0,0.0,-0.0,0.0,-0.0,0.0,0.0,-1.0,-0.0021600392734413276,0.0,0.0,0.0,-0.0,-1.0,-0.000658761528326742,0.0,0.0,0.0,0.0,0.005514532531565271,1.192442688423629,3.0,,,,,,,,,,,,
2026-03-20,策略2_完整约束,0.0,0.0,3.0,0.0,2.0,PTA:S; 沪铝:S; 豆粕:S,0.0,0.003389112476170242,-1.0,-0.006617038875103343,0.0,0.010129927328782262,0.0,-0.021816270206334587,0.0,0.009907120743034126,0.0,0.009918068132815927,-1.0,-0.02692420251682759,0.0,-0.015713387806411072,0.0,-0.005593536357986317,-1.0,-0.004273504273504258,0.0,-0.007962433646386269,0.0,0.001258389261745041,0.0,0.0,-1.0,0.0022056796250344477,0.0,0.0,0.0,-0.0,0.0,0.0,0.0,0.0,-1.0,0.008974734172275864,0.0,-0.0,0.0,-0.0,-1.0,0.0014245014245014194,0.0,-0.0,0.0,0.0,0.012604915221811732,1.207473327418078,3.0,,,,,,,,,,,,
2026-03-23,策略2_完整约束,0.0,0.0,3.0,0.0,0.0,PTA:S; 沪铝:S; 豆粕:S,0.0,-0.027865737808739688,-1.0,-0.01935886761032468,0.0,-0.005886200130804431,0.0,-0.09521890174852687,0.0,0.0042918454935623185,0.0,0.10119555935098212,-1.0,0.07278195488721795,0.0,0.06992337164750961,0.0,0.009062499999999973,-1.0,-0.007263123142951522,0.0,0.023050010290183165,0.0,0.011730205278592365,0.0,-0.0,-1.0,0.0064529558701082275,0.0,-0.0,0.0,-0.0,0.0,0.0,0.0,0.0,-1.0,-0.02426065162907265,0.0,0.0,0.0,0.0,-1.0,0.0024210410476505073,0.0,0.0,0.0,0.0,-0.015386654711313914,1.1888943522559747,3.0,,,,,,,,,,,,
2026-03-24,策略2_完整约束,0.0,0.0,3.0,0.0,0.0,PTA:S; 沪铝:S; 豆粕:S,0.0,0.020955483170466804,-1.0,0.002971768202080227,0.0,0.007675438596491224,0.0,0.03924480271531605,0.0,0.006105006105006083,0.0,-0.031019775106630454,-1.0,-0.06167647883375382,0.0,-0.06326469710534166,0.0,0.004955094456488007,-1.0,-0.015297638842700412,0.0,-0.029973848320257512,0.0,-0.013250517598343725,0.0,0.0,-1.0,-0.000990589400693409,0.0,0.0,0.0,0.0,0.0,0.0,0.0,-0.0,-1.0,0.02055882627791794,0.0,-0.0,0.0,0.0,-1.0,0.005099212947566804,0.0,-0.0,0.0,-0.0,0.024667449824791337,1.218221344037227,3.0,,,,,,,,,,,,
2026-03-25,策略2_完整约束,0.0,0.0,3.0,0.0,2.0,PTA:S; 沪铝:S; 豆粕:S,0.0,0.01659044985642888,-1.0,0.009947089947089927,0.0,-0.0017410228509249226,0.0,0.03486425801183923,0.0,-0.02123786407766992,0.0,-0.006802721088435382,-1.0,-0.015237526142814484,0.0,-0.015928639694170132,0.0,0.012634822804314272,-1.0,-0.009793988517392771,0.0,-0.013894649523019442,0.0,-0.002937473772555599,0.0,0.0,-1.0,-0.0033156966490299755,0.0,-0.0,0.0,0.0,0.0,-0.0,0.0,-0.0,-1.0,0.005079175380938161,0.0,-0.0,0.0,0.0,-1.0,0.003264662839130924,0.0,-0.0,0.0,-0.0,0.00502814157103911,1.2243467334199076,3.0,,,,,,,,,,,,
2026-03-26,策略2_完整约束,0.0,1.0,2.0,0.0,4.0,PTA:S; 豆粕:S,0.0,-0.002510722878962257,0.0,-0.005658005029337776,0.0,0.005886200130804431,0.0,-0.017732454929188513,0.0,0.013019218846869185,0.0,-0.008863819500402936,-1.0,0.028216019417475646,0.0,0.036581417934606675,0.0,0.0018259281801582539,-1.0,0.006821282401091366,0.0,0.010935856992639437,0.0,0.0,0.0,-0.0,-1.0,0.0018860016764459253,0.0,0.0,0.0,-0.0,0.0,0.0,0.0,-0.0,-1.0,-0.009405339805825216,0.0,0.0,0.0,0.0,-1.0,-0.002273760800363789,0.0,0.0,0.0,0.0,-0.00979309892974308,1.2123565847352187,3.0,,,,,,,,,,,,
2026-03-27,策略2_完整约束,1.0,0.0,3.0,3.0,1.0,PTA:S; 沪锌:L; 豆粕:S,0.0,0.006082852648138459,0.0,0.008851422550052668,1.0,0.013437364542696173,0.0,0.0026908170846804413,0.0,-0.006119951040391647,0.0,-0.00894308943089428,-1.0,0.014458542342874026,0.0,0.029356652092442204,0.0,0.0030376670716889542,-1.0,-0.005081300813008172,0.0,0.016018306636155666,0.0,-0.002946127946127919,0.0,0.0,0.0,0.0,0.0,0.0,0.0,0.0,0.0,-0.0,0.0,-0.0,-1.0,-0.004819514114291342,0.0,0.0,0.0,0.0,-1.0,0.0016937669376693905,0.0,0.0,0.0,-0.0,-0.0031257471766219513,1.2085670645634234,2.0,,,,,,,,,,,,
2026-03-30,策略2_完整约束,0.0,1.0,2.0,0.0,3.0,沪锌:L; 豆粕:S,0.0,-0.0017721255081830645,0.0,0.033006058073950184,1.0,0.006843455945252375,0.0,0.016241763963711353,0.0,0.0012315270935960854,0.0,-0.004101722723543921,0.0,-0.015706806282722474,0.0,0.006978155339805836,0.0,0.0033313143549364987,-1.0,0.0,0.0,0.016584766584766486,0.0,-0.009708737864077666,0.0,-0.0,0.0,0.0,1.0,0.0022811519817507917,0.0,0.0,0.0,0.0,0.0,-0.0,-1.0,0.005235602094240825,0.0,0.0,0.0,0.0,-1.0,-0.0,0.0,0.0,0.0,-0.0,0.007516754075991616,1.21765156597209,3.0,,,,,,,,,,,,
2026-03-31,策略2_完整约束,1.0,1.0,2.0,1.0,0.0,沪锌:L; 焦煤:S,0.0,-0.004385964912280715,0.0,0.006066734074823055,1.0,-0.002548853016142716,0.0,0.0051434652372694956,0.0,-0.006150061500615034,-1.0,-0.0539538714991763,0.0,-0.012411347517730542,0.0,-0.027116601385959616,0.0,-0.009960760639903365,0.0,-0.0074906367041198685,0.0,-0.006445115810674751,0.0,0.002131287297527651,0.0,-0.0,0.0,0.0,1.0,-0.000849617672047572,0.0,0.0,0.0,-0.0,0.0,-0.0,0.0,-0.0,0.0,-0.0,0.0,-0.0,-1.0,0.0024968789013732895,0.0,-0.0,0.0,0.0,0.0016472612293257174,1.2196573561875435,2.0,,,,,,,,,,,,
2026-04-01,策略2_完整约束,0.0,0.0,2.0,0.0,0.0,沪锌:L; 焦煤:S,0.0,0.017726033144535247,0.0,-0.008643216080401972,1.0,0.002981260647359374,0.0,0.03242819331438107,0.0,0.004950495049504955,-1.0,-0.029603831084022647,0.0,-0.047576301615798955,0.0,-0.0665840817590585,0.0,0.006402439024390194,0.0,-0.013722126929674117,0.0,-0.004257044394891496,0.0,-0.00042535091450446316,0.0,0.0,0.0,-0.0,1.0,0.0009937535491197913,0.0,0.0,0.0,0.0,-1.0,0.009867943694674216,0.0,-0.0,0.0,-0.0,0.0,0.0,0.0,-0.0,0.0,-0.0,0.0,-0.0,0.010861697243794008,1.2329049051316188,2.0,,,,,,,,,,,,
2026-04-02,策略2_完整约束,0.0,0.0,2.0,0.0,0.0,沪锌:L; 焦煤:S,0.0,-0.01185200453468005,0.0,0.0024330900243310083,1.0,0.002123142250530785,0.0,-0.027915456047399423,0.0,-0.008620689655172376,-1.0,0.015253476895468854,0.0,0.076971410618913,0.0,0.0769741207697412,0.0,0.015752802181157266,0.0,0.030956521739130327,0.0,0.018729641693810972,0.0,0.002553191489361728,0.0,-0.0,0.0,0.0,1.0,0.0007077140835102617,0.0,-0.0,0.0,-0.0,-1.0,-0.005084492298489618,0.0,0.0,0.0,0.0,0.0,0.0,0.0,0.0,0.0,0.0,0.0,0.0,-0.004376778214979356,1.2275087538016975,2.0,,,,,,,,,,,,
2026-04-03,策略2_完整约束,0.0,0.0,2.0,0.0,0.0,沪锌:L; 焦煤:S,0.0,0.0038589904046724133,0.0,-0.0024271844660194164,1.0,-0.0004237288135593431,0.0,0.009005841098673528,0.0,-0.03602484472049694,-1.0,-0.016791869200176723,0.0,0.019253208868144744,0.0,0.036352433764633485,0.0,0.009543692215925992,0.0,-0.005060728744939236,0.0,-0.001998401278976769,0.0,-0.005093378607809895,0.0,0.0,0.0,-0.0,1.0,-0.00014124293785311437,0.0,0.0,0.0,-0.0,-1.0,0.005597289733392241,0.0,0.0,0.0,0.0,0.0,0.0,0.0,-0.0,0.0,-0.0,0.0,-0.0,0.005456046795539127,1.2342060990043735,2.0,,,,,,,,,,,,
2026-04-07,策略2_完整约束,0.0,1.0,1.0,0.0,0.0,焦煤:S,0.0,0.003220779220779235,0.0,-0.0012165450121655041,0.0,0.005934718100890191,0.0,0.0012391093901258365,0.0,-0.0019329896907216426,-1.0,-0.0035955056179775013,0.0,-0.014310246136233551,0.0,0.05618311533888232,0.0,0.005317577548005881,0.0,0.004747371990505345,0.0,0.0,0.0,-0.0004266211604095904,0.0,0.0,0.0,-0.0,1.0,0.001978239366963397,0.0,0.0,0.0,-0.0,-1.0,0.0011985018726591672,0.0,-0.0,0.0,0.0,0.0,0.0,0.0,0.0,0.0,0.0,0.0,-0.0,0.0031767412396225643,1.2381268524172744,2.0,,,,,,,,,,,,
2026-04-08,策略2_完整约束,2.0,1.0,2.0,0.0,0.0,棕榈油:S; 沪铝:S,0.0,0.017191383595691834,-1.0,0.006090133982947554,0.0,0.0035819637589549203,0.0,0.026801253045596996,0.0,-0.010329244673983218,0.0,0.010825439783491264,0.0,-0.07346109175377469,0.0,-0.12130593864339989,0.0,0.006464883925947795,0.0,-0.0003374957813027102,-1.0,-0.04205046055266315,0.0,0.0008536064874093974,0.0,0.0,0.0,0.0,0.0,0.0,0.0,0.0,0.0,-0.0,-1.0,-0.0036084799278304214,0.0,-0.0,0.0,-0.0,0.0,0.0,0.0,-0.0,0.0,-0.0,0.0,0.0,-0.0036084799278304214,1.2336590965222187,1.0,,,,,,,,,,,,
2026-04-09,策略2_完整约束,1.0,0.0,3.0,1.0,0.0,棕榈油:S; 沪铝:S; 焦煤:L,0.0,-0.004174302586031353,-1.0,-0.009685230024213065,0.0,-0.002099517111064486,0.0,-0.019472693032015154,0.0,-0.021526418786692814,1.0,-0.038821954484605126,0.0,0.022250078345346314,0.0,0.02658552210121723,0.0,0.0008759124087591719,0.0,0.0030384875084401575,-1.0,0.008570234113712383,0.0,0.003837953091684332,0.0,-0.0,-1.0,0.003228410008071022,0.0,-0.0,0.0,-0.0,0.0,-0.0,0.0,-0.0,0.0,0.0,0.0,0.0,0.0,0.0,0.0,0.0,-1.0,-0.002856744704570794,0.0,0.0,0.00037166530350022774,1.2341176048047435,2.0,,,,,,,,,,,,
2026-04-10,策略2_完整约束,0.0,0.0,3.0,0.0,3.0,棕榈油:S; 沪铝:S; 焦煤:L,0.0,0.006441059196401255,-1.0,0.0052974735126325445,0.0,-0.006311803071744171,0.0,0.006760649944301367,0.0,0.004666666666666597,1.0,-0.01949860724233987,0.0,-0.033721643163703297,0.0,-0.02839313572542901,0.0,-0.018961493582263733,0.0,0.0020195220464489516,-1.0,-0.003005181347150221,0.0,0.010620220900594779,0.0,0.0,-1.0,-0.0017658245042108482,0.0,-0.0,0.0,0.0,0.0,0.0,1.0,-0.0064995357474466236,0.0,-0.0,0.0,-0.0,0.0,-0.0,0.0,0.0,-1.0,0.0010017271157167402,0.0,0.0,-0.007263633135940732,1.225153427276836,3.0,,,,,,,,,,,,
2026-04-13,策略2_完整约束,0.0,1.0,2.0,0.0,3.0,棕榈油:S; 沪铝:S,0.0,0.01188541243397001,-1.0,0.006688285366842406,0.0,-0.0016938386618674528,0.0,-0.004731199206379322,0.0,0.013271400132714106,0.0,0.009469696969697017,0.0,-0.004758883248730972,0.0,0.01958895311496467,0.0,-0.0011894142134998287,0.0,0.0010077258985556892,-1.0,-0.007795447458684102,0.0,-0.0025220680958385477,0.0,0.0,-1.0,-0.0022294284556141353,0.0,-0.0,0.0,-0.0,0.0,0.0,1.0,0.003156565656565672,0.0,-0.0,0.0,0.0,0.0,-0.0,0.0,0.0,-1.0,0.002598482486228034,0.0,-0.0,0.003525619687179571,1.2294728523198588,3.0,,,,,,,,,,,,
2026-04-14,策略2_完整约束,1.0,1.0,2.0,0.0,0.0,棕榈油:S; 沪金:S,0.0,0.01586186125890965,0.0,0.005033219247030374,0.0,0.009119830328738088,-1.0,0.009028177113283409,0.0,-0.006548788474132317,0.0,-0.0009380863039399889,0.0,-0.0035065349059610895,0.0,-0.10929133858267714,0.0,-0.003274784161952926,0.0,-0.0010067114093960106,-1.0,-0.011837418814163003,0.0,0.010113780025284402,0.0,0.0,-1.0,-0.0016777397490101247,0.0,0.0,0.0,0.0,0.0,-0.0,0.0,-0.0,0.0,-0.0,0.0,-0.0,0.0,-0.0,0.0,-0.0,-1.0,0.003945806271387668,0.0,0.0,0.002268066522377543,1.2322613785363774,2.0,,,,,,,,,,,,
2026-04-15,策略2_完整约束,0.0,0.0,2.0,0.0,0.0,棕榈油:S; 沪金:S,0.0,0.008894159501926957,0.0,-0.0010016025641025328,0.0,-0.0031525851197982124,-1.0,0.005148078493949715,0.0,0.007251153592616966,0.0,0.016901408450704203,0.0,0.016634676903390933,0.0,0.005657708628005631,0.0,0.0035842293906809264,0.0,0.0,-1.0,-0.0023322378882646433,0.0,-0.002920317062995448,0.0,0.0,0.0,-0.0,0.0,-0.0,-1.0,-0.0017160261646499049,0.0,0.0,0.0,0.0,0.0,0.0,0.0,0.0,0.0,0.0,0.0,0.0,-1.0,0.0007774126294215478,0.0,-0.0,-0.0009386135352283571,1.2311047613275439,2.0,,,,,,,,,,,,
2026-04-16,策略2_完整约束,1.0,0.0,3.0,0.0,1.0,PTA:L; 棕榈油:S; 沪金:S,0.0,0.0061710255656772794,0.0,0.028072989773410884,0.0,0.008011806873286842,-1.0,0.003080586634411908,0.0,0.024214659685863893,0.0,0.1523545706371192,1.0,0.0034612964128382107,0.0,0.02250351617440227,0.0,0.0002976190476191576,0.0,0.004702720859926179,-1.0,-0.0009563277016257921,0.0,0.0016736401673640433,0.0,0.0,0.0,0.0,0.0,0.0,-1.0,-0.001026862211470636,0.0,0.0,0.0,0.0,0.0,0.0,0.0,0.0,0.0,0.0,0.0,0.0,-1.0,0.00031877590054193067,0.0,0.0,-0.0007080863109287054,1.2302330328987288,2.0,,,,,,,,,,,,
2026-04-17,策略2_完整约束,0.0,0.0,3.0,0.0,2.0,PTA:L; 棕榈油:S; 沪金:S,0.0,-0.003796728971962593,0.0,-0.004486054222742397,0.0,0.004810709056682683,-1.0,-0.007046632124352303,0.0,-0.005111821086261958,0.0,-0.017628205128205177,1.0,0.0012543116964565115,0.0,0.0027510316368637433,0.0,-0.010413567390657574,0.0,-0.011033099297893645,-1.0,0.00957243139757491,0.0,0.003341687552213868,0.0,-0.0,0.0,-0.0,0.0,0.0,-1.0,0.002348877374784101,0.0,-0.0,0.0,-0.0,1.0,0.0004181038988188372,0.0,0.0,0.0,-0.0,0.0,-0.0,-1.0,-0.0031908104658583034,0.0,0.0,-0.0004238291922553654,1.2297116242261095,3.0,,,,,,,,,,,,
2026-04-20,策略2_完整约束,0.0,1.0,2.0,0.0,3.0,PTA:L; 棕榈油:S,0.0,0.002833968533177078,0.0,-0.015478056426332265,0.0,0.0077019150707744455,0.0,0.0008918236845600891,0.0,0.010276172125883054,0.0,0.030587275693311655,1.0,-0.012527403695584138,0.0,-0.020576131687242816,0.0,0.027059530968129852,0.0,0.0030425963488844854,-1.0,-0.0006321112515802474,0.0,0.004995836802664355,0.0,0.0,0.0,-0.0,0.0,0.0,-1.0,-0.0002972745615200297,0.0,0.0,0.0,0.0,1.0,-0.00417580123186138,0.0,-0.0,0.0,0.0,0.0,0.0,-1.0,0.00021070375052674914,0.0,0.0,-0.00426237204285466,1.2244701357782348,3.0,,,,,,,,,,,,
2025-07-22,策略2_仅3槽_无板块互斥,0.0,0.0,0.0,0.0,0.0,,0.0,0.0,0.0,0.0,0.0,0.0,0.0,0.0,0.0,0.0,0.0,0.0,0.0,0.0,0.0,0.0,0.0,0.0,0.0,0.0,0.0,0.0,0.0,0.0,0.0,0.0,0.0,0.0,0.0,0.0,0.0,0.0,0.0,0.0,0.0,0.0,0.0,0.0,0.0,0.0,0.0,0.0,0.0,0.0,0.0,0.0,0.0,0.0,0.0,1.0,0.0,,,,,,,,,,,,
2025-07-23,策略2_仅3槽_无板块互斥,0.0,0.0,0.0,0.0,0.0,,0.0,-0.0018811136192625755,0.0,-0.0052631578947368585,0.0,0.0013074743952929957,0.0,0.010269609092298904,0.0,-0.013365735115431376,0.0,0.0829756795422032,0.0,-0.0020859407592824786,0.0,-0.01872201872201873,0.0,-0.0036520584329349237,0.0,0.0029163966299416977,0.0,0.007618194039883397,0.0,-0.00043066322136087187,0.0,-0.0,0.0,-0.0,0.0,0.0,0.0,0.0,0.0,-0.0,0.0,0.0,0.0,-0.0,0.0,-0.0,0.0,-0.0,0.0,0.0,0.0,0.0,0.0,-0.0,0.0,1.0,0.0,,,,,,,,,,,,
2025-07-24,策略2_仅3槽_无板块互斥,0.0,0.0,0.0,0.0,0.0,,0.0,0.003769317753486545,0.0,-0.0014430014430014682,0.0,0.0017410228509249226,0.0,-0.017858494135452152,0.0,-0.0012315270935960854,0.0,0.05548216644649928,0.0,0.013795986622073597,0.0,0.028618830360846115,0.0,0.01599466844385211,0.0,-0.022617124394184174,0.0,0.012230375806092875,0.0,-0.0012925463162429818,0.0,0.0,0.0,-0.0,0.0,0.0,0.0,-0.0,0.0,-0.0,0.0,0.0,0.0,0.0,0.0,0.0,0.0,0.0,0.0,-0.0,0.0,0.0,0.0,-0.0,0.0,1.0,0.0,,,,,,,,,,,,
2025-07-25,策略2_仅3槽_无板块互斥,0.0,0.0,0.0,0.0,0.0,,0.0,-0.008011015145825473,0.0,0.0,0.0,-0.005648490115142346,0.0,-0.001823458407170464,0.0,-0.010480887792848281,0.0,0.05047976637463503,0.0,0.01773195876288658,0.0,0.01572580645161281,0.0,0.022302394227615707,0.0,-0.0013223140495868257,0.0,-0.018453427065026395,0.0,-0.0030198446937014234,0.0,-0.0,0.0,0.0,0.0,-0.0,0.0,-0.0,0.0,-0.0,0.0,0.0,0.0,0.0,0.0,0.0,0.0,0.0,0.0,-0.0,0.0,-0.0,0.0,-0.0,0.0,1.0,0.0,,,,,,,,,,,,
2025-07-28,策略2_仅3槽_无板块互斥,0.0,0.0,0.0,0.0,0.0,,0.0,-0.003154574132492094,0.0,-0.006984585741811156,0.0,-0.010487218702206702,0.0,-0.0032676375237997712,0.0,-0.020560747663551426,0.0,-0.12589356632247817,0.0,-0.025121555915721183,0.0,-0.04565303691941247,0.0,-0.033365415463586734,0.0,-0.010261502813637913,0.0,0.0011190689346463056,0.0,0.003461704889658135,0.0,-0.0,0.0,-0.0,0.0,-0.0,0.0,-0.0,0.0,-0.0,0.0,-0.0,0.0,-0.0,0.0,-0.0,0.0,-0.0,0.0,-0.0,0.0,0.0,0.0,0.0,0.0,1.0,0.0,,,,,,,,,,,,
2025-07-29,策略2_仅3槽_无板块互斥,0.0,0.0,0.0,0.0,0.0,,0.0,-0.0020253164556962577,0.0,-0.00048508367693422816,0.0,0.00044159858688441744,0.0,-0.004310901159038538,0.0,0.01526717557251911,0.0,0.0181735574738755,0.0,0.005403158769742289,0.0,0.012479201331114798,0.0,-0.0036508463325589657,0.0,-0.00234113712374584,0.0,0.0026827632461434714,0.0,-0.007330746011211753,0.0,-0.0,0.0,-0.0,0.0,0.0,0.0,-0.0,0.0,0.0,0.0,0.0,0.0,0.0,0.0,0.0,0.0,-0.0,0.0,-0.0,0.0,0.0,0.0,-0.0,0.0,1.0,0.0,,,,,,,,,,,,
2025-07-30,策略2_仅3槽_无板块互斥,3.0,0.0,3.0,0.0,4.0,PTA:S; 橡胶:S; 沪金:S,0.0,0.0011415525114155667,0.0,0.0009706381946128495,0.0,0.0006621054954756289,-1.0,0.0030332883957273626,0.0,-0.011278195488721776,0.0,0.09995537706381086,-1.0,0.003720545680033105,0.0,-0.006162695152013176,-1.0,-0.004330446369087304,0.0,0.009051290646999721,0.0,0.0013377926421405117,0.0,0.004344048653344812,0.0,0.0,0.0,0.0,0.0,0.0,0.0,0.0,0.0,-0.0,0.0,0.0,0.0,0.0,0.0,-0.0,0.0,-0.0,0.0,0.0,0.0,0.0,0.0,0.0,0.0,1.0,0.0,,,,,,,,,,,,
2025-07-31,策略2_仅3槽_无板块互斥,0.0,0.0,3.0,0.0,2.0,PTA:S; 橡胶:S; 沪金:S,0.0,-0.011275814012416063,0.0,-0.005575757575757567,0.0,-0.0143361270401412,-1.0,-0.004523249502442539,0.0,-0.012674271229404344,0.0,-0.07910750507099396,-1.0,-0.009884678747940745,0.0,-0.005787515502273632,-1.0,-0.025761124121779888,0.0,-0.0033222591362126463,0.0,-0.009129369850812696,0.0,-0.01038062283737029,0.0,-0.0,0.0,-0.0,0.0,-0.0,-1.0,0.001507749834147513,0.0,-0.0,0.0,-0.0,-1.0,0.0032948929159802485,0.0,-0.0,-1.0,0.00858704137392663,0.0,-0.0,0.0,-0.0,0.0,-0.0,0.01338968412405439,1.0133896841240544,3.0,,,,,,,,,,,,
2025-08-01,策略2_仅3槽_无板块互斥,0.0,0.0,3.0,0.0,0.0,PTA:S; 橡胶:S; 沪金:S,0.0,0.0046130189646336195,0.0,0.0,0.0,-0.0011188185276348461,-1.0,0.0005712208547541398,0.0,0.005134788189987249,0.0,-0.037444933920704804,-1.0,-0.01331114808652245,0.0,-0.00498960498960499,-1.0,-0.01717032967032972,0.0,0.0033333333333334103,0.0,0.0011235955056179137,0.0,0.00393356643356646,0.0,0.0,0.0,0.0,0.0,-0.0,-1.0,-0.00019040695158471324,0.0,0.0,0.0,-0.0,-1.0,0.00443704936217415,0.0,-0.0,-1.0,0.00572344322344324,0.0,0.0,0.0,0.0,0.0,0.0,0.009970085634032677,1.0234932660554166,3.0,,,,,,,,,,,,
2025-08-04,策略2_仅3槽_无板块互斥,0.0,1.0,2.0,0.0,0.0,PTA:S; 橡胶:S,0.0,-0.0008928571428571397,0.0,0.0007313505607020598,0.0,-0.0029121863799282943,0.0,0.013883122275274884,0.0,0.009578544061302763,0.0,0.04439359267734555,-1.0,-0.009696458684654297,0.0,-0.001253656498119482,-1.0,0.06743535988819005,0.0,0.014950166112956742,0.0,-0.008080808080808133,0.0,-0.005659555942533756,0.0,-0.0,0.0,0.0,0.0,-0.0,-1.0,-0.004627707425091628,0.0,0.0,0.0,0.0,-1.0,0.0032321528948847655,0.0,-0.0,-1.0,-0.02247845329606335,0.0,0.0,0.0,-0.0,0.0,-0.0,-0.02387400782627021,0.9990583798114746,3.0,,,,,,,,,,,,
2025-08-05,策略2_仅3槽_无板块互斥,0.0,0.0,2.0,0.0,0.0,PTA:S; 橡胶:S,0.0,0.003191625175539281,0.0,0.001705237515225333,0.0,0.0056167153448662965,0.0,0.0013820992552020517,0.0,0.010120177103099204,0.0,0.0359333917616127,-1.0,-0.003405704555129896,0.0,0.0029288702928871313,-1.0,0.012111292962356801,0.0,0.003273322422258529,0.0,0.025571396243494027,0.0,-0.015323992994746072,0.0,0.0,0.0,0.0,0.0,0.0,0.0,0.0,0.0,0.0,0.0,0.0,-1.0,0.0011352348517099653,0.0,0.0,-1.0,-0.004037097654118933,0.0,0.0,0.0,0.0,0.0,-0.0,-0.002901862802408968,0.9961592494616647,2.0,,,,,,,,,,,,
2025-08-06,策略2_仅3槽_无板块互斥,1.0,1.0,2.0,0.0,2.0,PTA:S; 沪金:L,0.0,-0.0038177653346908036,0.0,0.0043774319066147704,0.0,0.0,1.0,0.0015079872204473155,0.0,-0.0050093926111458575,0.0,0.03299492385786795,-1.0,0.008970525416488684,0.0,-0.0004171881518565401,0.0,0.0022639068564036524,0.0,0.002283849918433889,0.0,-0.010370697263901163,0.0,0.004446420631391668,0.0,-0.0,0.0,0.0,0.0,0.0,0.0,0.0,0.0,-0.0,0.0,0.0,-1.0,-0.0029901751388295614,0.0,-0.0,-1.0,-0.0007546356188012174,0.0,0.0,0.0,-0.0,0.0,0.0,-0.0037448107576307788,0.9924288215879672,2.0,,,,,,,,,,,,
2025-08-07,策略2_仅3槽_无板块互斥,1.0,0.0,3.0,0.0,0.0,PTA:S; 沪金:L; 沪铝:L,0.0,0.0022994379151763944,1.0,0.004842615012106588,0.0,0.008936550491510209,1.0,0.001709881584320172,0.0,-0.0018879798615480947,0.0,0.006961506961506991,-1.0,-0.007620660457239636,0.0,-0.0033388981636059967,0.0,0.0019361084220717029,0.0,0.001953125,0.0,-0.0022296544035674826,0.0,0.0035413899955731853,0.0,0.0,0.0,0.0,0.0,0.0,1.0,0.000569960528106724,0.0,-0.0,0.0,0.0,-1.0,0.002540220152413212,0.0,-0.0,0.0,0.0,0.0,0.0,0.0,-0.0,0.0,0.0,0.003110180680519936,0.9955154545356611,2.0,,,,,,,,,,,,
2025-08-08,策略2_仅3槽_无板块互斥,0.0,1.0,2.0,0.0,2.0,沪金:L; 沪铝:L,0.0,0.000382360438439866,1.0,-0.00313253012048198,0.0,-0.002878653675819298,1.0,0.003541311049400031,0.0,-0.024590163934426257,0.0,-0.0020333468889792705,0.0,-0.0008532423208190698,0.0,-0.0020938023450586263,0.0,0.0016103059581320522,0.0,0.005198180636777128,0.0,0.003351955307262511,0.0,-0.005293339214821335,0.0,0.0,1.0,-0.0010441767068273267,0.0,-0.0,1.0,0.001180437016466677,0.0,-0.0,0.0,-0.0,-1.0,0.00028441410693968994,0.0,-0.0,0.0,0.0,0.0,0.0,0.0,0.0,0.0,-0.0,0.00042067441657904036,0.9959342424186934,3.0,,,,,,,,,,,,
2025-08-11,策略2_仅3槽_无板块互斥,1.0,1.0,2.0,0.0,1.0,沪铜:L; 沪铝:L,1.0,0.006752452541725074,1.0,0.0007251631617113397,0.0,0.0033311125916055673,0.0,-0.010561056105610533,0.0,0.020038784744667026,0.0,0.023634881825590925,0.0,0.004696840307429451,0.0,0.0025178346621905767,0.0,0.013183279742765341,0.0,-0.007110536522301203,0.0,0.02650334075723837,0.0,0.0031042128603104846,0.0,0.0,1.0,0.00024172105390377988,0.0,0.0,1.0,-0.003520352035203511,0.0,0.0,0.0,0.0,0.0,0.0,0.0,0.0,0.0,0.0,0.0,-0.0,0.0,0.0,0.0,0.0,-0.0032786309812997314,0.9926689415561621,2.0,,,,,,,,,,,,
2025-08-12,策略2_仅3槽_无板块互斥,1.0,0.0,3.0,0.0,1.0,PTA:L; 沪铜:L; 沪铝:L,1.0,0.0,1.0,0.0016908212560386993,0.0,0.0017706949977867037,0.0,-0.004413198542618235,0.0,0.015209125475285079,0.0,0.04538216560509545,1.0,0.004249893752656275,0.0,0.044788614483047384,0.0,0.006664550936210656,0.0,0.006184895833333259,0.0,0.019310045563028844,0.0,-0.0008841732979664174,1.0,0.0,1.0,0.000563607085346233,0.0,0.0,0.0,-0.0,0.0,0.0,0.0,0.0,0.0,0.0,0.0,0.0,0.0,0.0,0.0,0.0,0.0,0.0,0.0,-0.0,0.000563607085346233,0.9932284168050264,2.0,,,,,,,,,,,,
2025-08-13,策略2_仅3槽_无板块互斥,0.0,0.0,3.0,0.0,2.0,PTA:L; 沪铜:L; 沪铝:L,1.0,0.004555808656036442,1.0,0.0026525198938991412,0.0,-0.001325673884224443,0.0,0.0021648368640792004,0.0,-0.0074906367041198685,0.0,-0.051789794364051844,1.0,0.0,0.0,-0.006810897435897467,0.0,-0.003783102143757877,0.0,0.02329343254610161,0.0,0.010004257130693972,0.0,-0.0212389380530974,1.0,0.0015186028853454807,1.0,0.0008841732979663804,0.0,-0.0,0.0,0.0,0.0,-0.0,0.0,-0.0,1.0,0.0,0.0,-0.0,0.0,-0.0,0.0,0.0,0.0,0.0,0.0,-0.0,0.002402776183311861,0.995614922389514,3.0,,,,,,,,,,,,
2025-08-14,策略2_仅3槽_无板块互斥,0.0,2.0,1.0,0.0,3.0,沪铜:L,1.0,-0.005416981607457849,0.0,-0.003607503607503615,0.0,-0.005309734513274322,0.0,0.0012600936069537827,0.0,-0.02515723270440251,0.0,-0.02489959839357425,0.0,-0.012695725772323363,0.0,-0.01774909237595801,0.0,-0.010443037974683489,0.0,-0.001896933291179237,0.0,-0.012855637513171758,0.0,-0.004520795660036159,1.0,-0.001805660535819283,1.0,-0.001202501202501205,0.0,-0.0,0.0,0.0,0.0,-0.0,0.0,-0.0,1.0,-0.004231908590774454,0.0,-0.0,0.0,-0.0,0.0,-0.0,0.0,-0.0,0.0,-0.0,-0.007240070329094942,0.9884066003307176,3.0,,,,,,,,,,,,
2025-08-15,策略2_仅3槽_无板块互斥,2.0,1.0,2.0,0.0,1.0,橡胶:S; 焦煤:S,0.0,0.00139328689043694,0.0,0.0016895969104513409,0.0,0.0022241992882561235,0.0,-0.0037241556440221757,0.0,0.001290322580645098,-1.0,0.01317957166392092,0.0,0.010715816545220802,0.0,-0.00944558521560579,-1.0,0.017268947873360974,0.0,-0.0063351282863477465,0.0,0.00982066609735277,0.0,-0.00544959128065392,1.0,0.00046442896347898,0.0,0.0,0.0,0.0,0.0,-0.0,0.0,0.0,0.0,0.0,0.0,0.0,0.0,-0.0,0.0,0.0,0.0,-0.0,0.0,0.0,0.0,-0.0,0.00046442896347898,0.988865644983605,1.0,,,,,,,,,,,,
2025-08-18,策略2_仅3槽_无板块互斥,1.0,0.0,3.0,0.0,2.0,橡胶:S; 沪铝:S; 焦煤:S,0.0,-0.0013913483430305629,-1.0,-0.00746987951807232,0.0,-0.007545494895694671,0.0,0.0023975251353440807,0.0,-0.005154639175257714,-1.0,-0.03455284552845528,0.0,0.006361323155216203,0.0,-0.0066334991708125735,-1.0,-0.005344231373781816,0.0,0.00573796620975453,0.0,0.013107822410147962,0.0,-0.005936073059360725,0.0,-0.0,0.0,-0.0,0.0,-0.0,0.0,0.0,0.0,-0.0,-1.0,0.01151761517615176,0.0,0.0,0.0,-0.0,-1.0,0.001781410457927272,0.0,0.0,0.0,0.0,0.0,-0.0,0.013299025634079031,1.002016594544902,2.0,,,,,,,,,,,,
2025-08-19,策略2_仅3槽_无板块互斥,0.0,0.0,3.0,0.0,3.0,橡胶:S; 沪铝:S; 焦煤:S,0.0,-0.0007599746675110985,-1.0,-0.002427773731488281,0.0,-0.006932021466905192,0.0,-0.0033433634236041954,0.0,-0.0012953367875647714,-1.0,0.005894736842105175,0.0,-0.0025284450063211006,0.0,-0.002086811352253748,-1.0,0.003476611883691527,0.0,0.0019017432646593058,0.0,0.005843071786310494,0.0,-0.003215434083601254,0.0,-0.0,-1.0,0.0008092579104960936,0.0,-0.0,0.0,-0.0,0.0,-0.0,-1.0,-0.001964912280701725,0.0,-0.0,0.0,-0.0,-1.0,-0.0011588706278971757,0.0,0.0,0.0,0.0,0.0,-0.0,-0.002314524998102807,0.9996974020883139,3.0,,,,,,,,,,,,
2025-08-20,策略2_仅3槽_无板块互斥,0.0,0.0,3.0,0.0,2.0,橡胶:S; 沪铝:S; 焦煤:S,0.0,-0.00316896945113454,-1.0,-0.00048673643222196805,0.0,0.002702094122945198,0.0,-0.0030707300079994004,0.0,-0.0025940337224383825,-1.0,-0.02678945165341151,0.0,0.009294465568229882,0.0,0.013801756587201952,-1.0,-0.012598425196850394,0.0,-0.00031635558367604233,0.0,-0.00892116182572611,0.0,0.0,0.0,-0.0,-1.0,0.00016224547740732267,0.0,0.0,0.0,-0.0,0.0,-0.0,-1.0,0.008929817217803837,0.0,0.0,0.0,0.0,-1.0,0.004199475065616798,0.0,-0.0,0.0,-0.0,0.0,0.0,0.013291537760827957,1.0129849178575725,3.0,,,,,,,,,,,,
2025-08-21,策略2_仅3槽_无板块互斥,0.0,0.0,3.0,0.0,1.0,橡胶:S; 沪铝:S; 焦煤:S,0.0,-0.0016531027466938353,-1.0,0.0026783540297052877,0.0,-0.0011228385358185156,0.0,0.003157840244344401,0.0,0.004551365409622976,-1.0,-0.013333333333333308,0.0,0.01716199246546668,0.0,0.0004125412541253759,-1.0,0.002870813397129135,0.0,-0.014873417721518956,0.0,-0.00565208289721586,0.0,-0.0018433179723502668,0.0,-0.0,-1.0,-0.0008927846765684292,0.0,-0.0,0.0,0.0,0.0,0.0,-1.0,0.004444444444444436,0.0,0.0,0.0,0.0,-1.0,-0.000956937799043045,0.0,-0.0,0.0,-0.0,0.0,-0.0,0.0025947219688329617,1.015613332078034,3.0,,,,,,,,,,,,
2025-08-22,策略2_仅3槽_无板块互斥,0.0,1.0,2.0,0.0,1.0,橡胶:S; 焦煤:S,0.0,0.0017832123296395164,0.0,0.0019426906265176402,0.0,0.001573741007194318,0.0,-0.0022190112498710057,0.0,-0.003236245954692518,-1.0,0.013077593722754965,0.0,0.0016460905349793276,0.0,-0.008247422680412342,-1.0,-0.006043256997455448,0.0,-0.008030838419531006,0.0,0.00968421052631574,0.0,0.0041551246537396835,0.0,0.0,-1.0,-0.0006475635421725467,0.0,0.0,0.0,-0.0,0.0,-0.0,-1.0,-0.0043591979075849885,0.0,0.0,0.0,-0.0,-1.0,0.002014418999151816,0.0,-0.0,0.0,0.0,0.0,0.0,-0.0029923424506057192,1.0125742691910558,3.0,,,,,,,,,,,,
2025-08-25,策略2_仅3槽_无板块互斥,1.0,1.0,2.0,0.0,0.0,橡胶:S; 玉米:L,0.0,0.013223140495867813,0.0,0.0067862336403297085,0.0,0.005387205387205496,0.0,0.007473493664339248,0.0,0.02207792207792214,0.0,0.0460413080895008,0.0,-0.0012325390304026573,0.0,0.007900207900207956,-1.0,0.017919999999999936,0.0,0.009391191709844593,0.0,-0.0010425354462051395,1.0,-0.0096551724137931,0.0,0.0,0.0,0.0,0.0,0.0,0.0,0.0,0.0,0.0,-1.0,-0.015347102696500267,0.0,-0.0,0.0,0.0,-1.0,-0.005973333333333312,0.0,0.0,0.0,-0.0,0.0,-0.0,-0.021320436029833578,0.9909857442593124,2.0,,,,,,,,,,,,
2025-08-26,策略2_仅3槽_无板块互斥,1.0,0.0,3.0,0.0,2.0,橡胶:S; 沪金:L; 玉米:L,0.0,-0.0062743129627306216,0.0,-0.0026480500722195766,0.0,-0.005581603036392102,1.0,0.0024897969660413466,0.0,-0.013341804320203265,0.0,-0.04524886877828049,0.0,0.0016454134101193674,0.0,-0.011963696369637011,-1.0,-0.0012574662055957475,0.0,-0.011549566891241536,0.0,-0.008557712377374238,1.0,0.0018570102135562205,0.0,-0.0,0.0,-0.0,0.0,-0.0,0.0,0.0,0.0,-0.0,0.0,-0.0,0.0,0.0,0.0,-0.0,-1.0,0.0004191554018652492,0.0,-0.0,0.0,-0.0,1.0,0.0006190034045187401,0.0010381588063839893,0.9920145448367161,2.0,,,,,,,,,,,,
2025-08-27,策略2_仅3槽_无板块互斥,0.0,1.0,2.0,0.0,2.0,沪金:L; 玉米:L,0.0,0.0,0.0,0.004586048756939354,0.0,0.0017961383026492417,1.0,5.120852109796736e-05,0.0,-0.0012878300064391723,0.0,-0.005601034037053032,0.0,-0.00944558521560579,0.0,-0.009603340292275608,0.0,-0.00786905886056033,0.0,-0.011684518013631906,0.0,0.0,1.0,0.002780352177942591,0.0,0.0,0.0,0.0,0.0,0.0,1.0,1.706950703265579e-05,0.0,-0.0,0.0,-0.0,0.0,-0.0,0.0,-0.0,-1.0,0.0026230196201867764,0.0,-0.0,0.0,0.0,1.0,0.000926784059314197,0.003566873186533629,0.9955529349173456,3.0,,,,,,,,,,,,
2025-08-28,策略2_仅3槽_无板块互斥,1.0,0.0,3.0,0.0,1.0,PTA:S; 沪金:L; 玉米:L,0.0,-0.00328324283369108,0.0,-0.0028832292167226825,0.0,-0.006275212909009453,1.0,0.0026371037943571096,0.0,0.01934235976789167,0.0,0.018197573656845822,-1.0,-0.0066334991708125735,0.0,0.00042158516020229797,0.0,0.011738578680203116,0.0,-0.0019704433497537144,0.0,-0.009052631578947423,1.0,0.009704251386321694,0.0,-0.0,0.0,-0.0,0.0,-0.0,1.0,0.0008790345981190365,0.0,0.0,0.0,0.0,0.0,-0.0,0.0,0.0,0.0,0.0,0.0,-0.0,0.0,-0.0,1.0,0.003234750462107231,0.0041137850602262676,0.999648425707673,2.0,,,,,,,,,,,,
2025-08-29,策略2_仅3槽_无板块互斥,0.0,0.0,3.0,0.0,0.0,PTA:S; 沪金:L; 玉米:L,0.0,0.006081337894336736,0.0,-0.00048192771084332175,0.0,-0.0013531799729363803,1.0,0.005362477975536795,0.0,-0.003795066413662229,0.0,-0.020425531914893602,-1.0,-0.0016694490818029983,0.0,-0.005056890012642201,0.0,-0.005330824709940396,0.0,0.005264889766370517,0.0,-0.010410027618440565,1.0,0.0027459954233408634,0.0,0.0,0.0,-0.0,0.0,-0.0,1.0,0.0017874926585122648,0.0,-0.0,0.0,-0.0,-1.0,0.0005564830272676661,0.0,-0.0,0.0,-0.0,0.0,0.0,0.0,-0.0,1.0,0.0009153318077802878,0.0032593074935602187,1.0029065873125078,3.0,,,,,,,,,,,,
2025-09-01,策略2_仅3槽_无板块互斥,0.0,0.0,3.0,0.0,0.0,PTA:S; 沪金:L; 玉米:L,0.0,0.0046593628006548204,0.0,-0.004580520732883286,0.0,0.0015808491418247694,1.0,0.01877016077823801,0.0,-0.02730158730158727,0.0,-0.028236316246741944,-1.0,-0.0025083612040134318,0.0,0.010165184243964509,0.0,0.0,0.0,-0.0003273322422258085,0.0,0.007299270072992803,1.0,0.0009128251939753973,0.0,0.0,0.0,-0.0,0.0,0.0,1.0,0.00625672025941267,0.0,-0.0,0.0,-0.0,-1.0,0.0008361204013378106,0.0,0.0,0.0,0.0,0.0,-0.0,0.0,0.0,1.0,0.00030427506465846577,0.007397115725408946,1.0103252034006334,3.0,,,,,,,,,,,,
2025-09-02,策略2_仅3槽_无板块互斥,0.0,0.0,3.0,0.0,0.0,PTA:S; 沪金:L; 玉米:L,0.0,-0.0015041363750313286,0.0,0.0036328408815693436,0.0,0.006764374295377573,1.0,0.004961356270256623,0.0,0.007180156657963455,0.0,-0.00536432722396063,-1.0,-0.0033528918692372622,0.0,-0.005450733752620507,0.0,0.0006305170239595537,0.0,-0.0013097576948264411,0.0,0.004049445865302648,1.0,0.0031919744642043835,0.0,-0.0,0.0,0.0,0.0,0.0,1.0,0.0016537854234188742,0.0,0.0,0.0,-0.0,-1.0,0.0011176306230790873,0.0,-0.0,0.0,0.0,0.0,-0.0,0.0,0.0,1.0,0.0010639914880681278,0.003835407534566089,1.0142002122981182,3.0,,,,,,,,,,,,
2025-09-03,策略2_仅3槽_无板块互斥,0.0,0.0,3.0,0.0,2.0,PTA:S; 沪金:L; 玉米:L,0.0,0.005649008285212087,0.0,-0.0004826254826254539,0.0,-0.0017917133258679163,1.0,0.012999578257957278,0.0,0.0071289695398573105,0.0,-0.00584269662921344,-1.0,-0.005046257359125339,0.0,0.004215851602023646,0.0,0.000945179584120881,0.0,0.0052459016393442415,0.0,-0.00573126724686901,1.0,-0.0031818181818181746,0.0,0.0,0.0,-0.0,0.0,-0.0,1.0,0.004333192752652426,0.0,0.0,0.0,-0.0,-1.0,0.001682085786375113,0.0,0.0,0.0,0.0,0.0,0.0,0.0,-0.0,1.0,-0.0010606060606060581,0.0049546724784214815,1.019225242177601,3.0,,,,,,,,,,,,
2025-09-04,策略2_仅3槽_无板块互斥,0.0,0.0,3.0,0.0,2.0,PTA:S; 沪金:L; 玉米:L,0.0,-0.004244164274123108,0.0,-0.005070014485755725,0.0,-0.007404083464213618,1.0,-0.00213062963779298,0.0,0.01866151866151866,0.0,-0.010397830018083143,-1.0,-0.01606086221470837,0.0,-0.0016792611251049694,0.0,0.0047214353163360645,0.0,-0.005870841487279899,0.0,0.0023484201537147253,1.0,0.007751937984496138,0.0,-0.0,0.0,-0.0,0.0,-0.0,1.0,-0.0007102098792643267,0.0,0.0,0.0,-0.0,-1.0,0.005353620738236124,0.0,-0.0,0.0,0.0,0.0,-0.0,0.0,0.0,1.0,0.002583979328165379,0.007227390187137176,1.0265915806913979,3.0,,,,,,,,,,,,
2025-09-05,策略2_仅3槽_无板块互斥,0.0,0.0,3.0,0.0,1.0,PTA:S; 沪金:L; 玉米:L,0.0,0.004638335213739575,0.0,0.004367871875758267,0.0,0.0015822784810126667,1.0,0.0031904972267216003,0.0,-0.0025268477574226234,0.0,0.05847418912745539,-1.0,0.0034364261168384758,0.0,0.015559293523969675,0.0,0.022869674185463706,0.0,0.006233595800524849,0.0,0.014483493077742216,1.0,0.0063348416289592535,0.0,0.0,0.0,0.0,0.0,0.0,1.0,0.0010634990755738667,0.0,-0.0,0.0,0.0,-1.0,-0.001145475372279492,0.0,0.0,0.0,0.0,0.0,0.0,0.0,0.0,1.0,0.002111613876319751,0.0020296375796141257,1.0286751895424846,3.0,,,,,,,,,,,,
2025-09-08,策略2_仅3槽_无板块互斥,0.0,1.0,2.0,0.0,2.0,PTA:S; 玉米:L,0.0,-0.006114299975043647,0.0,0.0012080212611742525,0.0,0.005190701873166281,0.0,0.009369801350425533,0.0,0.0031665611146294292,0.0,-0.01294777729823049,-1.0,0.0038527397260272878,0.0,-0.0028985507246376274,0.0,-0.003981623277182211,0.0,0.0045647212259536385,0.0,-0.006298551333193347,1.0,0.003147482014388414,0.0,-0.0,0.0,0.0,0.0,0.0,1.0,0.003123267116808511,0.0,0.0,0.0,-0.0,-1.0,-0.0012842465753424293,0.0,-0.0,0.0,-0.0,0.0,0.0,0.0,-0.0,1.0,0.0010491606714628048,0.0028881812129288864,1.0316461898991274,3.0,,,,,,,,,,,,
2025-09-09,策略2_仅3槽_无板块互斥,1.0,2.0,1.0,0.0,1.0,焦煤:L,0.0,0.0,0.0,0.0014478764478764727,0.0,-0.006511001347103695,0.0,0.0144453331394363,0.0,0.016414141414141437,1.0,-0.01749016178399654,0.0,-0.0025586353944563323,0.0,-0.004152823920265836,0.0,-0.019680196801967975,0.0,-0.0019474196689386325,0.0,0.0021128248468202937,0.0,-0.007619901389511408,0.0,0.0,0.0,0.0,0.0,-0.0,0.0,0.0,0.0,0.0,0.0,-0.0,-1.0,0.0008528784648187774,0.0,-0.0,0.0,-0.0,0.0,-0.0,0.0,0.0,1.0,-0.002539967129837136,-0.0016870886650183587,1.0299057113058392,2.0,,,,,,,,,,,,
2025-09-10,策略2_仅3槽_无板块互斥,2.0,0.0,3.0,0.0,1.0,沪铜:S; 焦煤:L; 玉米:S,-1.0,0.0017576898932831764,0.0,0.001927710843373509,0.0,0.004067796610169427,0.0,-0.0012423844224107583,0.0,0.0,1.0,-0.00578549176680021,0.0,0.004275331338178701,0.0,0.0037531276063387242,0.0,0.0025094102885820924,0.0,-0.0029268292682926855,0.0,-0.025511279780729534,-1.0,-0.007678410117434531,0.0,0.0,0.0,0.0,0.0,0.0,0.0,-0.0,0.0,0.0,1.0,-0.0019284972556000701,0.0,0.0,0.0,0.0,0.0,0.0,0.0,-0.0,0.0,-0.0,0.0,-0.0,-0.0019284972556000701,1.027919540968059,1.0,,,,,,,,,,,,
2025-09-11,策略2_仅3槽_无板块互斥,0.0,0.0,3.0,0.0,3.0,沪铜:S; 焦煤:L; 玉米:S,-1.0,0.004261185612232099,0.0,0.006012506012506025,0.0,0.0015755120414133739,0.0,-0.003851398225007685,0.0,-0.011801242236024856,1.0,0.021933751119068923,0.0,-0.002128565346956157,0.0,-0.0083090984628168,0.0,-0.0046933667083854935,0.0,0.0071754729288975305,0.0,0.009303331890956335,-1.0,0.002275830678197588,-1.0,-0.0014203952040773664,0.0,0.0,0.0,0.0,0.0,-0.0,0.0,-0.0,1.0,0.0073112503730229745,0.0,-0.0,0.0,-0.0,0.0,-0.0,0.0,0.0,0.0,0.0,-1.0,-0.0007586102260658626,0.005132244942879745,1.0331950758338795,3.0,,,,,,,,,,,,
2025-09-12,策略2_仅3槽_无板块互斥,0.0,1.0,2.0,0.0,3.0,焦煤:L; 玉米:S,0.0,0.011606140022463407,0.0,0.009801577814965379,0.0,0.0024719101123595877,0.0,0.004634743768310967,0.0,0.005028284098051561,1.0,0.0026281208935610145,0.0,-0.008532423208191142,0.0,-0.0033514872224549297,0.0,-0.005344231373781816,0.0,-0.0029145077720207357,0.0,-0.0036441586280814287,-1.0,-0.002270663033605791,-1.0,-0.003868713340821136,0.0,0.0,0.0,0.0,0.0,0.0,0.0,0.0,1.0,0.0008760402978536715,0.0,-0.0,0.0,-0.0,0.0,-0.0,0.0,-0.0,0.0,-0.0,-1.0,0.000756887677868597,-0.002235785365098867,1.030885073404038,3.0,,,,,,,,,,,,
2025-09-15,策略2_仅3槽_无板块互斥,1.0,0.0,3.0,0.0,0.0,沪锌:L; 焦煤:L; 玉米:S,0.0,-0.001480384900074072,0.0,-0.004498106060606077,1.0,0.0002241649854293204,0.0,-0.0031074459184893266,0.0,-0.004377736085053208,1.0,0.03757099169943201,0.0,0.005163511187607606,0.0,0.007145859604875904,0.0,0.01106194690265494,0.0,-0.012016888600194897,0.0,0.013554216867469826,-1.0,-0.013654984069185305,0.0,-0.0,0.0,-0.0,0.0,0.0,0.0,-0.0,0.0,-0.0,1.0,0.01252366389981067,0.0,0.0,0.0,0.0,0.0,0.0,0.0,-0.0,0.0,0.0,-1.0,0.004551661356395102,0.01707532525620577,1.0484877713341794,2.0,,,,,,,,,,,,
2025-09-16,策略2_仅3槽_无板块互斥,0.0,0.0,3.0,0.0,1.0,沪锌:L; 焦煤:L; 玉米:S,0.0,-0.000741289844329085,0.0,-0.0019024970273483488,1.0,-0.002465262214253694,0.0,0.012564440714542657,0.0,0.009422110552763874,1.0,0.044631578947368356,0.0,0.003424657534246478,0.0,-0.008764607679465741,0.0,0.0028133791809941133,0.0,-0.00032873109796183186,0.0,0.006368074718743344,-1.0,-0.00046146746654363024,0.0,-0.0,0.0,-0.0,1.0,-0.000821754071417898,0.0,0.0,0.0,0.0,1.0,0.014877192982456119,0.0,0.0,0.0,-0.0,0.0,0.0,0.0,-0.0,0.0,0.0,-1.0,0.00015382248884787675,0.014209261399886097,1.0633860081516506,3.0,,,,,,,,,,,,
2025-09-17,策略2_仅3槽_无板块互斥,0.0,0.0,3.0,0.0,1.0,沪锌:L; 焦煤:L; 玉米:S,0.0,-0.003956478733926794,0.0,-0.0021443888491780028,1.0,0.001348011682767991,0.0,-0.00821710199152248,0.0,0.001244555071561848,1.0,-0.006045949214026569,0.0,0.005119453924914641,0.0,0.0004210526315788776,0.0,-0.009975062344139696,0.0,-0.012824728707661937,0.0,-0.0061168529846024056,-1.0,-0.0023084025854108736,0.0,-0.0,0.0,-0.0,1.0,0.00044933722758933037,0.0,-0.0,0.0,0.0,1.0,-0.002015316404675523,0.0,0.0,0.0,0.0,0.0,-0.0,0.0,-0.0,0.0,-0.0,-1.0,0.0007694675284702912,-0.0007965116486159016,1.0625390088091826,3.0,,,,,,,,,,,,
2025-09-18,策略2_仅3槽_无板块互斥,0.0,1.0,2.0,0.0,1.0,焦煤:L; 玉米:S,0.0,-0.012164846077457825,0.0,-0.007402101241642756,0.0,-0.01076957594794703,0.0,-0.012917243684637758,0.0,-0.005593536357986317,1.0,-0.023925385239253805,0.0,-0.009762308998302216,0.0,-0.012626262626262652,0.0,-0.01952141057934509,0.0,-0.0029980013324449883,0.0,-0.012733446519524572,-1.0,0.007403979639055924,0.0,-0.0,0.0,-0.0,1.0,-0.0035898586493156768,0.0,-0.0,0.0,-0.0,1.0,-0.007975128413084601,0.0,-0.0,0.0,-0.0,0.0,-0.0,0.0,-0.0,0.0,-0.0,-1.0,-0.0024679932130186413,-0.014032980275418919,1.0476284198567003,3.0,,,,,,,,,,,,
2025-09-19,策略2_仅3槽_无板块互斥,1.0,0.0,3.0,0.0,1.0,沪铝:S; 焦煤:L; 玉米:S,0.0,0.0033928122643880343,-1.0,0.0004811161895597049,0.0,-0.0002268088001814439,0.0,0.004523354539077262,0.0,0.009374999999999911,1.0,0.023680930619027762,0.0,-0.013287612516073688,0.0,0.006393861892583175,0.0,-0.0022479126525368764,0.0,0.007016371533578258,0.0,0.0012897678417884695,-1.0,-0.00413412953605885,0.0,0.0,0.0,0.0,0.0,-0.0,0.0,0.0,0.0,0.0,1.0,0.00789364353967592,0.0,-0.0,0.0,0.0,0.0,-0.0,0.0,0.0,0.0,0.0,-1.0,0.0013780431786862835,0.009271686718362204,1.0573417023628644,2.0,,,,,,,,,,,,
2025-09-22,策略2_仅3槽_无板块互斥,0.0,2.0,1.0,0.0,0.0,沪铝:S,0.0,0.003882279273638156,-1.0,-0.0024044241404184152,0.0,0.002268602540834941,0.0,0.01919187054517435,0.0,0.0012383900928791824,0.0,-0.011769480519480569,0.0,-0.003909643788010397,0.0,-0.005506141465480674,0.0,0.005149662053427706,0.0,0.006635700066357053,0.0,0.00472305710605414,0.0,-0.009686346863468587,0.0,0.0,-1.0,0.0008014747134728051,0.0,0.0,0.0,0.0,0.0,0.0,1.0,-0.0039231601731601895,0.0,-0.0,0.0,-0.0,0.0,0.0,0.0,0.0,0.0,0.0,-1.0,0.0032287822878228623,0.00010709682813547783,1.057454940305443,3.0,,,,,,,,,,,,
2025-09-23,策略2_仅3槽_无板块互斥,1.0,0.0,2.0,0.0,0.0,沪铝:S; 焦煤:S,0.0,-0.0029940119760478723,-1.0,-0.002892263195950817,0.0,-0.01109099139882297,0.0,0.010561134081512158,0.0,-0.007421150278293154,-1.0,0.0,0.0,-0.0065416484954208265,0.0,-0.002129471890971013,0.0,-0.0057636887608069065,0.0,-0.03493737640079109,0.0,-0.03269230769230769,0.0,0.005123428039124356,0.0,-0.0,-1.0,0.0009640877319836058,0.0,-0.0,0.0,0.0,0.0,-0.0,0.0,0.0,0.0,-0.0,0.0,-0.0,0.0,-0.0,0.0,-0.0,0.0,-0.0,0.0,0.0,0.0009640877319836058,1.058474419640517,1.0,,,,,,,,,,,,
2025-09-24,策略2_仅3槽_无板块互斥,1.0,0.0,3.0,0.0,0.0,沪铝:S; 焦煤:S; 玉米:L,0.0,0.0005005005005005447,-1.0,0.0009668842156151936,0.0,0.0006866559853513365,0.0,0.0053305901056766025,0.0,0.0012461059190032042,-1.0,0.005749486652977476,0.0,0.015364354697102733,0.0,0.0034144259496371454,0.0,0.006119162640901843,0.0,0.000683060109289535,0.0,0.007952286282306265,1.0,0.002780352177942591,0.0,0.0,-1.0,-0.00032229473853839785,0.0,0.0,0.0,0.0,0.0,0.0,-1.0,-0.001916495550992492,0.0,0.0,0.0,0.0,0.0,0.0,0.0,0.0,0.0,0.0,0.0,0.0,-0.0022387902895308898,1.0561047173881088,2.0,,,,,,,,,,,,
2025-09-25,策略2_仅3槽_无板块互斥,0.0,0.0,3.0,0.0,0.0,沪铝:S; 焦煤:S; 玉米:L,0.0,0.03439219609804911,-1.0,0.0028978507606858273,0.0,0.008462946020127982,0.0,-0.006139534883720876,0.0,0.002489110143123918,-1.0,0.008166598611678344,0.0,0.01124081279723299,0.0,0.002126754572522316,0.0,-0.003201024327784907,0.0,0.0126279863481229,0.0,0.01051939513477973,1.0,0.00046210720887240875,0.0,0.0,-1.0,-0.0009659502535619424,0.0,0.0,0.0,-0.0,0.0,0.0,-1.0,-0.0027221995372261145,0.0,0.0,0.0,0.0,0.0,-0.0,0.0,0.0,0.0,0.0,1.0,0.00015403573629080292,-0.003534114054497254,1.0523723228633668,3.0,,,,,,,,,,,,
2025-09-26,策略2_仅3槽_无板块互斥,0.0,1.0,2.0,0.0,1.0,焦煤:S; 玉米:L,0.0,-0.0029017047515415006,0.0,-0.0009631591620514746,0.0,-0.0029485144023587706,0.0,0.001567764882066447,0.0,-0.019242706393544418,-1.0,-0.030781692993114618,0.0,-0.0068405301410859876,0.0,-0.0004244482173174635,0.0,-0.006422607578676964,0.0,-0.010111223458038388,0.0,0.0015181088700932932,1.0,0.006004618937644368,0.0,-0.0,-1.0,0.00032105305401715817,0.0,-0.0,0.0,0.0,0.0,-0.0,-1.0,0.010260564331038205,0.0,-0.0,0.0,-0.0,0.0,-0.0,0.0,-0.0,0.0,0.0,1.0,0.002001539645881456,0.01258315703093682,1.0656144890569683,3.0,,,,,,,,,,,,
2025-09-29,策略2_仅3槽_无板块互斥,1.0,0.0,3.0,0.0,1.0,焦煤:S; 玉米:L; 铁矿石:S,0.0,-0.0012125621438098255,0.0,-0.000723065798987732,0.0,-0.008189262966333044,0.0,0.012218769712403432,-1.0,-0.0075949367088608,-1.0,-0.035520267446719545,0.0,0.001291433491175109,0.0,0.001698513800424628,0.0,-0.006140917905623766,0.0,-0.0013619339462036528,0.0,-0.0002165439584235207,1.0,-0.008723599632690537,0.0,-0.0,0.0,-0.0,0.0,-0.0,0.0,0.0,0.0,-0.0,-1.0,0.011840089148906515,0.0,0.0,0.0,0.0,0.0,-0.0,0.0,-0.0,0.0,-0.0,1.0,-0.002907866544230179,0.008932222604676337,1.0751327948839937,2.0,,,,,,,,,,,,
2025-09-30,策略2_仅3槽_无板块互斥,0.0,0.0,3.0,0.0,1.0,焦煤:S; 玉米:L; 铁矿石:S,0.0,0.008983853344664228,0.0,-0.002411963338157297,0.0,0.0011467889908256534,0.0,0.009093846650971793,-1.0,-0.004464285714285698,-1.0,-0.024263431542461023,0.0,-0.012467755803955316,0.0,-0.013141161509114041,0.0,-0.022439024390243922,0.0,-0.0017047391749062113,0.0,-0.0006497725795971965,1.0,-0.007410838351088467,0.0,0.0,0.0,-0.0,0.0,0.0,0.0,0.0,-1.0,0.0014880952380952328,-1.0,0.008087810514153674,0.0,-0.0,0.0,-0.0,0.0,-0.0,0.0,-0.0,0.0,-0.0,1.0,-0.0024702794503628223,0.007105626301886084,1.0827722867493417,3.0,,,,,,,,,,,,
2025-10-09,策略2_仅3槽_无板块互斥,0.0,0.0,3.0,0.0,0.0,焦煤:S; 玉米:L; 铁矿石:S,0.0,0.04379737697028041,0.0,0.019825918762089056,0.0,0.02245131729667804,0.0,0.045654162854528835,-1.0,0.012812299807815508,-1.0,0.03374777975133214,0.0,-0.002176752285589889,0.0,-0.01632302405498287,0.0,0.025615435795076413,0.0,0.0037568306010928865,0.0,0.03706111833550074,1.0,-0.002333177788147456,0.0,0.0,0.0,0.0,0.0,0.0,0.0,0.0,-1.0,-0.004270766602605169,-1.0,-0.011249259917110713,0.0,-0.0,0.0,-0.0,0.0,0.0,0.0,0.0,0.0,0.0,1.0,-0.0007777259293824853,-0.01629775244909837,1.0651255320611568,3.0,,,,,,,,,,,,
2025-10-10,策略2_仅3槽_无板块互斥,0.0,0.0,3.0,0.0,0.0,焦煤:S; 玉米:L; 铁矿石:S,0.0,-0.009682997118155567,0.0,-0.005215742057847361,0.0,-0.0020165807752632325,0.0,-0.013955726660250356,-1.0,0.005692599620493288,-1.0,-0.002577319587628857,0.0,-0.010907504363001697,0.0,0.007423580786026118,0.0,-0.006487187804086969,0.0,-0.005784280367471917,0.0,-0.01379310344827589,1.0,-0.006080449017773604,0.0,-0.0,0.0,-0.0,0.0,-0.0,0.0,-0.0,-1.0,-0.0018975332068310962,-1.0,0.0008591065292096189,0.0,-0.0,0.0,0.0,0.0,-0.0,0.0,-0.0,0.0,-0.0,1.0,-0.0020268163392578678,-0.0030652430168793448,1.0618606634619063,3.0,,,,,,,,,,,,
2025-10-13,策略2_仅3槽_无板块互斥,0.0,2.0,1.0,0.0,0.0,焦煤:S,0.0,-0.009195669887091196,0.0,-0.004528122020972303,0.0,-0.0006735518634934934,0.0,0.028838901459692146,0.0,0.011949685534591303,-1.0,-0.012919896640826822,0.0,-0.005293339214821335,0.0,0.015171218032076217,0.0,-0.02448579823702257,0.0,0.003422313483915085,0.0,-0.007840644204280545,0.0,-0.015529411764705903,0.0,-0.0,0.0,-0.0,0.0,-0.0,0.0,0.0,-1.0,-0.0039832285115304344,-1.0,0.004306632213608941,0.0,-0.0,0.0,0.0,0.0,-0.0,0.0,0.0,0.0,-0.0,1.0,-0.005176470588235301,-0.004853066886156794,1.0567073826383468,3.0,,,,,,,,,,,,
2025-10-14,策略2_仅3槽_无板块互斥,0.0,0.0,1.0,0.0,0.0,焦煤:S,0.0,-0.008341165413533802,0.0,-0.00047881254488868485,0.0,-0.0015726802965625453,0.0,0.012311872008279767,0.0,-0.027967681789931587,-1.0,0.00654450261780104,0.0,-0.01552106430155209,0.0,-0.029035012809564442,0.0,-0.006358768406961146,0.0,-0.01023192360163716,0.0,-0.0036309269542930123,0.0,0.009082217973231277,0.0,-0.0,0.0,-0.0,0.0,-0.0,0.0,0.0,0.0,-0.0,-1.0,-0.002181500872600347,0.0,-0.0,0.0,-0.0,0.0,-0.0,0.0,-0.0,0.0,-0.0,0.0,0.0,-0.002181500872600347,1.0544021745610381,1.0,,,,,,,,,,,,
2025-10-15,策略2_仅3槽_无板块互斥,0.0,1.0,0.0,0.0,0.0,,0.0,0.017059590095960253,0.0,0.0028742514970059307,0.0,-0.009225922592259184,0.0,0.022748088351189688,0.0,-0.00703324808184147,0.0,-0.0021673168617252214,0.0,-0.004054054054054013,0.0,0.01055408970976246,0.0,0.003368137420006745,0.0,0.005168849069607129,0.0,-0.0008574490889603492,0.0,0.007579346281383126,0.0,0.0,0.0,0.0,0.0,-0.0,0.0,0.0,0.0,-0.0,-1.0,0.0007224389539084072,0.0,-0.0,0.0,0.0,0.0,0.0,0.0,0.0,0.0,-0.0,0.0,0.0,0.0007224389539084072,1.0551639157650268,1.0,,,,,,,,,,,,
2025-10-16,策略2_仅3槽_无板块互斥,0.0,0.0,0.0,0.0,0.0,,0.0,-0.009085614443797296,0.0,0.002866013852400373,0.0,-0.0034067681126505045,0.0,0.006331091071911876,0.0,-0.003863490019317406,0.0,0.029973935708079935,0.0,0.0076888285843510484,0.0,0.009138381201044377,0.0,0.00033568311513931803,0.0,-0.0034281796366129047,0.0,-0.0010727311735678757,0.0,0.004231311706629048,0.0,-0.0,0.0,0.0,0.0,-0.0,0.0,0.0,0.0,-0.0,0.0,0.0,0.0,0.0,0.0,0.0,0.0,0.0,0.0,-0.0,0.0,-0.0,0.0,0.0,0.0,1.0551639157650268,0.0,,,,,,,,,,,,
2025-10-17,策略2_仅3槽_无板块互斥,3.0,0.0,3.0,0.0,0.0,棕榈油:S; 焦煤:L; 玉米:L,0.0,-0.007993417185846896,0.0,-0.004048582995951455,0.0,-0.005013673655423934,0.0,0.0345398480991701,0.0,-0.003232062055591456,1.0,-0.005482918599746922,0.0,-0.012118491921005337,0.0,-0.0202673566192324,0.0,-0.013758389261744997,0.0,-0.013415892672858587,-1.0,-0.00042955326460480947,1.0,-0.008895131086142372,0.0,-0.0,0.0,-0.0,0.0,-0.0,0.0,0.0,0.0,-0.0,0.0,-0.0,0.0,-0.0,0.0,-0.0,0.0,-0.0,0.0,-0.0,0.0,-0.0,0.0,-0.0,0.0,1.0551639157650268,0.0,,,,,,,,,,,,
2025-10-20,策略2_仅3槽_无板块互斥,0.0,0.0,3.0,0.0,2.0,棕榈油:S; 焦煤:L; 玉米:L,0.0,0.011731247778172804,0.0,0.0,0.0,0.000916170407695871,0.0,-0.029485897179435838,0.0,-0.005188067444876765,1.0,0.031382527565733565,0.0,-0.004089050431621999,0.0,-0.002640845070422504,0.0,0.007825791085403155,0.0,0.009414225941422494,-1.0,0.0010743446497636366,1.0,0.009919697685403905,0.0,0.0,0.0,0.0,0.0,0.0,0.0,-0.0,0.0,-0.0,1.0,0.010460842521911188,0.0,-0.0,0.0,-0.0,0.0,0.0,0.0,0.0,-1.0,-0.00035811488325454555,1.0,0.0033065658951346353,0.013409293533791278,1.0693129184377845,3.0,,,,,,,,,,,,
2025-10-21,策略2_仅3槽_无板块互斥,0.0,0.0,3.0,0.0,2.0,棕榈油:S; 焦煤:L; 玉米:L,0.0,0.00023424689622864037,0.0,0.0026303204208513176,0.0,0.005491990846681949,0.0,0.024466155495094233,0.0,0.0032594524119948787,1.0,-0.032072368421052655,0.0,0.006843065693430628,0.0,0.0008826125330980705,0.0,0.022957461174881733,0.0,-0.002072538860103612,-1.0,-0.0025756600128783447,1.0,0.00280636108512633,0.0,0.0,0.0,0.0,0.0,0.0,0.0,0.0,0.0,0.0,1.0,-0.010690789473684218,0.0,0.0,0.0,0.0,0.0,0.0,0.0,-0.0,-1.0,0.0008585533376261149,1.0,0.00093545369504211,-0.008896782441015993,1.0597994740410757,3.0,,,,,,,,,,,,
2025-10-22,策略2_仅3槽_无板块互斥,0.0,0.0,3.0,0.0,2.0,棕榈油:S; 焦煤:L; 玉米:L,0.0,0.00023419203747065964,0.0,0.003815883615549742,0.0,0.001365498406918464,0.0,-0.04174798301913363,0.0,0.005847953216374213,1.0,0.027612574341546292,0.0,0.015405527865881341,0.0,-0.0030864197530864335,0.0,0.0,0.0,-0.0013845621322257085,-1.0,-0.01398751882935223,1.0,-0.005130597014925353,0.0,0.0,0.0,0.0,0.0,0.0,0.0,-0.0,0.0,0.0,1.0,0.009204191447182097,0.0,0.0,0.0,-0.0,0.0,0.0,0.0,-0.0,-1.0,0.004662506276450744,1.0,-0.0017101990049751177,0.012156498718657724,1.0726829249892902,3.0,,,,,,,,,,,,
2025-10-23,策略2_仅3槽_无板块互斥,0.0,0.0,3.0,0.0,1.0,棕榈油:S; 焦煤:L; 玉米:L,0.0,0.007609459143057773,0.0,0.005702066999287325,0.0,0.01568181818181813,0.0,-0.01079197110943142,0.0,0.003875968992248069,1.0,0.04051260851591576,0.0,0.0058009817045960865,0.0,0.013710747456877392,0.0,0.006270627062706202,0.0,0.018370883882149025,-1.0,-0.0034919249236141647,1.0,0.003281762775433572,0.0,0.0,0.0,0.0,0.0,0.0,0.0,-0.0,0.0,0.0,1.0,0.013504202838638587,0.0,0.0,0.0,0.0,0.0,0.0,0.0,0.0,-1.0,0.001163974974538055,1.0,0.001093920925144524,0.015762098738321167,1.0895906591678826,3.0,,,,,,,,,,,,
2025-10-24,策略2_仅3槽_无板块互斥,0.0,1.0,2.0,0.0,3.0,棕榈油:S; 焦煤:L,0.0,0.019170442662948872,0.0,0.0028348688873138794,0.0,0.00044752741105402727,0.0,-0.004436048732860631,0.0,-0.007722007722007707,1.0,-0.007945967421533529,0.0,0.002218278615794045,0.0,-0.008726003490401424,0.0,0.005903574942604184,0.0,-0.0017018379850238796,-1.0,-0.0010950503723171634,0.0,-0.003271028037383217,0.0,0.0,0.0,0.0,0.0,0.0,0.0,-0.0,0.0,-0.0,1.0,-0.002648655807177843,0.0,0.0,0.0,-0.0,0.0,0.0,0.0,-0.0,-1.0,0.0003650167907723878,1.0,-0.0010903426791277389,-0.0033739816955331943,1.0859144002282262,3.0,,,,,,,,,,,,
2025-10-27,策略2_仅3槽_无板块互斥,1.0,1.0,2.0,0.0,1.0,棕榈油:S; 沪锌:L,0.0,0.007409940720474184,0.0,0.006360424028268641,1.0,0.0004473272198612932,0.0,-0.0042212983690438355,0.0,0.020103761348897464,0.0,0.012014417300760805,0.0,0.021691013722886288,0.0,-0.0017605633802817433,0.0,0.002934463645255958,0.0,-0.00034094783498128667,-1.0,-0.0024117518088138112,0.0,-0.009845288326300938,0.0,0.0,0.0,0.0,0.0,0.0,0.0,-0.0,0.0,0.0,1.0,0.004004805766920268,0.0,0.0,0.0,-0.0,0.0,0.0,0.0,-0.0,-1.0,0.0008039172696046037,0.0,-0.0,0.004808723036524872,1.0911362618202975,2.0,,,,,,,,,,,,
2025-10-28,策略2_仅3槽_无板块互斥,0.0,0.0,2.0,0.0,0.0,棕榈油:S; 沪锌:L,0.0,-0.015729319904945083,0.0,-0.010299625468164764,1.0,-0.0024591996422982376,0.0,-0.035069689768128964,0.0,0.0076287349014620975,0.0,-0.017016224772457456,0.0,-0.0004332755632582286,0.0,-0.011904761904761862,0.0,-0.0013003901170350884,0.0,0.014665757162346527,-1.0,-0.015604395604395638,0.0,0.005208333333333259,0.0,-0.0,0.0,-0.0,1.0,-0.0008197332140994126,0.0,-0.0,0.0,0.0,0.0,-0.0,0.0,-0.0,0.0,-0.0,0.0,-0.0,0.0,0.0,-1.0,0.005201465201465212,0.0,0.0,0.0043817319873658,1.0959173284812902,2.0,,,,,,,,,,,,
2025-10-29,策略2_仅3槽_无板块互斥,0.0,0.0,2.0,0.0,0.0,棕榈油:S; 沪锌:L,0.0,0.01988962979995401,0.0,0.007332071901608339,1.0,0.005378753922008039,0.0,0.010539395149659514,0.0,0.015141955835962229,0.0,0.048309178743961345,0.0,0.004768097095795509,0.0,0.007139669790272141,0.0,0.01725260416666674,0.0,-0.002016806722689113,-1.0,-0.01294931904442953,0.0,-0.0032972209138012465,0.0,0.0,0.0,0.0,1.0,0.0017929179740026797,0.0,0.0,0.0,0.0,0.0,0.0,0.0,0.0,0.0,0.0,0.0,0.0,0.0,-0.0,-1.0,0.00431643968147651,0.0,-0.0,0.006109357655479189,1.1026126794018196,2.0,,,,,,,,,,,,
2025-10-30,策略2_仅3槽_无板块互斥,0.0,1.0,1.0,0.0,0.0,棕榈油:S,0.0,-0.008454514710855565,0.0,-0.002347969006809114,0.0,-0.002897904592064182,0.0,0.0014052344985069354,0.0,-0.0024860161591050423,0.0,-0.010752688172043001,0.0,-0.014236410698878377,0.0,-0.021710234824988905,0.0,-0.014399999999999968,0.0,0.008420343550016751,-1.0,-0.001583352182764064,0.0,-0.0023629489603024245,0.0,-0.0,0.0,-0.0,1.0,-0.0009659681973547274,0.0,0.0,0.0,-0.0,0.0,-0.0,0.0,-0.0,0.0,-0.0,0.0,-0.0,0.0,0.0,-1.0,0.0005277840609213547,0.0,-0.0,-0.00043818413643337273,1.1021295320170754,2.0,,,,,,,,,,,,
2025-10-31,策略2_仅3槽_无板块互斥,2.0,0.0,3.0,0.0,0.0,棕榈油:S; 橡胶:S; 沪铝:S,0.0,-0.010800363801728108,-1.0,0.0025888444339845496,0.0,-0.00044712720769057857,0.0,0.010699877214523701,0.0,-0.0031152647975077885,0.0,-0.0015527950310558758,0.0,0.0035010940919038003,0.0,-0.0126811594202898,-1.0,-0.020454545454545503,0.0,0.009018036072144353,-1.0,-0.0072496601721794285,0.0,0.009000473709142476,0.0,-0.0,0.0,0.0,0.0,-0.0,0.0,0.0,0.0,-0.0,0.0,-0.0,0.0,0.0,0.0,-0.0,0.0,-0.0,0.0,0.0,-1.0,0.002416553390726476,0.0,0.0,0.002416553390726476,1.1047928868746912,1.0,,,,,,,,,,,,
2025-11-03,策略2_仅3槽_无板块互斥,0.0,0.0,3.0,0.0,3.0,棕榈油:S; 橡胶:S; 沪铝:S,0.0,0.003332950235605203,-1.0,0.014084507042253502,0.0,0.009393871617087823,0.0,0.0007158972578966694,0.0,-0.021874999999999978,0.0,-0.001166407465007735,0.0,0.002180549498473683,0.0,-0.016972477064220226,-1.0,0.0006629101756712164,0.0,0.0016550810989739428,-1.0,-0.011410314924691911,0.0,0.00516431924882621,0.0,0.0,-1.0,-0.004694835680751168,0.0,0.0,0.0,0.0,0.0,-0.0,0.0,-0.0,0.0,0.0,0.0,-0.0,-1.0,-0.0002209700585570721,0.0,0.0,-1.0,0.003803438308230637,0.0,0.0,-0.0011123674310776033,1.1035639512492457,3.0,,,,,,,,,,,,
2025-11-04,策略2_仅3槽_无板块互斥,0.0,1.0,2.0,0.0,4.0,棕榈油:S; 橡胶:S,0.0,-0.017869415807560185,0.0,-0.006249999999999978,0.0,0.004653224019499191,0.0,-0.007587417893299198,0.0,-0.008945686900958427,0.0,-0.02452316076294281,0.0,0.0017406440382941035,0.0,-0.013065795613625752,-1.0,-0.014574362371646221,0.0,-0.0036351619299405113,-1.0,-0.005540166204986097,0.0,-0.0028024287716020835,0.0,-0.0,-1.0,0.002083333333333326,0.0,0.0,0.0,-0.0,0.0,-0.0,0.0,-0.0,0.0,0.0,0.0,-0.0,-1.0,0.004858120790548741,0.0,-0.0,-1.0,0.001846722068328699,0.0,-0.0,0.008788176192210766,1.1132622656921964,3.0,,,,,,,,,,,,
2025-11-05,策略2_仅3槽_无板块互斥,1.0,1.0,2.0,0.0,1.0,橡胶:S; 铁矿石:S,0.0,-0.0008164217401446239,0.0,-0.0013976240391334604,0.0,-0.0008822232024702226,0.0,-0.0036261167784356063,-1.0,0.0006447453255964408,0.0,0.012370311252992927,0.0,-0.0008688097306689402,0.0,0.012293144208037843,-1.0,-0.001680672268907557,0.0,0.019237147595356552,0.0,-0.003017641597028775,0.0,-0.0004683840749414303,0.0,-0.0,0.0,-0.0,0.0,-0.0,0.0,-0.0,0.0,0.0,0.0,0.0,0.0,-0.0,0.0,0.0,-1.0,0.0005602240896358524,0.0,0.0,-1.0,0.001005880532342925,0.0,-0.0,0.0015661046219787773,1.1150057508719715,2.0,,,,,,,,,,,,
2025-11-06,策略2_仅3槽_无板块互斥,0.0,0.0,2.0,0.0,0.0,橡胶:S; 铁矿石:S,0.0,0.007587253414264028,0.0,0.010730114299043692,0.0,0.001103752759381793,0.0,0.006072830114221883,-1.0,0.0019329896907216426,0.0,0.017343318880567615,0.0,0.019130434782608674,0.0,-0.007473143390938852,-1.0,0.013131313131313105,0.0,-0.0016270745200129832,0.0,0.016530849825378446,0.0,0.009372071227741419,0.0,0.0,0.0,0.0,0.0,0.0,0.0,0.0,-1.0,-0.0006443298969072142,0.0,0.0,0.0,0.0,0.0,-0.0,-1.0,-0.004377104377104368,0.0,-0.0,0.0,0.0,0.0,0.0,-0.0050214342740115825,1.109406822778823,2.0,,,,,,,,,,,,
2025-11-07,策略2_仅3槽_无板块互斥,1.0,1.0,2.0,0.0,0.0,棕榈油:L; 铁矿石:S,0.0,-0.004402224281742306,0.0,-0.0018462958689129394,0.0,0.001984564498346275,0.0,0.003769884506428456,-1.0,-0.021864951768488794,0.0,-0.015885315769081698,0.0,-0.005119453924914641,0.0,-0.006117647058823561,0.0,-0.003323363243602495,0.0,-0.0032594524119947677,1.0,-0.008245533669262506,0.0,-0.00232126276694522,0.0,-0.0,0.0,-0.0,0.0,0.0,0.0,0.0,-1.0,0.007288317256162931,0.0,-0.0,0.0,-0.0,0.0,-0.0,-1.0,0.0011077877478674984,0.0,-0.0,0.0,-0.0,0.0,-0.0,0.00839610500403043,1.1187215189550617,2.0,,,,,,,,,,,,
2025-11-10,策略2_仅3槽_无板块互斥,1.0,0.0,3.0,0.0,0.0,棕榈油:L; 豆粕:S; 铁矿石:S,0.0,0.0062834535722597895,0.0,0.0046242774566473965,0.0,-0.0022007042253521236,0.0,0.01597811692681761,-1.0,0.00591715976331364,0.0,-0.0035433070866142113,0.0,0.00857632933104635,0.0,-0.00520833333333337,0.0,0.0076692230743580225,-1.0,0.0016350555918900334,1.0,0.0034642032332563577,0.0,0.00697999069334565,0.0,0.0,0.0,0.0,0.0,-0.0,0.0,0.0,-1.0,-0.0019723865877712132,0.0,-0.0,0.0,0.0,0.0,-0.0,0.0,0.0,0.0,0.0,1.0,0.0011547344110854525,0.0,0.0,-0.0008176521766857607,1.117806793869983,2.0,,,,,,,,,,,,
2025-11-11,策略2_仅3槽_无板块互斥,0.0,0.0,3.0,0.0,1.0,棕榈油:L; 豆粕:S; 铁矿石:S,0.0,0.0017345050878816437,0.0,-0.002761795166858483,0.0,0.0002205558006176389,0.0,0.013782345776619076,-1.0,-0.002614379084967311,0.0,-0.041485578822599734,0.0,-0.011904761904761862,0.0,-0.009043312708234219,0.0,-0.0009927200529450397,-1.0,-0.002938295788442735,1.0,0.009205983889528202,0.0,0.00600739371534198,0.0,0.0,0.0,-0.0,0.0,0.0,0.0,0.0,-1.0,0.0008714596949891037,0.0,-0.0,0.0,-0.0,0.0,-0.0,0.0,-0.0,-1.0,0.0009794319294809117,1.0,0.0030686612965094007,0.0,0.0,0.004919552920979417,1.1233059035478565,3.0,,,,,,,,,,,,
2025-11-12,策略2_仅3槽_无板块互斥,0.0,1.0,2.0,0.0,1.0,棕榈油:L; 豆粕:S,0.0,0.0024241025049058784,0.0,0.009923840295407382,0.0,0.00022050716648291946,0.0,-0.0032880870078407787,0.0,0.014416775884665833,0.0,0.004946413849958864,0.0,0.004733218588640176,0.0,0.012487992315081575,0.0,0.008280887711162643,-1.0,0.0016371971185331624,1.0,-0.0029646522234891837,0.0,0.0,0.0,0.0,0.0,0.0,0.0,0.0,0.0,-0.0,-1.0,-0.004805591961555278,0.0,0.0,0.0,0.0,0.0,0.0,0.0,0.0,-1.0,-0.0005457323728443875,1.0,-0.0009882174078297279,0.0,0.0,-0.006339541742229393,1.1161846588830222,3.0,,,,,,,,,,,,
2025-11-13,策略2_仅3槽_无板块互斥,1.0,0.0,3.0,0.0,1.0,棕榈油:L; 沪铜:L; 豆粕:S,1.0,0.008175955780746147,0.0,0.007769652650822634,0.0,0.002645502645502562,0.0,0.019095753679580607,0.0,-0.0019379844961240345,0.0,-0.004101722723543921,0.0,0.0064239828693790635,0.0,-0.0023719165085388516,0.0,0.011169513797634645,-1.0,0.003922850604772821,1.0,0.0009149130832570851,0.0,0.00413412953605885,0.0,0.0,0.0,0.0,0.0,0.0,0.0,0.0,0.0,-0.0,0.0,-0.0,0.0,0.0,0.0,-0.0,0.0,0.0,-1.0,-0.0013076168682576068,1.0,0.0003049710277523617,0.0,0.0,-0.0010026458405052452,1.1150655209775573,2.0,,,,,,,,,,,,
2025-11-14,策略2_仅3槽_无板块互斥,0.0,1.0,2.0,0.0,1.0,沪铜:L; 豆粕:S,1.0,-0.007424328954882875,0.0,-0.00952380952380949,0.0,-0.01385224274406327,0.0,-0.007989043597352197,0.0,0.0,0.0,-0.018121911037891292,0.0,0.0,0.0,-0.022824536376604865,0.0,-0.011371020142949995,-1.0,0.006838163464669478,0.0,-0.012340036563071255,0.0,-0.00045745654162854255,1.0,-0.0024747763182942917,0.0,-0.0,0.0,-0.0,0.0,-0.0,0.0,0.0,0.0,-0.0,0.0,0.0,0.0,-0.0,0.0,-0.0,-1.0,-0.0022793878215564924,1.0,-0.004113345521023752,0.0,-0.0,-0.008867509660874535,1.1051776666977806,3.0,,,,,,,,,,,,
2025-11-17,策略2_仅3槽_无板块互斥,0.0,0.0,2.0,0.0,0.0,沪铜:L; 豆粕:S,1.0,-0.005178365937859586,0.0,-0.005265567765567747,0.0,0.0017837235228539416,0.0,-0.024892272936451465,0.0,0.02071197411003234,0.0,0.015100671140939603,0.0,-0.0017021276595744483,0.0,-0.012652068126520644,0.0,0.006572461386789463,-1.0,-0.015847347994825345,0.0,0.004164738546968971,0.0,-0.0013729977116704317,1.0,-0.0017261219792865286,0.0,-0.0,0.0,0.0,0.0,-0.0,0.0,0.0,0.0,0.0,0.0,-0.0,0.0,-0.0,0.0,0.0,-1.0,0.005282449331608448,0.0,0.0,0.0,-0.0,0.0035563273523219197,1.1091080402630331,2.0,,,,,,,,,,,,
2025-11-18,策略2_仅3槽_无板块互斥,1.0,1.0,2.0,0.0,2.0,沪金:S; 豆粕:S,0.0,-0.009253903990746104,0.0,-0.011967779056386685,0.0,-0.00689962163365232,-1.0,-0.011777072249871345,0.0,0.00443880786303108,0.0,-0.04214876033057846,0.0,-0.004688832054560943,0.0,0.0004928536224741986,0.0,-0.0013059092393078453,-1.0,-0.0006572461386789019,0.0,0.003225806451612856,0.0,-0.006416131989000928,1.0,-0.0030846346635820345,0.0,-0.0,0.0,-0.0,0.0,-0.0,0.0,0.0,0.0,-0.0,0.0,-0.0,0.0,0.0,0.0,-0.0,-1.0,0.00021908204622630065,0.0,0.0,0.0,-0.0,-0.0028655526173557338,1.105929832815327,2.0,,,,,,,,,,,,
2025-11-19,策略2_仅3槽_无板块互斥,1.0,0.0,3.0,0.0,1.0,沪金:S; 沪铝:S; 豆粕:S,0.0,0.005370694687682365,-1.0,0.004891684136967056,0.0,0.005602868668758365,-1.0,0.02031823214014361,0.0,-0.0006313131313131493,0.0,-0.016824849007765263,0.0,0.008993576017130689,0.0,-0.008374384236453203,0.0,0.009480222294867557,-1.0,-0.006247944755014778,0.0,0.01653651814423518,0.0,0.0032287822878229733,0.0,0.0,0.0,0.0,0.0,0.0,-1.0,-0.0067727440467145366,0.0,-0.0,0.0,-0.0,0.0,0.0,0.0,-0.0,0.0,0.0,-1.0,0.0020826482516715927,0.0,0.0,0.0,0.0,-0.004690095795042944,1.1007429159568274,2.0,,,,,,,,,,,,
2025-11-20,策略2_仅3槽_无板块互斥,0.0,0.0,3.0,0.0,1.0,沪金:S; 沪铝:S; 豆粕:S,0.0,0.00023226106143314773,-1.0,-0.0018544274455262189,0.0,-0.002228660574994379,-1.0,-0.004893304682679678,0.0,-0.0037902716361338795,0.0,-0.022817025010969716,0.0,-0.00339558573853993,0.0,0.0014903129657228842,0.0,-0.012305699481865329,-1.0,-0.0016545334215750662,0.0,-0.023271577044735703,0.0,-0.003218390804597737,0.0,0.0,-1.0,0.000618142481842073,0.0,-0.0,-1.0,0.001631101560893226,0.0,-0.0,0.0,-0.0,0.0,-0.0,0.0,0.0,0.0,-0.0,-1.0,0.000551511140525022,0.0,-0.0,0.0,-0.0,0.002800755183260321,1.1038258273841306,3.0,,,,,,,,,,,,
2025-11-21,策略2_仅3槽_无板块互斥,0.0,0.0,3.0,0.0,0.0,沪金:S; 沪铝:S; 豆粕:S,0.0,-0.005456867525833076,-1.0,-0.008824895494658591,0.0,0.00022336385972754336,-1.0,-0.009107818613302565,0.0,-0.0038046924540265925,0.0,-0.009429726088908796,0.0,-0.00638841567291315,0.0,-0.005952380952380931,0.0,-0.0006557377049180024,-1.0,-0.0016572754391780409,0.0,-0.011103400416377474,0.0,0.012453874538745469,0.0,-0.0,-1.0,0.0029416318315528636,0.0,0.0,-1.0,0.0030359395377675216,0.0,-0.0,0.0,-0.0,0.0,-0.0,0.0,-0.0,0.0,-0.0,-1.0,0.0005524251463926803,0.0,-0.0,0.0,0.0,0.006529996515713066,1.111033806190903,3.0,,,,,,,,,,,,
2025-11-24,策略2_仅3槽_无板块互斥,0.0,0.0,3.0,0.0,1.0,沪金:S; 沪铝:S; 豆粕:S,0.0,0.004903105300023247,-1.0,0.0018744142455482393,0.0,0.0,-1.0,0.003646406455649842,0.0,0.006365372374283806,0.0,-0.005893019038984537,0.0,0.0030004286326617002,0.0,0.03642714570858274,0.0,0.005249343832020914,-1.0,-0.00033200531208499307,0.0,-0.007485380116959095,0.0,0.011389521640091216,0.0,0.0,-1.0,-0.0006248047485160798,0.0,0.0,-1.0,-0.0012154688185499474,0.0,0.0,0.0,-0.0,0.0,0.0,0.0,0.0,0.0,0.0,-1.0,0.00011066843736166436,0.0,-0.0,0.0,0.0,-0.0017296051297043629,1.1091121564204405,3.0,,,,,,,,,,,,
2025-11-25,策略2_仅3槽_无板块互斥,0.0,1.0,2.0,0.0,1.0,沪铝:S; 豆粕:S,0.0,0.006040892193308611,-1.0,0.003975678203928856,0.0,-0.0013398838767306742,0.0,0.017391865164674503,0.0,0.0044275774826059155,0.0,-0.009575923392612817,0.0,-0.00512820512820511,0.0,-0.004814636494944624,0.0,-0.012728459530026104,-1.0,0.0006642311524409639,0.0,-0.014847984916332768,0.0,0.009909909909909809,0.0,0.0,-1.0,-0.0013252260679762855,0.0,-0.0,-1.0,-0.0057972883882248345,0.0,0.0,0.0,-0.0,0.0,-0.0,0.0,-0.0,0.0,-0.0,-1.0,-0.00022141038414698796,0.0,-0.0,0.0,0.0,-0.007343924840348108,1.1009669201041723,3.0,,,,,,,,,,,,
2025-11-26,策略2_仅3槽_无板块互斥,1.0,2.0,1.0,0.0,0.0,甲醇:L,0.0,-0.00011547344110851565,0.0,-0.0004658746797111535,0.0,-0.00022361359570666206,0.0,0.0002324352879028435,0.0,0.0037783375314861534,0.0,-0.0013812154696132284,0.0,0.006013745704467333,1.0,0.013062409288824295,0.0,0.004628099173553668,0.0,0.0006637902422834685,0.0,0.009569377990430672,0.0,-0.003122212310437078,0.0,-0.0,-1.0,0.00015529155990371782,0.0,-0.0,0.0,0.0,0.0,0.0,0.0,-0.0,0.0,0.0,0.0,0.0,0.0,0.0,-1.0,-0.0002212634140944895,0.0,0.0,0.0,-0.0,-6.597185419077167e-05,1.1008942872750502,2.0,,,,,,,,,,,,
2025-11-27,策略2_仅3槽_无板块互斥,1.0,0.0,2.0,0.0,0.0,甲醇:L; 豆粕:L,0.0,0.004619471070562486,0.0,0.002097413190398578,0.0,0.0026839633191679813,0.0,0.00046476254858873745,0.0,0.0031367628607277265,0.0,-0.012448132780082943,0.0,-0.01110162254483349,1.0,0.009551098376313183,0.0,0.005593945376768605,1.0,0.013266998341625147,0.0,0.010426540284360186,0.0,0.0035794183445190253,0.0,0.0,0.0,0.0,0.0,0.0,0.0,0.0,0.0,0.0,0.0,-0.0,0.0,-0.0,1.0,0.003183699458771061,0.0,0.0,0.0,0.0,0.0,0.0,0.0,0.0,0.003183699458771061,1.104399203821612,1.0,,,,,,,,,,,,
2025-11-28,策略2_仅3槽_无板块互斥,1.0,0.0,3.0,0.0,1.0,沪铝:L; 甲醇:L; 豆粕:L,0.0,0.005058052649729916,1.0,0.005116279069767415,0.0,0.00044612982377878474,0.0,0.007137125723214677,0.0,-0.0068792995622264375,0.0,-0.0037348272642390157,0.0,0.014680483592400595,1.0,0.009933774834437026,0.0,0.008507853403141308,1.0,-0.06873977086743044,0.0,0.011491557223264559,0.0,0.00044583147570209647,0.0,0.0,0.0,0.0,0.0,0.0,0.0,0.0,0.0,-0.0,0.0,-0.0,0.0,0.0,1.0,0.0033112582781456754,0.0,0.0,1.0,-0.022913256955810146,0.0,0.0,0.0,0.0,-0.019601998677664472,1.082750772088687,2.0,,,,,,,,,,,,
2025-12-01,策略2_仅3槽_无板块互斥,0.0,0.0,3.0,0.0,1.0,沪铝:L; 甲醇:L; 豆粕:L,0.0,0.021159784970833817,1.0,0.011800092549745456,0.0,0.0073578595317724815,0.0,0.009812143575981258,0.0,0.00881612090680095,0.0,0.024367385192127555,0.0,0.013191489361702224,1.0,0.00046838407494154133,0.0,-0.009733939000648895,1.0,-0.0035149384885764245,0.0,0.0030141432877348606,0.0,-0.0035650623885917776,0.0,0.0,1.0,0.003933364183248485,0.0,0.0,0.0,0.0,0.0,0.0,0.0,0.0,0.0,0.0,1.0,0.00015612802498051379,0.0,-0.0,1.0,-0.0011716461628588082,0.0,0.0,0.0,-0.0,0.0029178460453701902,1.0859100721471477,3.0,,,,,,,,,,,,
2025-12-02,策略2_仅3槽_无板块互斥,0.0,0.0,3.0,0.0,2.0,沪铝:L; 甲醇:L; 豆粕:L,0.0,-0.0040322580645161255,1.0,0.002058083695403612,0.0,0.006861443116423116,0.0,-0.005045262021426855,0.0,-0.0006242197253433224,0.0,0.003202195791399909,0.0,-0.002099958000839952,1.0,-0.0018726591760299671,0.0,0.007208387942332806,1.0,0.004585537918871285,0.0,0.007859454461396131,0.0,0.0031305903398926027,0.0,-0.0,1.0,0.0006860278984678706,0.0,0.0,0.0,-0.0,0.0,-0.0,0.0,0.0,0.0,-0.0,1.0,-0.0006242197253433224,0.0,0.0,1.0,0.0015285126396237618,0.0,0.0,0.0,0.0,0.0015903208127483102,1.0876370175356564,3.0,,,,,,,,,,,,
2025-12-03,策略2_仅3槽_无板块互斥,0.0,1.0,2.0,0.0,1.0,沪铝:L; 豆粕:L,0.0,0.003261358524516478,1.0,0.001369237790963096,0.0,0.00043965706748738675,0.0,-0.0017946203125976945,0.0,-0.0012492192379762734,0.0,-0.02371181030551761,0.0,-0.00462962962962965,0.0,-0.0018761726078799779,0.0,-0.011711125569290881,1.0,-0.000351123595505598,0.0,0.0011467889908256534,0.0,0.007133303611234876,0.0,0.0,1.0,0.00045641259698769865,0.0,0.0,0.0,-0.0,0.0,-0.0,0.0,-0.0,0.0,-0.0,1.0,-0.000625390869293326,0.0,-0.0,1.0,-0.000117041198501866,0.0,0.0,0.0,0.0,-0.00028601947080749335,1.08732593217147,3.0,,,,,,,,,,,,
2025-12-04,策略2_仅3槽_无板块互斥,1.0,1.0,2.0,0.0,1.0,沪铝:L; 甲醇:S,0.0,0.019840825019616704,1.0,0.005469462169553241,0.0,0.004834102395077977,0.0,-0.0034284519703147165,0.0,-0.02814258911819889,0.0,0.019617001401214473,0.0,-0.0012684989429175841,-1.0,-0.007048872180451138,0.0,-0.009874917709019049,0.0,-0.004917456972251544,0.0,-0.007331042382588748,0.0,0.012394864984506482,0.0,0.0,1.0,0.0018231540565177469,0.0,0.0,0.0,-0.0,0.0,-0.0,0.0,0.0,0.0,-0.0,0.0,-0.0,0.0,-0.0,1.0,-0.001639152324083848,0.0,-0.0,0.0,0.0,0.00018400173243389895,1.08752600202671,2.0,,,,,,,,,,,,
2025-12-05,策略2_仅3槽_无板块互斥,1.0,0.0,3.0,0.0,0.0,沪金:S; 沪铝:L; 甲醇:S,0.0,0.019784568036931294,1.0,0.015412511332729029,0.0,0.019243385086376463,-1.0,0.007992280422059572,0.0,-0.01029601029601035,0.0,0.044434264773247856,0.0,-0.009737510584250653,-1.0,-0.017037387600567944,0.0,0.0016622340425531679,0.0,-0.004235792446170117,0.0,0.01200092314793455,0.0,0.003498032356799241,0.0,0.0,1.0,0.005137503777576343,0.0,0.0,0.0,0.0,0.0,-0.0,0.0,0.0,0.0,-0.0,-1.0,0.0056791292001893146,0.0,0.0,0.0,-0.0,0.0,0.0,0.0,0.0,0.010816632977765656,1.0992893716444097,2.0,,,,,,,,,,,,
2025-12-08,策略2_仅3槽_无板块互斥,0.0,0.0,3.0,0.0,0.0,沪金:S; 沪铝:L; 甲醇:S,0.0,0.0020478551411942103,1.0,-0.0022321428571429047,0.0,-0.0008581849388543672,-1.0,-0.0024348622325812697,0.0,-0.011053315994798418,0.0,-0.04078947368421049,0.0,0.0034202650705430493,-1.0,0.00577756379393346,0.0,0.0,0.0,-0.015242821694434583,0.0,-0.007753705815279344,0.0,-0.014814814814814836,0.0,0.0,1.0,-0.0007440476190476349,0.0,-0.0,-1.0,0.0008116207441937565,0.0,-0.0,0.0,-0.0,0.0,0.0,-1.0,-0.00192585459797782,0.0,0.0,0.0,-0.0,0.0,-0.0,0.0,-0.0,-0.0018582814728316985,1.097246582571802,3.0,,,,,,,,,,,,
2025-12-09,策略2_仅3槽_无板块互斥,0.0,1.0,2.0,0.0,0.0,沪金:S; 甲醇:S,0.0,-0.02022157685274817,0.0,-0.023489932885906062,0.0,-0.009233412067854885,-1.0,-0.007468446855116384,0.0,-0.0039447731755424265,0.0,-0.010059442158207643,0.0,-0.010651896037494724,-1.0,-0.011010052656773572,0.0,-0.005310321938267526,0.0,-0.005399568034557212,0.0,-0.00850379223167086,0.0,-0.0110570544007077,0.0,-0.0,1.0,-0.007829977628635354,0.0,-0.0,-1.0,0.0024894822850387945,0.0,-0.0,0.0,-0.0,0.0,-0.0,-1.0,0.0036700175522578573,0.0,-0.0,0.0,-0.0,0.0,-0.0,0.0,-0.0,-0.0016704777913387025,1.0954136565239936,3.0,,,,,,,,,,,,
2025-12-10,策略2_仅3槽_无板块互斥,1.0,0.0,3.0,0.0,3.0,PTA:S; 沪金:S; 甲醇:S,0.0,0.008343396640684952,0.0,0.007560137457044647,0.0,0.00021673168617253324,-1.0,0.005107509931269405,0.0,0.015181518151815121,0.0,-0.011547344110854452,-1.0,-0.006029285099052539,-1.0,-0.006292352371732868,0.0,0.01534868201534878,0.0,-0.0032573289902280145,0.0,-0.011590171534538674,0.0,0.0,0.0,0.0,0.0,0.0,0.0,0.0,-1.0,-0.001702503310423135,0.0,0.0,0.0,-0.0,0.0,-0.0,-1.0,0.0020974507905776227,0.0,0.0,0.0,-0.0,0.0,-0.0,0.0,0.0,0.00039494748015448766,1.0958462873873647,2.0,,,,,,,,,,,,
2025-12-11,策略2_仅3槽_无板块互斥,0.0,1.0,2.0,0.0,4.0,PTA:S; 甲醇:S,0.0,0.005008165487207394,0.0,-0.0009095043201454711,0.0,-0.0034669555796316143,0.0,0.0015683814303639743,0.0,-0.015604681404421283,0.0,-0.032710280373831724,-1.0,0.022963604852686226,-1.0,0.03263516804676092,0.0,-0.0019717384160368168,0.0,-0.001452432824981864,0.0,0.013367729831144537,0.0,0.0,0.0,0.0,0.0,-0.0,0.0,-0.0,-1.0,-0.0005227938101213248,0.0,-0.0,0.0,-0.0,-1.0,-0.007654534950895409,-1.0,-0.010878389348920306,0.0,-0.0,0.0,-0.0,0.0,0.0,0.0,0.0,-0.019055718109937038,1.07496414944309,3.0,,,,,,,,,,,,
2025-12-12,策略2_仅3槽_无板块互斥,0.0,2.0,0.0,0.0,0.0,,0.0,0.020149496262593436,0.0,0.00910332271279013,0.0,0.026527505979560884,0.0,0.013320805929637691,0.0,0.004623513870541718,0.0,-0.017874396135265647,0.0,-0.010165184243964398,0.0,-0.009905660377358516,0.0,0.0029634507737898996,0.0,0.0072727272727273196,0.0,-0.010414255959268703,0.0,-0.0013416815742397503,0.0,0.0,0.0,0.0,0.0,0.0,0.0,0.0,0.0,0.0,0.0,-0.0,-1.0,0.0033883947479881327,-1.0,0.0033018867924528386,0.0,0.0,0.0,0.0,0.0,-0.0,0.0,-0.0,0.006690281540440971,1.0821559622487449,2.0,,,,,,,,,,,,
2025-12-15,策略2_仅3槽_无板块互斥,2.0,0.0,2.0,0.0,0.0,焦煤:S; 铁矿石:L,0.0,-0.017840076457470544,0.0,-0.011276499774469984,0.0,-0.007413683541622529,0.0,0.012877835699421025,1.0,-0.009861932938856066,-1.0,0.043777668470241116,0.0,0.004706889174154849,0.0,0.01191043353978083,0.0,-0.001969796454366346,0.0,-0.0043321299638988675,0.0,-0.007015902712815714,0.0,-0.011195700850873291,0.0,-0.0,0.0,-0.0,0.0,-0.0,0.0,0.0,0.0,-0.0,0.0,0.0,0.0,0.0,0.0,0.0,0.0,-0.0,0.0,-0.0,0.0,-0.0,0.0,-0.0,0.0,1.0821559622487449,0.0,,,,,,,,,,,,
2025-12-16,策略2_仅3槽_无板块互斥,1.0,1.0,2.0,0.0,2.0,豆粕:L; 铁矿石:L,0.0,-0.006162828413882604,0.0,-0.003421532846715314,0.0,-0.01707212974818606,0.0,-0.011941087920582572,1.0,0.010624169986719778,0.0,0.006126295947219695,0.0,-0.005962521294718859,0.0,0.002354048964218425,0.0,-0.0019736842105263497,1.0,0.006889050036258171,0.0,-0.009656146961846468,0.0,-0.0027173913043477826,0.0,-0.0,0.0,-0.0,0.0,-0.0,0.0,-0.0,1.0,0.0035413899955732595,-1.0,-0.002042098649073232,0.0,-0.0,0.0,0.0,0.0,-0.0,0.0,0.0,0.0,-0.0,0.0,-0.0,0.0014992913465000277,1.0837784293185078,2.0,,,,,,,,,,,,
2025-12-17,策略2_仅3槽_无板块互斥,1.0,0.0,3.0,0.0,0.0,甲醇:L; 豆粕:L; 铁矿石:L,0.0,0.00979112271540461,0.0,0.003204394598306237,0.0,-0.0023881893182805536,0.0,0.008544193036997383,1.0,0.009198423127463773,0.0,-0.005152224824355955,0.0,0.003427592116538092,1.0,0.012682010333489924,0.0,0.014502307185233931,1.0,-0.007562117392870049,0.0,-0.008085612366230732,0.0,0.0018165304268846771,0.0,0.0,0.0,0.0,0.0,-0.0,0.0,0.0,1.0,0.0030661410424879243,0.0,-0.0,0.0,0.0,0.0,0.0,0.0,0.0,1.0,-0.0025207057976233496,0.0,-0.0,0.0,0.0,0.0005454352448645747,1.084369560271482,2.0,,,,,,,,,,,,
2025-12-18,策略2_仅3槽_无板块互斥,0.0,0.0,3.0,0.0,0.0,甲醇:L; 豆粕:L; 铁矿石:L,0.0,-0.0023701788407670676,0.0,0.0018252338580879712,0.0,0.002611534276387273,0.0,0.0007961458375862485,1.0,0.01236979166666674,0.0,0.06073446327683607,0.0,0.01366353543979515,1.0,0.008348794063079756,0.0,-0.004548408057180042,1.0,-0.0032656023222060737,0.0,0.0031167585710860646,0.0,-0.0072529465095194645,0.0,-0.0,0.0,0.0,0.0,0.0,0.0,0.0,1.0,0.004123263888888913,0.0,0.0,0.0,0.0,1.0,0.002782931354359919,0.0,-0.0,1.0,-0.0010885341074020245,0.0,0.0,0.0,-0.0,0.005817661135846808,1.0906780549191688,3.0,,,,,,,,,,,,
2025-12-19,策略2_仅3槽_无板块互斥,0.0,0.0,3.0,0.0,0.0,甲醇:L; 豆粕:L; 铁矿石:L,0.0,0.0062634989200864855,0.0,0.010475973582327436,0.0,0.0017364879531147626,0.0,-0.0006119326874044484,1.0,0.003215434083601254,0.0,-0.016422547714158853,0.0,0.028222409435551876,1.0,-0.011959521619135272,0.0,-0.008485639686684032,1.0,-0.004368401892974161,0.0,-0.009082217973231388,0.0,0.0009132420091324533,0.0,0.0,0.0,0.0,0.0,0.0,0.0,-0.0,1.0,0.001071811361200418,0.0,-0.0,0.0,0.0,1.0,-0.003986507206378424,0.0,-0.0,1.0,-0.0014561339643247202,0.0,-0.0,0.0,0.0,-0.004370829809502726,1.0859108867641576,3.0,,,,,,,,,,,,
2025-12-22,策略2_仅3槽_无板块互斥,0.0,1.0,2.0,0.0,0.0,甲醇:L; 铁矿石:L,0.0,0.012234385061171915,0.0,0.0015776425512734615,0.0,0.0017334777898159182,0.0,0.021389937748749865,1.0,0.0019230769230769162,0.0,0.005415162454873723,0.0,0.032363785333879624,1.0,0.0032588454376163423,0.0,0.0009874917709018494,0.0,0.002193784277879418,0.0,0.014712976362759367,0.0,0.0,0.0,0.0,0.0,0.0,0.0,0.0,0.0,0.0,1.0,0.0006410256410256387,0.0,0.0,0.0,0.0,1.0,0.0010862818125387808,0.0,0.0,1.0,0.000731261425959806,0.0,0.0,0.0,0.0,0.0024585688795242255,1.0885806734762924,3.0,,,,,,,,,,,,
2025-12-23,策略2_仅3槽_无板块互斥,1.0,0.0,3.0,0.0,1.0,沪铝:L; 甲醇:L; 铁矿石:L,0.0,-0.0041348600508905875,1.0,-0.0011251125112511362,0.0,-0.0010815487778498278,0.0,0.01336850308734494,1.0,-0.0038387715930902067,0.0,0.01032315978456011,0.0,0.008333333333333304,1.0,0.00046403712296982924,0.0,0.005590266359750018,0.0,0.0014593214155418366,0.0,0.008557166627050083,0.0,-0.0013686131386860811,0.0,-0.0,0.0,-0.0,0.0,-0.0,0.0,0.0,1.0,-0.0012795905310300688,0.0,0.0,0.0,0.0,1.0,0.0001546790409899431,0.0,0.0,0.0,0.0,0.0,0.0,0.0,-0.0,-0.0011249114900401258,1.0873561165688632,2.0,,,,,,,,,,,,
2025-12-24,策略2_仅3槽_无板块互斥,0.0,1.0,2.0,0.0,1.0,沪铝:L; 铁矿石:L,0.0,0.02310231023102305,1.0,0.006082451002477951,0.0,0.00606323083585969,0.0,0.00043382236945888053,1.0,0.0012845215157353262,0.0,0.005775211017325699,0.0,0.0023612750885477762,0.0,0.007421150278293043,0.0,0.023544800523217724,0.0,-0.006193078324225887,0.0,0.0002356823002591657,0.0,0.0031978072179077444,0.0,0.0,1.0,0.00202748366749265,0.0,0.0,0.0,0.0,1.0,0.0004281738385784421,0.0,0.0,0.0,0.0,1.0,0.002473716759431014,0.0,0.0,0.0,-0.0,0.0,0.0,0.0,0.0,0.004929374265502107,1.0927161018273142,3.0,,,,,,,,,,,,
2025-12-25,策略2_仅3槽_无板块互斥,1.0,1.0,2.0,0.0,0.0,沪铝:L; 玉米:L,0.0,0.0011446409989595008,1.0,-0.0024630541871921707,0.0,-0.007102884201463655,0.0,-0.005834351716797359,0.0,-0.0012828736369467908,0.0,-0.007067137809187329,0.0,0.011385944248134994,0.0,-0.004604051565377576,0.0,0.005111821086261958,0.0,0.011730205278592365,0.0,0.006361922714420265,1.0,-0.0031876138433515333,0.0,0.0,1.0,-0.0008210180623973903,0.0,-0.0,0.0,-0.0,1.0,-0.00042762454564893027,0.0,-0.0,0.0,0.0,0.0,-0.0,0.0,0.0,0.0,0.0,0.0,0.0,0.0,-0.0,-0.0012486426080463207,1.0913516899440743,2.0,,,,,,,,,,,,
2025-12-26,策略2_仅3槽_无板块互斥,1.0,0.0,3.0,0.0,0.0,沪铝:L; 玉米:L; 铁矿石:S,0.0,0.02608876416172956,1.0,0.005836139169472565,0.0,0.004552352048558417,0.0,0.007474523176969727,-1.0,0.005780346820809301,0.0,-0.007562277580071219,0.0,0.024844720496894457,0.0,-0.00046253469010171244,0.0,0.0031786395422759295,0.0,0.010869565217391353,0.0,0.0030437836572232424,1.0,0.015075376884422065,0.0,0.0,1.0,0.0019453797231575216,0.0,0.0,0.0,0.0,0.0,0.0,0.0,-0.0,0.0,0.0,0.0,-0.0,0.0,0.0,0.0,0.0,0.0,0.0,1.0,0.005025125628140688,0.006970505351298209,1.098958962738978,2.0,,,,,,,,,,,,
2025-12-29,策略2_仅3槽_无板块互斥,0.0,1.0,2.0,0.0,2.0,沪铝:L; 玉米:L,0.0,0.0014181523500811366,1.0,0.00736442758312883,0.0,0.003668536901165309,0.0,-0.008973728229853428,0.0,0.01724137931034475,0.0,-0.02465262214253694,0.0,-0.02992424242424241,0.0,0.0,0.0,-0.007287705956907531,0.0,-0.005734767025089571,0.0,-0.006535947712418277,1.0,0.012151215121512182,0.0,0.0,1.0,0.0024548091943762764,0.0,0.0,0.0,-0.0,-1.0,-0.005747126436781584,0.0,-0.0,0.0,-0.0,0.0,0.0,0.0,-0.0,0.0,-0.0,0.0,-0.0,1.0,0.004050405040504061,0.0007580877980987535,1.0997920701192416,3.0,,,,,,,,,,,,
2025-12-30,策略2_仅3槽_无板块互斥,1.0,0.0,3.0,0.0,3.0,PTA:S; 沪铝:L; 玉米:L,0.0,-0.007788792231438357,1.0,-0.00022153300841820656,0.0,0.005375188131584663,0.0,-0.02218074227049771,0.0,-0.00941619585687381,0.0,0.028952205882353033,-1.0,0.0042951971885982765,0.0,0.026839426191577864,0.0,0.00031918289179699855,0.0,0.0014419610670513006,0.0,0.017152255639097724,1.0,-0.008448199199644235,0.0,-0.0,1.0,-7.384433613940218e-05,0.0,0.0,0.0,-0.0,0.0,-0.0,0.0,0.0,0.0,0.0,0.0,0.0,0.0,0.0,0.0,0.0,0.0,0.0,1.0,-0.0028160663998814117,-0.002889910736020814,1.0966137692084135,2.0,,,,,,,,,,,,
2025-12-31,策略2_仅3槽_无板块互斥,0.0,0.0,3.0,0.0,1.0,PTA:S; 沪铝:L; 玉米:L,0.0,0.0015292078703230683,1.0,0.01595391092399745,0.0,-0.004491017964071808,0.0,-0.00739206368547185,0.0,0.0006337135614702394,0.0,-0.004019651630192023,-1.0,-0.006609642301710683,0.0,-0.0013519603424966276,0.0,-0.004148053605615876,0.0,-0.010439164866810624,0.0,-0.008547008547008517,1.0,-0.0017937219730941312,0.0,0.0,1.0,0.00531797030799915,0.0,-0.0,0.0,-0.0,0.0,0.0,0.0,-0.0,-1.0,0.0022032141005702277,0.0,-0.0,0.0,-0.0,0.0,-0.0,0.0,-0.0,1.0,-0.0005979073243647104,0.006923277084204667,1.1042059301869975,3.0,,,,,,,,,,,,
2026-01-05,策略2_仅3槽_无板块互斥,0.0,0.0,3.0,0.0,1.0,PTA:S; 沪铝:L; 玉米:L,0.0,0.03165716612377856,1.0,0.03140676117775354,0.0,0.023415682062298604,0.0,0.017840337166005193,0.0,0.00949968334388851,0.0,-0.030941704035874484,-1.0,-0.012524461839530376,0.0,-0.0004512635379061436,0.0,0.011855174623518039,0.0,0.0018188432157149048,0.0,-0.011183597390493905,1.0,-0.0008984725965858198,0.0,0.0,1.0,0.010468920392584513,0.0,0.0,0.0,0.0,0.0,0.0,0.0,-0.0,-1.0,0.004174820613176792,0.0,-0.0,0.0,0.0,0.0,0.0,0.0,-0.0,1.0,-0.0002994908655286066,0.0143442501402327,1.1200449362559282,3.0,,,,,,,,,,,,
2026-01-06,策略2_仅3槽_无板块互斥,0.0,1.0,2.0,0.0,0.0,PTA:S; 沪铝:L,0.0,0.03917118894918592,1.0,0.03171917953055625,0.0,0.019941225860621303,0.0,0.010030150753768785,0.0,0.005018820577164407,0.0,0.01434521055067095,-1.0,0.020610384462940834,0.0,0.0352144469525959,0.0,0.01646611779607343,0.0,0.007988380537400142,0.0,0.001413760603204528,0.0,-0.0008992805755395628,0.0,0.0,1.0,0.01057305984351875,0.0,0.0,0.0,0.0,0.0,0.0,0.0,0.0,-1.0,-0.006870128154313611,0.0,0.0,0.0,0.0,0.0,0.0,0.0,0.0,1.0,-0.0002997601918465209,0.0034031714973586187,1.1238566412587552,3.0,,,,,,,,,,,,
2026-01-07,策略2_仅3槽_无板块互斥,1.0,0.0,3.0,0.0,0.0,PTA:S; 沪铝:L; 玉米:S,0.0,-0.01813520698822635,1.0,0.0006148800983807323,0.0,0.0014406256431365172,0.0,-0.006049871639236648,0.0,0.03370786516853941,0.0,0.06204379562043805,-1.0,0.0,0.0,-0.011338857392062751,0.0,0.008099688473520272,0.0,0.012608069164265157,0.0,0.007294117647058895,-1.0,0.011701170117011772,0.0,-0.0,1.0,0.00020496003279357744,0.0,0.0,0.0,-0.0,0.0,0.0,0.0,0.0,-1.0,-0.0,0.0,-0.0,0.0,0.0,0.0,0.0,0.0,0.0,0.0,0.0,0.00020496003279357744,1.124086986952803,2.0,,,,,,,,,,,,
2026-01-08,策略2_仅3槽_无板块互斥,0.0,0.0,3.0,0.0,0.0,PTA:S; 沪铝:L; 玉米:S,0.0,-0.021177835799245703,1.0,-0.02642359688652196,0.0,-0.014591039868475097,0.0,-0.0009610571628790865,0.0,-0.018115942028985477,0.0,0.022336769759450092,-1.0,-0.012427184466019425,0.0,-0.015880017644464006,0.0,-0.003708281829419069,0.0,-0.010316613304873656,0.0,0.005839757066105955,-1.0,0.008007117437722311,0.0,-0.0,1.0,-0.008807865628840653,0.0,-0.0,0.0,-0.0,0.0,-0.0,0.0,0.0,-1.0,0.004142394822006475,0.0,-0.0,0.0,-0.0,0.0,-0.0,0.0,0.0,-1.0,-0.002669039145907437,-0.007334509952741615,1.1158423597592502,3.0,,,,,,,,,,,,
2026-01-09,策略2_仅3槽_无板块互斥,0.0,2.0,1.0,0.0,1.0,PTA:S,0.0,0.003556609365737984,0.0,0.026088786029875966,0.0,0.0016684045881125709,0.0,0.008557628715153198,0.0,0.0018450184501845879,0.0,0.004621848739495782,-1.0,0.004325599685411019,0.0,0.01882563872702825,0.0,-0.005583126550868456,0.0,0.0014378145219267058,0.0,0.008128193218764457,0.0,-0.0013239187996469948,0.0,0.0,1.0,0.008696262009958655,0.0,0.0,0.0,0.0,0.0,0.0,0.0,0.0,-1.0,-0.001441866561803673,0.0,0.0,0.0,-0.0,0.0,0.0,0.0,0.0,-1.0,0.00044130626654899824,0.00769570171470398,1.1244295497205887,3.0,,,,,,,,,,,,
2026-01-12,策略2_仅3槽_无板块互斥,2.0,1.0,2.0,0.0,2.0,沪锌:S; 焦煤:L,0.0,0.023626698168930815,0.0,0.010867336477342615,-1.0,0.006662502602539977,0.0,0.019672522057070152,0.0,0.009821976672805377,1.0,0.03554997908824764,0.0,0.006656225528582693,0.0,-0.00439947206335245,0.0,0.006238303181534732,0.0,0.001435750179468842,0.0,0.004837595024187902,0.0,0.011931064958020432,0.0,0.0,0.0,0.0,0.0,0.0,0.0,0.0,0.0,0.0,0.0,0.0,-1.0,-0.0022187418428608976,0.0,-0.0,0.0,0.0,0.0,0.0,0.0,0.0,0.0,0.0,-0.0022187418428608976,1.1219347308292744,1.0,,,,,,,,,,,,
2026-01-13,策略2_仅3槽_无板块互斥,1.0,0.0,3.0,0.0,2.0,沪金:L; 沪锌:S; 焦煤:L,0.0,-0.014425851125216438,0.0,-0.011156186612576113,-1.0,0.004343329886246083,1.0,0.0040534746852711745,0.0,-0.0036474164133738496,1.0,-0.03796445880452337,0.0,-0.000388953714507978,0.0,0.0,0.0,-0.009609423434593922,0.0,-0.01039426523297493,0.0,0.0061898211829436445,0.0,-0.0026200873362445254,0.0,-0.0,0.0,-0.0,-1.0,-0.0014477766287486944,0.0,0.0,0.0,-0.0,1.0,-0.012654819601507791,0.0,-0.0,0.0,0.0,0.0,-0.0,0.0,-0.0,0.0,0.0,0.0,-0.0,-0.014102596230256486,1.1061125383236876,2.0,,,,,,,,,,,,
2026-01-14,策略2_仅3槽_无板块互斥,0.0,0.0,3.0,0.0,3.0,沪金:L; 沪锌:S; 焦煤:L,0.0,0.016003122560499516,0.0,0.009025641025641074,-1.0,0.008031301482701814,1.0,0.012751834167928244,0.0,0.0018303843807199183,1.0,0.0046179680940385825,0.0,-0.0046692607003890885,0.0,0.011047282368537248,0.0,0.011580594679186262,0.0,-0.003621876131836288,0.0,-0.0034176349965823194,0.0,-0.005253940455341555,0.0,0.0,0.0,0.0,-1.0,-0.002677100494233938,1.0,0.004250611389309415,0.0,0.0,1.0,0.001539322698012861,0.0,-0.0,0.0,0.0,0.0,0.0,0.0,-0.0,0.0,-0.0,0.0,-0.0,0.0031128335930883377,1.1095556825907178,3.0,,,,,,,,,,,,
2026-01-15,策略2_仅3槽_无板块互斥,0.0,2.0,1.0,0.0,3.0,沪金:L,0.0,-0.012581636573184785,0.0,-0.008944907501524657,0.0,0.025127681307456573,1.0,-0.005385308265777322,0.0,-0.00974421437271622,0.0,-0.007521938988717114,0.0,-0.013291634089132143,0.0,-0.006555944055944063,0.0,-0.010210396039603942,0.0,-0.003998545983278756,0.0,-0.01943301326017377,0.0,0.010123239436619746,0.0,-0.0,0.0,-0.0,-1.0,-0.00837589376915219,1.0,-0.0017951027552591075,0.0,-0.0,1.0,-0.002507312996239038,0.0,-0.0,0.0,-0.0,0.0,-0.0,0.0,-0.0,0.0,-0.0,0.0,0.0,-0.012678309520650336,1.0954883922164362,3.0,,,,,,,,,,,,
2026-01-16,策略2_仅3槽_无板块互斥,2.0,0.0,3.0,0.0,2.0,沪金:L; 焦煤:S; 铁矿石:S,0.0,-0.01984242777939893,0.0,-0.018461538461538418,0.0,-0.013551215623754498,1.0,-0.0023700335273035833,-1.0,-0.0012300123001229846,-1.0,-0.013894736842105293,0.0,-0.005942947702060275,0.0,-0.01495820501539813,0.0,-0.01000312597686781,0.0,-0.004744525547445311,0.0,0.011191419911401157,0.0,-0.006100217864923763,0.0,-0.0,0.0,-0.0,0.0,-0.0,1.0,-0.0007900111757678611,0.0,-0.0,0.0,-0.0,0.0,-0.0,0.0,-0.0,0.0,-0.0,0.0,-0.0,0.0,0.0,0.0,-0.0,-0.0007900111757678611,1.0946229441436612,1.0,,,,,,,,,,,,
2026-01-19,策略2_仅3槽_无板块互斥,0.0,0.0,3.0,0.0,1.0,沪金:L; 焦煤:S; 铁矿石:S,0.0,0.004068671231517218,0.0,0.006896551724137945,0.0,-0.012121212121212088,1.0,0.015741187831965098,-1.0,-0.022167487684729092,-1.0,0.002988898377455085,0.0,0.0023913909924273558,0.0,-0.012058954890576179,0.0,-0.005683612251341952,0.0,0.0,0.0,-0.0029974636845745417,0.0,0.0,0.0,0.0,0.0,0.0,0.0,-0.0,1.0,0.005247062610655033,-1.0,0.007389162561576364,-1.0,-0.000996299459151695,0.0,0.0,0.0,-0.0,0.0,-0.0,0.0,0.0,0.0,-0.0,0.0,0.0,0.011639925713079702,1.107364273897326,3.0,,,,,,,,,,,,
2026-01-20,策略2_仅3槽_无板块互斥,0.0,1.0,2.0,0.0,3.0,焦煤:S; 铁矿石:S,0.0,0.0004941688080648543,0.0,-0.00581154005811535,0.0,-0.0016359918200409274,0.0,0.007948279140521208,-1.0,-0.00566750629722923,-1.0,-0.04299702000851424,0.0,0.022664015904572565,0.0,-0.002712477396021651,0.0,-0.007939028262940573,0.0,0.0033003300330032292,0.0,0.011563367252543921,0.0,-0.0004384042086803541,0.0,0.0,0.0,-0.0,0.0,-0.0,1.0,0.002649426380173736,-1.0,0.0018891687657430767,-1.0,0.014332340002838081,0.0,0.0,0.0,-0.0,0.0,-0.0,0.0,0.0,0.0,0.0,0.0,-0.0,0.018870935148754896,1.1282612732960904,3.0,,,,,,,,,,,,
2026-01-21,策略2_仅3槽_无板块互斥,1.0,0.0,3.0,0.0,0.0,沪锌:S; 焦煤:S; 铁矿石:S,0.0,0.0004939247258717305,0.0,0.008559498956158595,-1.0,-0.002458009012699658,0.0,0.03031617869000902,-1.0,-0.006966434452184922,-1.0,0.004448398576512469,0.0,0.0019440124416796323,0.0,0.0013599274705349274,0.0,0.008002560819462268,0.0,-0.004020467836257313,0.0,0.009602194787379892,0.0,0.001315789473684159,0.0,0.0,0.0,0.0,0.0,-0.0,0.0,0.0,-1.0,0.002322144817394974,-1.0,-0.0014827995255041564,0.0,0.0,0.0,0.0,0.0,0.0,0.0,-0.0,0.0,0.0,0.0,0.0,0.0008393452918908177,1.1292082740838543,2.0,,,,,,,,,,,,
2026-01-22,策略2_仅3槽_无板块互斥,0.0,0.0,3.0,0.0,0.0,沪锌:S; 焦煤:S; 铁矿石:S,0.0,-0.005726698262243257,0.0,-0.00413992962119647,-1.0,0.002053388090349051,0.0,-0.004321157191247815,-1.0,0.0031887755102040227,-1.0,0.0022143489813994943,0.0,0.0279394644935973,0.0,0.023087369850611106,0.0,0.006668783740870099,0.0,0.01577981651376148,0.0,0.0126811594202898,0.0,0.005256241787122251,0.0,-0.0,0.0,-0.0,-1.0,-0.000684462696783017,0.0,-0.0,-1.0,-0.0010629251700680076,-1.0,-0.0007381163271331648,0.0,0.0,0.0,0.0,0.0,0.0,0.0,0.0,0.0,0.0,0.0,0.0,-0.0024855041939841893,1.126401622182737,3.0,,,,,,,,,,,,
2026-01-23,策略2_仅3槽_无板块互斥,0.0,0.0,3.0,0.0,1.0,沪锌:S; 焦煤:S; 铁矿石:S,0.0,0.006355511420059523,0.0,0.00976927873622957,-1.0,0.007581967213114771,0.0,0.025800400890049646,-1.0,0.010807374443738027,-1.0,0.0225364560318162,0.0,0.028312570781426905,0.0,0.016814159292035447,0.0,0.02933753943217665,0.0,-0.006141618497109813,0.0,-0.003801431127012478,0.0,0.002178649237472685,0.0,0.0,0.0,0.0,-1.0,-0.0025273224043715903,0.0,0.0,-1.0,-0.003602458147912676,-1.0,-0.0075121520106054,0.0,0.0,0.0,0.0,0.0,0.0,0.0,-0.0,0.0,-0.0,0.0,0.0,-0.013641932562889666,1.1110353272141906,3.0,,,,,,,,,,,,
2026-01-26,策略2_仅3槽_无板块互斥,0.0,2.0,1.0,0.0,1.0,沪锌:S,0.0,0.005328596802841812,0.0,-0.003087690407575172,-1.0,0.005694529184462116,0.0,0.024810870890251246,0.0,-0.013207547169811318,0.0,0.002160760587726962,0.0,-0.0018355359765050983,0.0,0.021322889469103545,0.0,-0.00520992951271837,0.0,0.0065430752453652374,0.0,0.020426487093153867,0.0,-0.003043478260869592,0.0,0.0,0.0,-0.0,-1.0,-0.0018981763948207053,0.0,0.0,-1.0,0.004402515723270439,-1.0,-0.0007202535292423207,0.0,-0.0,0.0,0.0,0.0,-0.0,0.0,0.0,0.0,0.0,0.0,-0.0,0.0017840857992074133,1.1130175095638914,3.0,,,,,,,,,,,,
2026-01-27,策略2_仅3槽_无板块互斥,2.0,1.0,2.0,0.0,0.0,甲醇:L; 铁矿石:L,0.0,0.007067137809187329,0.0,0.003716704521990577,0.0,0.009100101112234471,0.0,0.004425707588426864,1.0,0.004461440407903083,0.0,-0.03708495040965931,0.0,-0.03310040456050023,1.0,-0.018321261184490845,0.0,-0.0015403573629081402,0.0,-0.0010834236186348933,0.0,0.016058073031236297,0.0,-0.004361098996947255,0.0,0.0,0.0,0.0,-1.0,-0.0030333670374114905,0.0,0.0,0.0,0.0,0.0,-0.0,0.0,-0.0,0.0,-0.0,0.0,-0.0,0.0,-0.0,0.0,0.0,0.0,-0.0,-0.0030333670374114905,1.1096413189383185,1.0,,,,,,,,,,,,
2026-01-28,策略2_仅3槽_无板块互斥,1.0,0.0,3.0,0.0,2.0,橡胶:L; 甲醇:L; 铁矿石:L,0.0,0.0044834307992203115,0.0,0.054926969759308886,0.0,0.026252505010019966,0.0,0.032933349588115446,1.0,-0.006345177664974666,0.0,0.016121809225257522,0.0,0.021300874857360208,1.0,0.015190972222222321,1.0,0.009564949089787111,0.0,0.005784526391901634,0.0,0.0034639532366314008,0.0,-0.003942181340341633,0.0,0.0,0.0,0.0,0.0,0.0,0.0,0.0,1.0,-0.002115059221658222,0.0,0.0,0.0,0.0,1.0,0.00506365740740744,0.0,0.0,0.0,0.0,0.0,0.0,0.0,-0.0,0.0029485981857492183,1.1129132053181725,2.0,,,,,,,,,,,,
2026-01-29,策略2_仅3槽_无板块互斥,0.0,0.0,3.0,0.0,2.0,橡胶:L; 甲醇:L; 铁矿石:L,0.0,0.05870366776634972,0.0,-0.0019500780031200815,0.0,0.013473930872876405,0.0,0.053043331647276926,1.0,0.01979565772669223,0.0,0.026884089907448283,0.0,-0.007076350093109918,1.0,0.0055579307396322886,1.0,0.02017114914425422,0.0,0.007189072609633307,0.0,0.009924487594390463,0.0,0.0030782761653473933,0.0,0.0,0.0,-0.0,0.0,0.0,0.0,0.0,1.0,0.006598552575564076,0.0,0.0,0.0,-0.0,1.0,0.0018526435798774294,1.0,0.006723716381418073,0.0,0.0,0.0,0.0,0.0,0.0,0.01517491253685958,1.1298015658699918,3.0,,,,,,,,,,,,
2026-01-30,策略2_仅3槽_无板块互斥,0.0,0.0,3.0,0.0,2.0,橡胶:L; 甲醇:L; 铁矿石:L,0.0,-0.04976629089909268,0.0,-0.0402500976944119,0.0,-0.004431599229287042,0.0,-0.0702094274369155,1.0,-0.008766437069505306,0.0,-0.008154506437768272,0.0,-0.011627906976744207,1.0,-0.013605442176870763,1.0,-0.019772318753744744,0.0,-0.012491077801570327,0.0,-0.013031403546250764,0.0,-0.004384042086803985,0.0,-0.0,0.0,-0.0,0.0,-0.0,0.0,-0.0,1.0,-0.002922145689835102,0.0,-0.0,0.0,-0.0,1.0,-0.004535147392290255,1.0,-0.006590772917914915,0.0,-0.0,0.0,-0.0,0.0,-0.0,-0.014048066000040271,1.1139300389057014,3.0,,,,,,,,,,,,
2026-02-02,策略2_仅3槽_无板块互斥,0.0,2.0,1.0,0.0,3.0,铁矿石:L,0.0,-0.04918981481481477,0.0,-0.062092833876221554,0.0,-0.0510934778401394,0.0,-0.1315803068657334,1.0,-0.010739102969046121,0.0,-0.012115967113803583,0.0,-0.03377609108159396,0.0,-0.02931034482758621,0.0,-0.023227383863080653,0.0,-0.006143838091796194,0.0,-0.024458874458874513,0.0,-0.004403346543372932,0.0,-0.0,0.0,-0.0,0.0,-0.0,0.0,-0.0,1.0,-0.0035797009896820406,0.0,-0.0,0.0,-0.0,1.0,-0.009770114942528737,1.0,-0.007742461287693551,0.0,-0.0,0.0,-0.0,0.0,-0.0,-0.02109227721990433,1.0904347177215234,3.0,,,,,,,,,,,,
2026-02-03,策略2_仅3槽_无板块互斥,2.0,1.0,2.0,0.0,4.0,棕榈油:S; 沪铝:S,0.0,0.060052749036315634,-1.0,0.03364445409159966,0.0,0.018152151743830336,0.0,0.0844536981955184,0.0,-0.007024265644955285,0.0,0.0227770477441962,0.0,0.011390416339355891,0.0,-0.002220248667850755,0.0,0.01251564455569465,0.0,-0.008363636363636351,-1.0,0.008875083203905065,0.0,0.0026536930561698036,0.0,0.0,0.0,0.0,0.0,0.0,0.0,0.0,1.0,-0.002341421881651762,0.0,0.0,0.0,0.0,0.0,-0.0,0.0,0.0,0.0,-0.0,0.0,0.0,0.0,0.0,-0.002341421881651762,1.0878815500129375,1.0,,,,,,,,,,,,
2026-02-04,策略2_仅3槽_无板块互斥,1.0,0.0,3.0,0.0,3.0,棕榈油:S; 沪铝:S; 豆粕:S,0.0,0.006315789473684275,-1.0,0.006089878202435894,0.0,-0.0030048076923077094,0.0,0.0438113697452871,0.0,0.005144694533762095,0.0,0.03554603854389726,0.0,0.013203883495145563,0.0,0.014241210502892843,0.0,0.01266996291718181,-1.0,-0.0014668133480014722,-1.0,0.00483835495931384,0.0,0.0017644464049404451,0.0,0.0,-1.0,-0.002029959400811965,0.0,-0.0,0.0,0.0,0.0,0.0,0.0,0.0,0.0,0.0,0.0,0.0,0.0,0.0,0.0,-0.0,-1.0,-0.0016127849864379467,0.0,0.0,-0.0036427443872499117,1.083918675602635,2.0,,,,,,,,,,,,
2026-02-05,策略2_仅3槽_无板块互斥,0.0,0.0,3.0,0.0,1.0,棕榈油:S; 沪铝:S; 豆粕:S,0.0,-0.03974895397489542,-1.0,-0.02379461490294299,0.0,-0.019690576652601988,0.0,-0.03147937286502589,0.0,-0.016634676903390933,0.0,-0.03060380479735314,0.0,-0.014181678804139564,0.0,-0.023694602896007,0.0,-0.012816600549282908,-1.0,0.002937936099889793,-1.0,-0.01050558108995403,0.0,0.0008806693086746975,0.0,-0.0,-1.0,0.007931538300980997,0.0,-0.0,0.0,-0.0,0.0,-0.0,0.0,-0.0,0.0,-0.0,0.0,-0.0,0.0,-0.0,-1.0,-0.0009793120332965977,-1.0,0.00350186036331801,0.0,0.0,0.01045408663100241,1.0952500553383464,3.0,,,,,,,,,,,,
2026-02-06,策略2_仅3槽_无板块互斥,0.0,0.0,3.0,0.0,1.0,棕榈油:S; 沪铝:S; 豆粕:S,0.0,-0.008714596949891074,-1.0,-0.002993371819542401,0.0,0.0038942406230784155,0.0,-0.014144118072637935,0.0,-0.010409889394925154,0.0,-0.028583617747440226,0.0,0.004276827371695102,0.0,0.008539325842696677,0.0,-0.005873261205564195,-1.0,0.0014646649578908821,-1.0,-0.0017695200176951476,0.0,0.0026396832380113366,0.0,-0.0,-1.0,0.0009977906065141335,0.0,0.0,0.0,-0.0,0.0,-0.0,0.0,-0.0,0.0,0.0,0.0,0.0,0.0,-0.0,-1.0,-0.00048822165263029405,-1.0,0.0005898400058983825,0.0,0.0,0.001099408959782222,1.0964541830623873,3.0,,,,,,,,,,,,
2026-02-09,策略2_仅3槽_无板块互斥,0.0,1.0,2.0,0.0,2.0,棕榈油:S; 沪铝:S,0.0,0.017382617382617482,-1.0,0.009650439631138763,0.0,0.0030624744793792402,0.0,0.032858767842072645,0.0,0.0013149243918475495,0.0,0.00746596398770305,0.0,0.005032907471931969,0.0,-0.005793226381461625,0.0,0.010261194029850706,0.0,-0.002193784277879307,-1.0,-0.001329492576999769,0.0,-0.0021939447125932654,0.0,0.0,-1.0,-0.0032168132103795877,0.0,0.0,0.0,0.0,0.0,0.0,0.0,0.0,0.0,0.0,0.0,-0.0,0.0,0.0,-1.0,0.0007312614259597691,-1.0,0.0004431641923332563,0.0,-0.0,-0.002042387592086562,1.0942147986436093,3.0,,,,,,,,,,,,
2026-02-10,策略2_仅3槽_无板块互斥,1.0,1.0,2.0,0.0,0.0,棕榈油:S; 焦煤:S,0.0,-0.00274941084053415,0.0,0.002548853016142827,0.0,-0.002442499491145944,0.0,-0.004192052862497131,0.0,0.0,-1.0,-0.02441150828247607,0.0,0.007318952234206533,0.0,0.0044822949350067365,0.0,0.005540166204986097,0.0,0.0018321729571271206,-1.0,-0.008209451963612113,0.0,0.005277044854881341,0.0,-0.0,-1.0,-0.000849617672047609,0.0,-0.0,0.0,-0.0,0.0,0.0,0.0,-0.0,0.0,0.0,0.0,0.0,0.0,0.0,0.0,0.0,-1.0,0.0027364839878707046,0.0,0.0,0.0018868663158230956,1.0962794356894452,2.0,,,,,,,,,,,,
2026-02-11,策略2_仅3槽_无板块互斥,0.0,0.0,2.0,0.0,0.0,棕榈油:S; 焦煤:S,0.0,0.006104765655770006,0.0,0.005508474576271238,0.0,0.005509079779636883,0.0,0.00818751003371343,0.0,0.0013131976362441566,-1.0,0.004021447721179516,0.0,0.005736137667303964,0.0,0.0031236055332439783,0.0,0.01469237832874204,0.0,0.014264813460131753,-1.0,-0.0038031319910514227,0.0,0.013123359580052396,0.0,0.0,0.0,0.0,0.0,0.0,0.0,0.0,0.0,0.0,-1.0,-0.0013404825737265054,0.0,0.0,0.0,0.0,0.0,0.0,0.0,0.0,-1.0,0.0012677106636838076,0.0,0.0,-7.277191004269779e-05,1.0961996573409696,2.0,,,,,,,,,,,,
2026-02-12,策略2_仅3槽_无板块互斥,1.0,0.0,3.0,0.0,0.0,棕榈油:S; 焦煤:S; 豆粕:L,0.0,0.0014679976512037562,0.0,-0.001685630004214067,0.0,0.0012175324675325339,0.0,-0.0037862703467800296,0.0,-0.0006557377049180024,-1.0,-0.0031152647975077885,0.0,-0.0076045627376425395,0.0,-0.007562277580071219,0.0,-0.007541478129713397,1.0,0.006130544536602889,-1.0,-0.01392319784414997,0.0,0.0017271157167531026,0.0,0.0,0.0,-0.0,0.0,0.0,0.0,-0.0,0.0,-0.0,-1.0,0.001038421599169263,0.0,-0.0,0.0,-0.0,0.0,-0.0,0.0,0.0,-1.0,0.00464106594804999,0.0,0.0,0.005679487547219253,1.1024255096441036,2.0,,,,,,,,,,,,
2026-02-13,策略2_仅3槽_无板块互斥,0.0,0.0,3.0,0.0,1.0,棕榈油:S; 焦煤:S; 豆粕:L,0.0,-0.01661291898758921,0.0,-0.017940059096665295,0.0,-0.01702472638832586,0.0,-0.014225837388555429,0.0,-0.02099737532808399,-1.0,0.0008928571428572507,0.0,-0.0030651340996168397,0.0,-0.0192738682205289,0.0,-0.00820668693009119,1.0,0.0035842293906809264,-1.0,-0.009565019357777316,0.0,0.0,0.0,-0.0,0.0,-0.0,0.0,-0.0,0.0,-0.0,0.0,-0.0,-1.0,-0.0002976190476190836,0.0,-0.0,0.0,-0.0,0.0,-0.0,1.0,0.0011947431302269755,-1.0,0.003188339785925772,0.0,0.0,0.004085463868533664,1.1069294292315044,3.0,,,,,,,,,,,,
2026-02-24,策略2_仅3槽_无板块互斥,0.0,0.0,3.0,0.0,0.0,棕榈油:S; 焦煤:S; 豆粕:L,0.0,0.011726125409917465,0.0,0.01590371803137769,0.0,0.01773195876288658,0.0,0.03639311773714082,0.0,-0.007372654155495928,-1.0,-0.017395182872435355,0.0,0.028439661798616456,0.0,0.0443327239488116,0.0,0.043824701195219085,1.0,-0.006785714285714284,-1.0,0.014486088756035853,0.0,0.005172413793103514,0.0,0.0,0.0,0.0,0.0,0.0,0.0,0.0,0.0,-0.0,-1.0,0.005798394290811785,0.0,0.0,0.0,0.0,0.0,0.0,1.0,-0.0022619047619047614,-1.0,-0.004828696252011951,0.0,0.0,-0.0012922067231049268,1.1054990475810487,3.0,,,,,,,,,,,,
2026-02-25,策略2_仅3槽_无板块互斥,0.0,0.0,3.0,0.0,0.0,棕榈油:S; 焦煤:S; 豆粕:L,0.0,0.010607995285335514,0.0,0.00846202665538387,0.0,0.001215559157212276,0.0,0.00048674489352440453,0.0,0.01620526671168121,-1.0,0.022242396731729563,0.0,-0.007473841554558991,0.0,-0.015754923413566768,0.0,0.012331180270111597,1.0,0.017979144192736385,-1.0,0.0027198549410698547,0.0,0.004288164665523064,0.0,0.0,0.0,0.0,0.0,0.0,0.0,0.0,0.0,0.0,-1.0,-0.0074141322439098545,0.0,-0.0,0.0,-0.0,0.0,0.0,1.0,0.005993048064245461,-1.0,-0.0009066183136899516,0.0,0.0,-0.002327702493354345,1.1029257746915935,3.0,,,,,,,,,,,,
2026-02-26,策略2_仅3槽_无板块互斥,0.0,1.0,2.0,0.0,0.0,焦煤:S; 豆粕:L,0.0,-0.0021382058509087365,0.0,0.0004195510803439717,0.0,-0.005665722379603388,0.0,-0.003978941149896609,0.0,-0.0053156146179401675,-1.0,-0.03197158081705154,0.0,-0.009789156626506035,0.0,-0.017341040462427793,0.0,-0.006670533642691434,1.0,0.0010596962204167948,0.0,-0.015144665461121143,0.0,0.0,0.0,-0.0,0.0,0.0,0.0,-0.0,0.0,-0.0,0.0,-0.0,-1.0,0.010657193605683846,0.0,-0.0,0.0,-0.0,0.0,-0.0,1.0,0.00035323207347226493,-1.0,0.005048221820373715,0.0,0.0,0.016058647499529826,1.1206372709255117,3.0,,,,,,,,,,,,
2026-02-27,策略2_仅3槽_无板块互斥,0.0,1.0,1.0,0.0,0.0,焦煤:S,0.0,0.01217492938540965,0.0,-0.00041937513105472224,0.0,0.005698005698005604,0.0,0.0012385737213034265,0.0,0.002672010688042681,-1.0,0.0032110091743118296,0.0,-0.0019011406844106071,0.0,-0.014027149321266918,0.0,0.0017518248175183437,0.0,-0.0003528581510232609,0.0,0.007574018820289297,0.0,0.0076857386848847575,0.0,0.0,0.0,-0.0,0.0,0.0,0.0,0.0,0.0,0.0,-1.0,-0.0010703363914372765,0.0,-0.0,0.0,-0.0,0.0,0.0,1.0,-0.0001176193836744203,0.0,0.0,0.0,0.0,-0.001187955775111697,1.1193060034077102,2.0,,,,,,,,,,,,
2026-03-02,策略2_仅3槽_无板块互斥,0.0,0.0,1.0,0.0,0.0,焦煤:S,0.0,-0.0006735950731331375,0.0,0.026431718061673992,0.0,0.0056657223796034994,0.0,0.042965415105845395,0.0,0.005329780146569041,-1.0,0.0004572473708275293,0.0,0.05752380952380953,0.0,0.08536025699862315,0.0,0.0052462838822500135,0.0,-0.0024708789269325404,0.0,0.01343963553530747,0.0,0.01016949152542379,0.0,-0.0,0.0,0.0,0.0,0.0,0.0,0.0,0.0,0.0,-1.0,-0.0001524157902758431,0.0,0.0,0.0,0.0,0.0,0.0,0.0,-0.0,0.0,0.0,0.0,0.0,-0.0001524157902758431,1.1191354034986405,1.0,,,,,,,,,,,,
2026-03-03,策略2_仅3槽_无板块互斥,0.0,1.0,0.0,0.0,0.0,,0.0,-0.016851227732306184,0.0,-0.022889842632331958,0.0,-0.019315895372233438,0.0,-0.012712784617697648,0.0,-0.001325381047051044,0.0,0.030164533820840944,0.0,0.01008645533141217,0.0,0.08118393234672294,0.0,-0.02377500724847781,0.0,0.0035385704175512345,0.0,0.010788941335131419,0.0,-0.004614093959731558,0.0,-0.0,0.0,-0.0,0.0,-0.0,0.0,-0.0,0.0,-0.0,-1.0,-0.01005484460694698,0.0,0.0,0.0,0.0,0.0,-0.0,0.0,0.0,0.0,0.0,0.0,-0.0,-0.01005484460694698,1.1078826709223288,1.0,,,,,,,,,,,,
2026-03-04,策略2_仅3槽_无板块互斥,3.0,0.0,3.0,0.0,0.0,橡胶:S; 焦煤:L; 甲醇:L,0.0,-0.004309500489716012,0.0,0.037230704873457476,0.0,0.004513746409519959,0.0,-0.02448392554991541,0.0,-0.001990710019907138,1.0,-0.02661934338952976,0.0,0.015335235378031387,1.0,-0.0015643332029722234,-1.0,-0.005643005643005683,0.0,-0.0024682651622003338,0.0,0.0008894818768068191,0.0,0.0025284450063212116,0.0,-0.0,0.0,0.0,0.0,0.0,0.0,-0.0,0.0,-0.0,0.0,-0.0,0.0,0.0,0.0,-0.0,0.0,-0.0,0.0,-0.0,0.0,0.0,0.0,0.0,0.0,1.1078826709223288,0.0,,,,,,,,,,,,
2026-03-05,策略2_仅3槽_无板块互斥,0.0,0.0,3.0,0.0,0.0,橡胶:S; 焦煤:L; 甲醇:L,0.0,-0.005705292150304908,0.0,0.000806614236741332,0.0,0.0016339869281045694,0.0,-0.0009192930116385112,0.0,0.009308510638297962,1.0,0.007748404740200554,0.0,0.02212855637513167,1.0,-0.025851938895417148,-1.0,-0.011051373954599764,0.0,0.004948745139625288,0.0,0.007553876916240876,0.0,0.0021017234131988083,0.0,-0.0,0.0,0.0,0.0,0.0,0.0,-0.0,0.0,0.0,1.0,0.0025828015800668513,0.0,0.0,1.0,-0.008617312965139049,-1.0,0.0036837913181999213,0.0,0.0,0.0,0.0,0.0,0.0,-0.002350720066872276,1.1052783488960516,3.0,,,,,,,,,,,,
2026-03-06,策略2_仅3槽_无板块互斥,0.0,0.0,3.0,0.0,0.0,橡胶:S; 焦煤:L; 甲醇:L,0.0,-0.0002967946181242631,0.0,-0.0012089462018940456,0.0,-0.010603588907014627,0.0,-0.009722222222222299,0.0,0.017127799736495364,1.0,0.01582994120307557,0.0,0.04295532646048117,1.0,0.039806996381182236,-1.0,0.016913319238900604,0.0,0.0253253605346464,0.0,0.016317530319735374,0.0,0.003775167785234901,0.0,-0.0,0.0,-0.0,0.0,-0.0,0.0,-0.0,0.0,0.0,1.0,0.005276647067691857,0.0,0.0,1.0,0.013268998793727413,-1.0,-0.005637773079633535,0.0,0.0,0.0,0.0,0.0,0.0,0.012907872781785734,1.119545141212064,3.0,,,,,,,,,,,,
2026-03-09,策略2_仅3槽_无板块互斥,0.0,0.0,3.0,0.0,0.0,橡胶:S; 焦煤:L; 甲醇:L,0.0,-0.008510638297872353,0.0,0.009078071414161837,0.0,0.0065952184666115965,0.0,-0.0007012622720897754,0.0,0.016191709844559643,1.0,0.040071237756010625,0.0,0.040527182866556766,1.0,0.09435421500386698,-1.0,0.0035640035640036594,0.0,0.027444253859348233,0.0,0.054458667823823026,0.0,0.0008357709987463213,0.0,-0.0,0.0,0.0,0.0,0.0,0.0,-0.0,0.0,0.0,1.0,0.013357079252003542,0.0,0.0,1.0,0.03145140500128899,-1.0,-0.0011880011880012198,0.0,0.0,0.0,0.0,0.0,0.0,0.043620483065291316,1.168380241085134,3.0,,,,,,,,,,,,
2026-03-10,策略2_仅3槽_无板块互斥,0.0,2.0,1.0,0.0,0.0,焦煤:L,0.0,0.0132747779219482,0.0,-0.0017992802878848968,0.0,-0.00020475020475019257,0.0,0.011543859649122856,0.0,-0.0006373486297004405,1.0,-0.03981164383561642,0.0,-0.018366054464851178,0.0,-0.09929328621908129,0.0,0.013021604024859412,0.0,-0.007345575959933237,0.0,-0.02654320987654324,0.0,-0.0058455114822546506,0.0,0.0,0.0,-0.0,0.0,-0.0,0.0,0.0,0.0,-0.0,1.0,-0.013270547945205472,0.0,-0.0,1.0,-0.033097762073027094,-1.0,-0.004340534674953138,0.0,-0.0,0.0,-0.0,0.0,-0.0,-0.0507088446931857,1.109133028897361,3.0,,,,,,,,,,,,
2026-03-11,策略2_仅3槽_无板块互斥,0.0,0.0,1.0,0.0,0.0,焦煤:L,0.0,-0.003644602048857415,0.0,0.01301822551572207,0.0,-0.0012287528158918537,0.0,0.0020465503486071235,0.0,0.0044642857142858094,1.0,0.020508247882300434,0.0,0.0741935483870968,0.0,0.042761867398980025,0.0,0.0037978381536662997,0.0,0.03195425496131854,0.0,0.00676389769604735,0.0,0.0058798824023520435,0.0,-0.0,0.0,0.0,0.0,-0.0,0.0,0.0,0.0,0.0,1.0,0.006836082627433478,0.0,0.0,0.0,0.0,0.0,0.0,0.0,0.0,0.0,0.0,0.0,0.0,0.006836082627433478,1.116715153927719,1.0,,,,,,,,,,,,
2026-03-12,策略2_仅3槽_无板块互斥,0.0,0.0,1.0,0.0,0.0,焦煤:L,0.0,-0.0013840830449827202,0.0,0.001383946223803889,0.0,-0.003485749436128782,0.0,-0.0034616449736915023,0.0,0.010158730158730256,1.0,0.00742682394058547,0.0,0.05075075075075075,0.0,0.02558314522197147,0.0,-0.006111757857974354,0.0,-0.0045632333767926525,0.0,0.016586185177409174,0.0,0.00041753653444676075,0.0,-0.0,0.0,0.0,0.0,-0.0,0.0,-0.0,0.0,0.0,1.0,0.0024756079801951567,0.0,0.0,0.0,0.0,0.0,-0.0,0.0,-0.0,0.0,0.0,0.0,0.0,0.0024756079801951567,1.1194797028743873,1.0,,,,,,,,,,,,
2026-03-13,策略2_仅3槽_无板块互斥,0.0,0.0,1.0,0.0,0.0,焦煤:L,0.0,-0.006930006930006893,0.0,-0.010069101678183645,0.0,-0.006584362139917643,0.0,-0.013564679727664175,0.0,0.020113136392206243,1.0,0.021682567215958404,0.0,-0.009145470134324096,0.0,0.02898019075568592,0.0,-0.018155197657393818,0.0,0.024230517354289383,0.0,0.00867410161090465,0.0,-0.004173622704507496,0.0,-0.0,0.0,-0.0,0.0,-0.0,0.0,-0.0,0.0,0.0,1.0,0.007227522405319468,0.0,-0.0,0.0,0.0,0.0,-0.0,0.0,0.0,0.0,0.0,0.0,-0.0,0.007227522405319468,1.1275707675092124,1.0,,,,,,,,,,,,
2026-03-16,策略2_仅3槽_无板块互斥,1.0,0.0,2.0,0.0,0.0,PTA:S; 焦煤:L,0.0,-0.005881766523776255,0.0,0.00398883127243721,0.0,-0.009734879867439927,0.0,-0.012677172286292837,0.0,-0.0030807147258163914,1.0,0.002546689303905003,-1.0,0.006922411306605092,0.0,0.011408199643493822,0.0,0.006263048016701411,0.0,-0.018222506393861915,0.0,0.024774774774774855,0.0,-0.002933780385582563,0.0,-0.0,0.0,0.0,0.0,-0.0,0.0,-0.0,0.0,-0.0,1.0,0.0008488964346350011,0.0,0.0,0.0,0.0,0.0,0.0,0.0,-0.0,0.0,0.0,0.0,-0.0,0.0008488964346350011,1.1285279583135495,1.0,,,,,,,,,,,,
2026-03-17,策略2_仅3槽_无板块互斥,1.0,1.0,2.0,0.0,2.0,PTA:S; 沪铝:S,0.0,-0.0038106698756518176,-1.0,-0.007151370679380209,0.0,-0.008575611796695304,0.0,-0.0020864913062861312,0.0,0.009270704573547617,0.0,-0.0042337002540220325,-1.0,-0.00916642795760525,0.0,0.0035248501938667243,0.0,-0.004149377593360981,0.0,-0.0003256268316509381,0.0,-0.005594405594405605,0.0,0.002942412778478287,0.0,-0.0,0.0,-0.0,0.0,-0.0,0.0,-0.0,0.0,0.0,1.0,-0.0014112334180073443,-1.0,0.0030554759858684166,0.0,0.0,0.0,-0.0,0.0,-0.0,0.0,-0.0,0.0,0.0,0.0016442425678610724,1.13038353202163,2.0,,,,,,,,,,,,
2026-03-18,策略2_仅3槽_无板块互斥,1.0,0.0,3.0,0.0,2.0,PTA:S; 沪铝:S; 豆粕:S,0.0,-0.007348500100664346,-1.0,-0.0076030412164865835,0.0,-0.014978902953586504,0.0,-0.002144465491976222,0.0,-0.006736068585425636,0.0,-0.01658163265306123,-1.0,-0.018502457357617796,0.0,0.022831050228310446,0.0,-0.023809523809523836,-1.0,-0.011074918566775227,0.0,-0.02632107695398833,0.0,-0.0016764459346185756,0.0,-0.0,-1.0,0.0025343470721621944,0.0,-0.0,0.0,-0.0,0.0,-0.0,0.0,-0.0,-1.0,0.006167485785872599,0.0,0.0,0.0,-0.0,0.0,-0.0,0.0,-0.0,0.0,-0.0,0.008701832858034794,1.1402199405827573,2.0,,,,,,,,,,,,
2026-03-19,策略2_仅3槽_无板块互斥,0.0,0.0,3.0,0.0,2.0,PTA:S; 沪铝:S; 豆粕:S,0.0,-0.042490619612615355,-1.0,-0.025000000000000022,0.0,-0.027414863996573113,0.0,-0.04611554855116584,0.0,-0.004315659679408168,0.0,0.0025940337224383825,-1.0,0.006480117820323983,0.0,0.09271978021978011,0.0,-0.01890243902439026,-1.0,0.0019762845849802257,0.0,0.010730499380932734,0.0,0.0008396305625524292,0.0,-0.0,-1.0,0.00833333333333334,0.0,-0.0,0.0,-0.0,0.0,-0.0,0.0,0.0,-1.0,-0.0021600392734413276,0.0,0.0,0.0,-0.0,-1.0,-0.000658761528326742,0.0,0.0,0.0,0.0,0.005514532531565271,1.1465077205382403,3.0,,,,,,,,,,,,
2026-03-20,策略2_仅3槽_无板块互斥,0.0,0.0,3.0,0.0,2.0,PTA:S; 沪铝:S; 豆粕:S,0.0,0.003389112476170242,-1.0,-0.006617038875103343,0.0,0.010129927328782262,0.0,-0.021816270206334587,0.0,0.009907120743034126,0.0,0.009918068132815927,-1.0,-0.02692420251682759,0.0,-0.015713387806411072,0.0,-0.005593536357986317,-1.0,-0.004273504273504258,0.0,-0.007962433646386269,0.0,0.001258389261745041,0.0,0.0,-1.0,0.0022056796250344477,0.0,0.0,0.0,-0.0,0.0,0.0,0.0,0.0,-1.0,0.008974734172275864,0.0,-0.0,0.0,-0.0,-1.0,0.0014245014245014194,0.0,-0.0,0.0,0.0,0.012604915221811732,1.1609593531567775,3.0,,,,,,,,,,,,
2026-03-23,策略2_仅3槽_无板块互斥,0.0,0.0,3.0,0.0,0.0,PTA:S; 沪铝:S; 豆粕:S,0.0,-0.027865737808739688,-1.0,-0.01935886761032468,0.0,-0.005886200130804431,0.0,-0.09521890174852687,0.0,0.0042918454935623185,0.0,0.10119555935098212,-1.0,0.07278195488721795,0.0,0.06992337164750961,0.0,0.009062499999999973,-1.0,-0.007263123142951522,0.0,0.023050010290183165,0.0,0.011730205278592365,0.0,-0.0,-1.0,0.0064529558701082275,0.0,-0.0,0.0,-0.0,0.0,0.0,0.0,0.0,-1.0,-0.02426065162907265,0.0,0.0,0.0,0.0,-1.0,0.0024210410476505073,0.0,0.0,0.0,0.0,-0.015386654711313914,1.1430960724558836,3.0,,,,,,,,,,,,
2026-03-24,策略2_仅3槽_无板块互斥,0.0,0.0,3.0,0.0,0.0,PTA:S; 沪铝:S; 豆粕:S,0.0,0.020955483170466804,-1.0,0.002971768202080227,0.0,0.007675438596491224,0.0,0.03924480271531605,0.0,0.006105006105006083,0.0,-0.031019775106630454,-1.0,-0.06167647883375382,0.0,-0.06326469710534166,0.0,0.004955094456488007,-1.0,-0.015297638842700412,0.0,-0.029973848320257512,0.0,-0.013250517598343725,0.0,0.0,-1.0,-0.000990589400693409,0.0,0.0,0.0,0.0,0.0,0.0,0.0,-0.0,-1.0,0.02055882627791794,0.0,-0.0,0.0,0.0,-1.0,0.005099212947566804,0.0,-0.0,0.0,-0.0,0.024667449824791337,1.1712933374681052,3.0,,,,,,,,,,,,
2026-03-25,策略2_仅3槽_无板块互斥,0.0,0.0,3.0,0.0,2.0,PTA:S; 沪铝:S; 豆粕:S,0.0,0.01659044985642888,-1.0,0.009947089947089927,0.0,-0.0017410228509249226,0.0,0.03486425801183923,0.0,-0.02123786407766992,0.0,-0.006802721088435382,-1.0,-0.015237526142814484,0.0,-0.015928639694170132,0.0,0.012634822804314272,-1.0,-0.009793988517392771,0.0,-0.013894649523019442,0.0,-0.002937473772555599,0.0,0.0,-1.0,-0.0033156966490299755,0.0,-0.0,0.0,0.0,0.0,-0.0,0.0,-0.0,-1.0,0.005079175380938161,0.0,-0.0,0.0,0.0,-1.0,0.003264662839130924,0.0,-0.0,0.0,-0.0,0.00502814157103911,1.1771827661901098,3.0,,,,,,,,,,,,
2026-03-26,策略2_仅3槽_无板块互斥,0.0,1.0,2.0,0.0,4.0,PTA:S; 豆粕:S,0.0,-0.002510722878962257,0.0,-0.005658005029337776,0.0,0.005886200130804431,0.0,-0.017732454929188513,0.0,0.013019218846869185,0.0,-0.008863819500402936,-1.0,0.028216019417475646,0.0,0.036581417934606675,0.0,0.0018259281801582539,-1.0,0.006821282401091366,0.0,0.010935856992639437,0.0,0.0,0.0,-0.0,-1.0,0.0018860016764459253,0.0,0.0,0.0,-0.0,0.0,0.0,0.0,-0.0,-1.0,-0.009405339805825216,0.0,0.0,0.0,0.0,-1.0,-0.002273760800363789,0.0,0.0,0.0,0.0,-0.00979309892974308,1.1656544989024213,3.0,,,,,,,,,,,,
2026-03-27,策略2_仅3槽_无板块互斥,1.0,0.0,3.0,0.0,4.0,PTA:S; 沪锌:L; 豆粕:S,0.0,0.006082852648138459,0.0,0.008851422550052668,1.0,0.013437364542696173,0.0,0.0026908170846804413,0.0,-0.006119951040391647,0.0,-0.00894308943089428,-1.0,0.014458542342874026,0.0,0.029356652092442204,0.0,0.0030376670716889542,-1.0,-0.005081300813008172,0.0,0.016018306636155666,0.0,-0.002946127946127919,0.0,0.0,0.0,0.0,0.0,0.0,0.0,0.0,0.0,-0.0,0.0,-0.0,-1.0,-0.004819514114291342,0.0,0.0,0.0,0.0,-1.0,0.0016937669376693905,0.0,0.0,0.0,-0.0,-0.0031257471766219513,1.1620109576435604,2.0,,,,,,,,,,,,
2026-03-30,策略2_仅3槽_无板块互斥,0.0,1.0,2.0,0.0,3.0,沪锌:L; 豆粕:S,0.0,-0.0017721255081830645,0.0,0.033006058073950184,1.0,0.006843455945252375,0.0,0.016241763963711353,0.0,0.0012315270935960854,0.0,-0.004101722723543921,0.0,-0.015706806282722474,0.0,0.006978155339805836,0.0,0.0033313143549364987,-1.0,0.0,0.0,0.016584766584766486,0.0,-0.009708737864077666,0.0,-0.0,0.0,0.0,1.0,0.0022811519817507917,0.0,0.0,0.0,0.0,0.0,-0.0,-1.0,0.005235602094240825,0.0,0.0,0.0,0.0,-1.0,-0.0,0.0,0.0,0.0,-0.0,0.007516754075991616,1.1707455082457747,3.0,,,,,,,,,,,,
2026-03-31,策略2_仅3槽_无板块互斥,1.0,1.0,2.0,0.0,1.0,沪铝:L; 沪锌:L,0.0,-0.004385964912280715,1.0,0.006066734074823055,1.0,-0.002548853016142716,0.0,0.0051434652372694956,0.0,-0.006150061500615034,0.0,-0.0539538714991763,0.0,-0.012411347517730542,0.0,-0.027116601385959616,0.0,-0.009960760639903365,0.0,-0.0074906367041198685,0.0,-0.006445115810674751,0.0,0.002131287297527651,0.0,-0.0,0.0,0.0,1.0,-0.000849617672047572,0.0,0.0,0.0,-0.0,0.0,-0.0,0.0,-0.0,0.0,-0.0,0.0,-0.0,-1.0,0.0024968789013732895,0.0,-0.0,0.0,0.0,0.0016472612293257174,1.1726740319309152,2.0,,,,,,,,,,,,
2026-04-01,策略2_仅3槽_无板块互斥,1.0,0.0,3.0,0.0,0.0,沪铝:L; 沪锌:L; 焦煤:S,0.0,0.017726033144535247,1.0,-0.008643216080401972,1.0,0.002981260647359374,0.0,0.03242819331438107,0.0,0.004950495049504955,-1.0,-0.029603831084022647,0.0,-0.047576301615798955,0.0,-0.0665840817590585,0.0,0.006402439024390194,0.0,-0.013722126929674117,0.0,-0.004257044394891496,0.0,-0.00042535091450446316,0.0,0.0,1.0,-0.0028810720268006573,1.0,0.0009937535491197913,0.0,0.0,0.0,0.0,0.0,-0.0,0.0,-0.0,0.0,-0.0,0.0,0.0,0.0,-0.0,0.0,-0.0,0.0,-0.0,-0.001887318477680866,1.1704608225621556,2.0,,,,,,,,,,,,
2026-04-02,策略2_仅3槽_无板块互斥,0.0,0.0,3.0,0.0,0.0,沪铝:L; 沪锌:L; 焦煤:S,0.0,-0.01185200453468005,1.0,0.0024330900243310083,1.0,0.002123142250530785,0.0,-0.027915456047399423,0.0,-0.008620689655172376,-1.0,0.015253476895468854,0.0,0.076971410618913,0.0,0.0769741207697412,0.0,0.015752802181157266,0.0,0.030956521739130327,0.0,0.018729641693810972,0.0,0.002553191489361728,0.0,-0.0,1.0,0.0008110300081103361,1.0,0.0007077140835102617,0.0,-0.0,0.0,-0.0,-1.0,-0.005084492298489618,0.0,0.0,0.0,0.0,0.0,0.0,0.0,0.0,0.0,0.0,0.0,0.0,-0.0035657482068690203,1.1662872539828941,3.0,,,,,,,,,,,,
2026-04-03,策略2_仅3槽_无板块互斥,0.0,0.0,3.0,0.0,0.0,沪铝:L; 沪锌:L; 焦煤:S,0.0,0.0038589904046724133,1.0,-0.0024271844660194164,1.0,-0.0004237288135593431,0.0,0.009005841098673528,0.0,-0.03602484472049694,-1.0,-0.016791869200176723,0.0,0.019253208868144744,0.0,0.036352433764633485,0.0,0.009543692215925992,0.0,-0.005060728744939236,0.0,-0.001998401278976769,0.0,-0.005093378607809895,0.0,0.0,1.0,-0.0008090614886731388,1.0,-0.00014124293785311437,0.0,0.0,0.0,-0.0,-1.0,0.005597289733392241,0.0,0.0,0.0,0.0,0.0,0.0,0.0,-0.0,0.0,-0.0,0.0,-0.0,0.004646985306865988,1.1717069737157377,3.0,,,,,,,,,,,,
2026-04-07,策略2_仅3槽_无板块互斥,0.0,2.0,1.0,0.0,0.0,焦煤:S,0.0,0.003220779220779235,0.0,-0.0012165450121655041,0.0,0.005934718100890191,0.0,0.0012391093901258365,0.0,-0.0019329896907216426,-1.0,-0.0035955056179775013,0.0,-0.014310246136233551,0.0,0.05618311533888232,0.0,0.005317577548005881,0.0,0.004747371990505345,0.0,0.0,0.0,-0.0004266211604095904,0.0,0.0,1.0,-0.00040551500405516805,1.0,0.001978239366963397,0.0,0.0,0.0,-0.0,-1.0,0.0011985018726591672,0.0,-0.0,0.0,0.0,0.0,0.0,0.0,0.0,0.0,0.0,0.0,-0.0,0.002771226235567396,1.1749540388216961,3.0,,,,,,,,,,,,
2026-04-08,策略2_仅3槽_无板块互斥,2.0,1.0,2.0,0.0,0.0,棕榈油:S; 沪铝:S,0.0,0.017191383595691834,-1.0,0.006090133982947554,0.0,0.0035819637589549203,0.0,0.026801253045596996,0.0,-0.010329244673983218,0.0,0.010825439783491264,0.0,-0.07346109175377469,0.0,-0.12130593864339989,0.0,0.006464883925947795,0.0,-0.0003374957813027102,-1.0,-0.04205046055266315,0.0,0.0008536064874093974,0.0,0.0,0.0,0.0,0.0,0.0,0.0,0.0,0.0,-0.0,-1.0,-0.0036084799278304214,0.0,-0.0,0.0,-0.0,0.0,0.0,0.0,-0.0,0.0,-0.0,0.0,0.0,-0.0036084799278304214,1.1707142407564848,1.0,,,,,,,,,,,,
2026-04-09,策略2_仅3槽_无板块互斥,1.0,0.0,3.0,0.0,1.0,棕榈油:S; 沪铝:S; 豆粕:L,0.0,-0.004174302586031353,-1.0,-0.009685230024213065,0.0,-0.002099517111064486,0.0,-0.019472693032015154,0.0,-0.021526418786692814,0.0,-0.038821954484605126,0.0,0.022250078345346314,0.0,0.02658552210121723,0.0,0.0008759124087591719,1.0,0.0030384875084401575,-1.0,0.008570234113712383,0.0,0.003837953091684332,0.0,-0.0,-1.0,0.003228410008071022,0.0,-0.0,0.0,-0.0,0.0,-0.0,0.0,-0.0,0.0,0.0,0.0,0.0,0.0,0.0,0.0,0.0,-1.0,-0.002856744704570794,0.0,0.0,0.00037166530350022774,1.1711493546200875,2.0,,,,,,,,,,,,
2026-04-10,策略2_仅3槽_无板块互斥,0.0,0.0,3.0,0.0,2.0,棕榈油:S; 沪铝:S; 豆粕:L,0.0,0.006441059196401255,-1.0,0.0052974735126325445,0.0,-0.006311803071744171,0.0,0.006760649944301367,0.0,0.004666666666666597,0.0,-0.01949860724233987,0.0,-0.033721643163703297,0.0,-0.02839313572542901,0.0,-0.018961493582263733,1.0,0.0020195220464489516,-1.0,-0.003005181347150221,0.0,0.010620220900594779,0.0,0.0,-1.0,-0.0017658245042108482,0.0,-0.0,0.0,0.0,0.0,0.0,0.0,-0.0,0.0,-0.0,0.0,-0.0,0.0,-0.0,1.0,0.0006731740154829838,-1.0,0.0010017271157167402,0.0,0.0,-9.092337301112407e-05,1.1710428697704658,3.0,,,,,,,,,,,,
2026-04-13,策略2_仅3槽_无板块互斥,0.0,0.0,3.0,0.0,2.0,棕榈油:S; 沪铝:S; 豆粕:L,0.0,0.01188541243397001,-1.0,0.006688285366842406,0.0,-0.0016938386618674528,0.0,-0.004731199206379322,0.0,0.013271400132714106,0.0,0.009469696969697017,0.0,-0.004758883248730972,0.0,0.01958895311496467,0.0,-0.0011894142134998287,1.0,0.0010077258985556892,-1.0,-0.007795447458684102,0.0,-0.0025220680958385477,0.0,0.0,-1.0,-0.0022294284556141353,0.0,-0.0,0.0,-0.0,0.0,0.0,0.0,0.0,0.0,-0.0,0.0,0.0,0.0,-0.0,1.0,0.00033590863285189637,-1.0,0.002598482486228034,0.0,-0.0,0.0007049626634657951,1.1718684112709719,3.0,,,,,,,,,,,,
2026-04-14,策略2_仅3槽_无板块互斥,0.0,1.0,2.0,0.0,1.0,棕榈油:S; 豆粕:L,0.0,0.01586186125890965,0.0,0.005033219247030374,0.0,0.009119830328738088,0.0,0.009028177113283409,0.0,-0.006548788474132317,0.0,-0.0009380863039399889,0.0,-0.0035065349059610895,0.0,-0.10929133858267714,0.0,-0.003274784161952926,1.0,-0.0010067114093960106,-1.0,-0.011837418814163003,0.0,0.010113780025284402,0.0,0.0,-1.0,-0.0016777397490101247,0.0,0.0,0.0,0.0,0.0,-0.0,0.0,-0.0,0.0,-0.0,0.0,-0.0,0.0,-0.0,1.0,-0.00033557046979867017,-1.0,0.003945806271387668,0.0,0.0,0.0019324960525788732,1.1741330423498948,3.0,,,,,,,,,,,,
2026-04-15,策略2_仅3槽_无板块互斥,0.0,0.0,2.0,0.0,0.0,棕榈油:S; 豆粕:L,0.0,0.008894159501926957,0.0,-0.0010016025641025328,0.0,-0.0031525851197982124,0.0,0.005148078493949715,0.0,0.007251153592616966,0.0,0.016901408450704203,0.0,0.016634676903390933,0.0,0.005657708628005631,0.0,0.0035842293906809264,1.0,0.0,-1.0,-0.0023322378882646433,0.0,-0.002920317062995448,0.0,0.0,0.0,-0.0,0.0,-0.0,0.0,0.0,0.0,0.0,0.0,0.0,0.0,0.0,0.0,0.0,0.0,0.0,1.0,0.0,-1.0,0.0007774126294215478,0.0,-0.0,0.0007774126294215478,1.1750458282056389,2.0,,,,,,,,,,,,
2026-04-16,策略2_仅3槽_无板块互斥,1.0,1.0,2.0,0.0,1.0,PTA:L; 棕榈油:S,0.0,0.0061710255656772794,0.0,0.028072989773410884,0.0,0.008011806873286842,0.0,0.003080586634411908,0.0,0.024214659685863893,0.0,0.1523545706371192,1.0,0.0034612964128382107,0.0,0.02250351617440227,0.0,0.0002976190476191576,0.0,0.004702720859926179,-1.0,-0.0009563277016257921,0.0,0.0016736401673640433,0.0,0.0,0.0,0.0,0.0,0.0,0.0,0.0,0.0,0.0,0.0,0.0,0.0,0.0,0.0,0.0,0.0,0.0,1.0,0.0015675736199753931,-1.0,0.00031877590054193067,0.0,0.0,0.0018863495205173237,1.1772623753402605,2.0,,,,,,,,,,,,
2026-04-17,策略2_仅3槽_无板块互斥,1.0,0.0,3.0,0.0,1.0,PTA:L; 棕榈油:S; 焦煤:L,0.0,-0.003796728971962593,0.0,-0.004486054222742397,0.0,0.004810709056682683,0.0,-0.007046632124352303,0.0,-0.005111821086261958,1.0,-0.017628205128205177,1.0,0.0012543116964565115,0.0,0.0027510316368637433,0.0,-0.010413567390657574,0.0,-0.011033099297893645,-1.0,0.00957243139757491,0.0,0.003341687552213868,0.0,-0.0,0.0,-0.0,0.0,0.0,0.0,-0.0,0.0,-0.0,0.0,-0.0,1.0,0.0004181038988188372,0.0,0.0,0.0,-0.0,0.0,-0.0,-1.0,-0.0031908104658583034,0.0,0.0,-0.0027727065670394664,1.173998172221026,2.0,,,,,,,,,,,,
2026-04-20,策略2_仅3槽_无板块互斥,0.0,0.0,3.0,0.0,2.0,PTA:L; 棕榈油:S; 焦煤:L,0.0,0.002833968533177078,0.0,-0.015478056426332265,0.0,0.0077019150707744455,0.0,0.0008918236845600891,0.0,0.010276172125883054,1.0,0.030587275693311655,1.0,-0.012527403695584138,0.0,-0.020576131687242816,0.0,0.027059530968129852,0.0,0.0030425963488844854,-1.0,-0.0006321112515802474,0.0,0.004995836802664355,0.0,0.0,0.0,-0.0,0.0,0.0,0.0,0.0,0.0,0.0,1.0,0.010195758564437218,1.0,-0.00417580123186138,0.0,-0.0,0.0,0.0,0.0,0.0,-1.0,0.00021070375052674914,0.0,0.0,0.0062306610831025875,1.1813129569443173,3.0,,,,,,,,,,,,
2025-07-22,策略2_仅板块互斥_6板块槽位,0.0,0.0,0.0,0.0,0.0,,0.0,0.0,0.0,0.0,0.0,0.0,0.0,0.0,0.0,0.0,0.0,0.0,0.0,0.0,0.0,0.0,0.0,0.0,0.0,0.0,0.0,0.0,0.0,0.0,0.0,0.0,0.0,0.0,0.0,0.0,0.0,0.0,0.0,0.0,0.0,0.0,0.0,0.0,0.0,0.0,0.0,0.0,0.0,0.0,0.0,0.0,0.0,0.0,0.0,1.0,0.0,,,,,,,,,,,,
2025-07-23,策略2_仅板块互斥_6板块槽位,0.0,0.0,0.0,0.0,0.0,,0.0,-0.0018811136192625755,0.0,-0.0052631578947368585,0.0,0.0013074743952929957,0.0,0.010269609092298904,0.0,-0.013365735115431376,0.0,0.0829756795422032,0.0,-0.0020859407592824786,0.0,-0.01872201872201873,0.0,-0.0036520584329349237,0.0,0.0029163966299416977,0.0,0.007618194039883397,0.0,-0.00043066322136087187,0.0,-0.0,0.0,-0.0,0.0,0.0,0.0,0.0,0.0,-0.0,0.0,0.0,0.0,-0.0,0.0,-0.0,0.0,-0.0,0.0,0.0,0.0,0.0,0.0,-0.0,0.0,1.0,0.0,,,,,,,,,,,,
2025-07-24,策略2_仅板块互斥_6板块槽位,0.0,0.0,0.0,0.0,0.0,,0.0,0.003769317753486545,0.0,-0.0014430014430014682,0.0,0.0017410228509249226,0.0,-0.017858494135452152,0.0,-0.0012315270935960854,0.0,0.05548216644649928,0.0,0.013795986622073597,0.0,0.028618830360846115,0.0,0.01599466844385211,0.0,-0.022617124394184174,0.0,0.012230375806092875,0.0,-0.0012925463162429818,0.0,0.0,0.0,-0.0,0.0,0.0,0.0,-0.0,0.0,-0.0,0.0,0.0,0.0,0.0,0.0,0.0,0.0,0.0,0.0,-0.0,0.0,0.0,0.0,-0.0,0.0,1.0,0.0,,,,,,,,,,,,
2025-07-25,策略2_仅板块互斥_6板块槽位,0.0,0.0,0.0,0.0,0.0,,0.0,-0.008011015145825473,0.0,0.0,0.0,-0.005648490115142346,0.0,-0.001823458407170464,0.0,-0.010480887792848281,0.0,0.05047976637463503,0.0,0.01773195876288658,0.0,0.01572580645161281,0.0,0.022302394227615707,0.0,-0.0013223140495868257,0.0,-0.018453427065026395,0.0,-0.0030198446937014234,0.0,-0.0,0.0,0.0,0.0,-0.0,0.0,-0.0,0.0,-0.0,0.0,0.0,0.0,0.0,0.0,0.0,0.0,0.0,0.0,-0.0,0.0,-0.0,0.0,-0.0,0.0,1.0,0.0,,,,,,,,,,,,
2025-07-28,策略2_仅板块互斥_6板块槽位,0.0,0.0,0.0,0.0,0.0,,0.0,-0.003154574132492094,0.0,-0.006984585741811156,0.0,-0.010487218702206702,0.0,-0.0032676375237997712,0.0,-0.020560747663551426,0.0,-0.12589356632247817,0.0,-0.025121555915721183,0.0,-0.04565303691941247,0.0,-0.033365415463586734,0.0,-0.010261502813637913,0.0,0.0011190689346463056,0.0,0.003461704889658135,0.0,-0.0,0.0,-0.0,0.0,-0.0,0.0,-0.0,0.0,-0.0,0.0,-0.0,0.0,-0.0,0.0,-0.0,0.0,-0.0,0.0,-0.0,0.0,0.0,0.0,0.0,0.0,1.0,0.0,,,,,,,,,,,,
2025-07-29,策略2_仅板块互斥_6板块槽位,0.0,0.0,0.0,0.0,0.0,,0.0,-0.0020253164556962577,0.0,-0.00048508367693422816,0.0,0.00044159858688441744,0.0,-0.004310901159038538,0.0,0.01526717557251911,0.0,0.0181735574738755,0.0,0.005403158769742289,0.0,0.012479201331114798,0.0,-0.0036508463325589657,0.0,-0.00234113712374584,0.0,0.0026827632461434714,0.0,-0.007330746011211753,0.0,-0.0,0.0,-0.0,0.0,0.0,0.0,-0.0,0.0,0.0,0.0,0.0,0.0,0.0,0.0,0.0,0.0,-0.0,0.0,-0.0,0.0,0.0,0.0,-0.0,0.0,1.0,0.0,,,,,,,,,,,,
2025-07-30,策略2_仅板块互斥_6板块槽位,4.0,0.0,4.0,3.0,0.0,PTA:S; 沪金:S; 沪铜:S; 焦煤:S,-1.0,0.0011415525114155667,0.0,0.0009706381946128495,0.0,0.0006621054954756289,-1.0,0.0030332883957273626,0.0,-0.011278195488721776,-1.0,0.09995537706381086,-1.0,0.003720545680033105,0.0,-0.006162695152013176,0.0,-0.004330446369087304,0.0,0.009051290646999721,0.0,0.0013377926421405117,0.0,0.004344048653344812,0.0,0.0,0.0,0.0,0.0,0.0,0.0,0.0,0.0,-0.0,0.0,0.0,0.0,0.0,0.0,-0.0,0.0,-0.0,0.0,0.0,0.0,0.0,0.0,0.0,0.0,1.0,0.0,,,,,,,,,,,,
2025-07-31,策略2_仅板块互斥_6板块槽位,0.0,0.0,4.0,1.0,0.0,PTA:S; 沪金:S; 沪铜:S; 焦煤:S,-1.0,-0.011275814012416063,0.0,-0.005575757575757567,0.0,-0.0143361270401412,-1.0,-0.004523249502442539,0.0,-0.012674271229404344,-1.0,-0.07910750507099396,-1.0,-0.009884678747940745,0.0,-0.005787515502273632,0.0,-0.025761124121779888,0.0,-0.0033222591362126463,0.0,-0.009129369850812696,0.0,-0.01038062283737029,-1.0,0.0018793023354026772,0.0,-0.0,0.0,-0.0,-1.0,0.0007538749170737565,0.0,-0.0,-1.0,0.013184584178498993,-1.0,0.0016474464579901242,0.0,-0.0,0.0,-0.0,0.0,-0.0,0.0,-0.0,0.0,-0.0,0.01746520788896555,1.0174652078889657,4.0,,,,,,,,,,,,
2025-08-01,策略2_仅板块互斥_6板块槽位,0.0,0.0,4.0,0.0,0.0,PTA:S; 沪金:S; 沪铜:S; 焦煤:S,-1.0,0.0046130189646336195,0.0,0.0,0.0,-0.0011188185276348461,-1.0,0.0005712208547541398,0.0,0.005134788189987249,-1.0,-0.037444933920704804,-1.0,-0.01331114808652245,0.0,-0.00498960498960499,0.0,-0.01717032967032972,0.0,0.0033333333333334103,0.0,0.0011235955056179137,0.0,0.00393356643356646,-1.0,-0.0007688364941056033,0.0,0.0,0.0,-0.0,-1.0,-9.520347579235662e-05,0.0,0.0,-1.0,0.006240822320117467,-1.0,0.002218524681087075,0.0,-0.0,0.0,-0.0,0.0,0.0,0.0,0.0,0.0,0.0,0.007595307031306582,1.0251931685365545,4.0,,,,,,,,,,,,
2025-08-04,策略2_仅板块互斥_6板块槽位,0.0,1.0,3.0,0.0,0.0,PTA:S; 沪铜:S; 焦煤:S,-1.0,-0.0008928571428571397,0.0,0.0007313505607020598,0.0,-0.0029121863799282943,0.0,0.013883122275274884,0.0,0.009578544061302763,-1.0,0.04439359267734555,-1.0,-0.009696458684654297,0.0,-0.001253656498119482,0.0,0.06743535988819005,0.0,0.014950166112956742,0.0,-0.008080808080808133,0.0,-0.005659555942533756,-1.0,0.00014880952380952328,0.0,0.0,0.0,-0.0,-1.0,-0.002313853712545814,0.0,0.0,-1.0,-0.007398932112890925,-1.0,0.0016160764474423828,0.0,-0.0,0.0,0.0,0.0,0.0,0.0,-0.0,0.0,-0.0,-0.007947899854184834,1.0170450359018315,4.0,,,,,,,,,,,,
2025-08-05,策略2_仅板块互斥_6板块槽位,0.0,2.0,1.0,0.0,0.0,PTA:S,0.0,0.003191625175539281,0.0,0.001705237515225333,0.0,0.0056167153448662965,0.0,0.0013820992552020517,0.0,0.010120177103099204,0.0,0.0359333917616127,-1.0,-0.003405704555129896,0.0,0.0029288702928871313,0.0,0.012111292962356801,0.0,0.003273322422258529,0.0,0.025571396243494027,0.0,-0.015323992994746072,-1.0,-0.0005319375292565468,0.0,0.0,0.0,0.0,0.0,0.0,0.0,0.0,-1.0,-0.00598889862693545,-1.0,0.0005676174258549826,0.0,0.0,0.0,0.0,0.0,0.0,0.0,0.0,0.0,-0.0,-0.0059532187303370145,1.0109903443445043,3.0,,,,,,,,,,,,
2025-08-06,策略2_仅板块互斥_6板块槽位,3.0,0.0,4.0,0.0,0.0,PTA:S; 沪金:L; 沪铝:L; 豆粕:L,0.0,-0.0038177653346908036,1.0,0.0043774319066147704,0.0,0.0,1.0,0.0015079872204473155,0.0,-0.0050093926111458575,0.0,0.03299492385786795,-1.0,0.008970525416488684,0.0,-0.0004171881518565401,0.0,0.0022639068564036524,1.0,0.002283849918433889,0.0,-0.010370697263901163,0.0,0.004446420631391668,0.0,-0.0,0.0,0.0,0.0,0.0,0.0,0.0,0.0,-0.0,0.0,0.0,-1.0,-0.0014950875694147807,0.0,-0.0,0.0,0.0,0.0,0.0,0.0,-0.0,0.0,0.0,-0.0014950875694147807,1.0094788252478766,1.0,,,,,,,,,,,,
2025-08-07,策略2_仅板块互斥_6板块槽位,0.0,0.0,4.0,0.0,0.0,PTA:S; 沪金:L; 沪铝:L; 豆粕:L,0.0,0.0022994379151763944,1.0,0.004842615012106588,0.0,0.008936550491510209,1.0,0.001709881584320172,0.0,-0.0018879798615480947,0.0,0.006961506961506991,-1.0,-0.007620660457239636,0.0,-0.0033388981636059967,0.0,0.0019361084220717029,1.0,0.001953125,0.0,-0.0022296544035674826,0.0,0.0035413899955731853,0.0,0.0,1.0,0.0008071025020177647,0.0,0.0,1.0,0.000284980264053362,0.0,-0.0,0.0,0.0,-1.0,0.001270110076206606,0.0,-0.0,0.0,0.0,1.0,0.0003255208333333333,0.0,-0.0,0.0,0.0,0.0026877136756110662,1.0121920152917352,4.0,,,,,,,,,,,,
2025-08-08,策略2_仅板块互斥_6板块槽位,0.0,1.0,3.0,2.0,0.0,沪金:L; 沪铝:L; 豆粕:L,0.0,0.000382360438439866,1.0,-0.00313253012048198,0.0,-0.002878653675819298,1.0,0.003541311049400031,0.0,-0.024590163934426257,0.0,-0.0020333468889792705,0.0,-0.0008532423208190698,0.0,-0.0020938023450586263,0.0,0.0016103059581320522,1.0,0.005198180636777128,0.0,0.003351955307262511,0.0,-0.005293339214821335,0.0,0.0,1.0,-0.0005220883534136633,0.0,-0.0,1.0,0.0005902185082333385,0.0,-0.0,0.0,-0.0,-1.0,0.00014220705346984497,0.0,-0.0,0.0,0.0,1.0,0.0008663634394628547,0.0,0.0,0.0,-0.0,0.0010767006477523748,1.0132818430902495,4.0,,,,,,,,,,,,
2025-08-11,策略2_仅板块互斥_6板块槽位,0.0,1.0,2.0,2.0,0.0,沪铝:L; 豆粕:L,0.0,0.006752452541725074,1.0,0.0007251631617113397,0.0,0.0033311125916055673,0.0,-0.010561056105610533,0.0,0.020038784744667026,0.0,0.023634881825590925,0.0,0.004696840307429451,0.0,0.0025178346621905767,0.0,0.013183279742765341,1.0,-0.007110536522301203,0.0,0.02650334075723837,0.0,0.0031042128603104846,0.0,0.0,1.0,0.00012086052695188994,0.0,0.0,1.0,-0.0017601760176017556,0.0,0.0,0.0,0.0,0.0,0.0,0.0,0.0,0.0,0.0,1.0,-0.0011850894203835338,0.0,0.0,0.0,0.0,-0.0028244049110333997,1.0104199248763643,3.0,,,,,,,,,,,,
2025-08-12,策略2_仅板块互斥_6板块槽位,1.0,0.0,3.0,1.0,0.0,PTA:L; 沪铝:L; 豆粕:L,0.0,0.0,1.0,0.0016908212560386993,0.0,0.0017706949977867037,0.0,-0.004413198542618235,0.0,0.015209125475285079,0.0,0.04538216560509545,1.0,0.004249893752656275,0.0,0.044788614483047384,0.0,0.006664550936210656,1.0,0.006184895833333259,0.0,0.019310045563028844,0.0,-0.0008841732979664174,0.0,0.0,1.0,0.0002818035426731165,0.0,0.0,0.0,-0.0,0.0,0.0,0.0,0.0,0.0,0.0,0.0,0.0,0.0,0.0,1.0,0.0010308159722222099,0.0,0.0,0.0,-0.0,0.0013126195148953264,1.0117462217879962,2.0,,,,,,,,,,,,
2025-08-13,策略2_仅板块互斥_6板块槽位,2.0,0.0,5.0,0.0,0.0,PTA:L; 沪金:S; 沪铝:L; 玉米:L; 豆粕:L,0.0,0.004555808656036442,1.0,0.0026525198938991412,0.0,-0.001325673884224443,-1.0,0.0021648368640792004,0.0,-0.0074906367041198685,0.0,-0.051789794364051844,1.0,0.0,0.0,-0.006810897435897467,0.0,-0.003783102143757877,1.0,0.02329343254610161,0.0,0.010004257130693972,1.0,-0.0212389380530974,0.0,0.0,1.0,0.0004420866489831902,0.0,-0.0,0.0,0.0,0.0,-0.0,0.0,-0.0,1.0,0.0,0.0,-0.0,0.0,-0.0,1.0,0.0038822387576836017,0.0,0.0,0.0,-0.0,0.004324325406666792,1.016121341679973,3.0,,,,,,,,,,,,
2025-08-14,策略2_仅板块互斥_6板块槽位,1.0,2.0,4.0,0.0,0.0,沪金:S; 焦煤:S; 玉米:L; 豆粕:L,0.0,-0.005416981607457849,0.0,-0.003607503607503615,0.0,-0.005309734513274322,-1.0,0.0012600936069537827,0.0,-0.02515723270440251,-1.0,-0.02489959839357425,0.0,-0.012695725772323363,0.0,-0.01774909237595801,0.0,-0.010443037974683489,1.0,-0.001896933291179237,0.0,-0.012855637513171758,1.0,-0.004520795660036159,0.0,-0.0,1.0,-0.0006012506012506025,0.0,-0.0,-1.0,-0.00021001560115896378,0.0,-0.0,0.0,-0.0,1.0,-0.002115954295387227,0.0,-0.0,0.0,-0.0,1.0,-0.0003161555485298728,0.0,-0.0,1.0,-0.0007534659433393598,-0.0039968419896660255,1.0120600652349507,5.0,,,,,,,,,,,,
2025-08-15,策略2_仅板块互斥_6板块槽位,1.0,1.0,4.0,1.0,0.0,橡胶:S; 沪金:S; 焦煤:S; 豆粕:L,0.0,0.00139328689043694,0.0,0.0016895969104513409,0.0,0.0022241992882561235,-1.0,-0.0037241556440221757,0.0,0.001290322580645098,-1.0,0.01317957166392092,0.0,0.010715816545220802,0.0,-0.00944558521560579,-1.0,0.017268947873360974,1.0,-0.0063351282863477465,0.0,0.00982066609735277,0.0,-0.00544959128065392,0.0,0.0,0.0,0.0,0.0,0.0,-1.0,0.0006206926073370292,0.0,0.0,-1.0,-0.0021965952773201534,0.0,0.0,0.0,-0.0,0.0,0.0,1.0,-0.001055854714391291,0.0,0.0,1.0,-0.00090826521344232,-0.0035400225978167352,1.0084773497336712,4.0,,,,,,,,,,,,
2025-08-18,策略2_仅板块互斥_6板块槽位,1.0,1.0,4.0,1.0,0.0,橡胶:S; 沪金:S; 沪铝:S; 焦煤:S,0.0,-0.0013913483430305629,-1.0,-0.00746987951807232,0.0,-0.007545494895694671,-1.0,0.0023975251353440807,0.0,-0.005154639175257714,-1.0,-0.03455284552845528,0.0,0.006361323155216203,0.0,-0.0066334991708125735,-1.0,-0.005344231373781816,0.0,0.00573796620975453,0.0,0.013107822410147962,0.0,-0.005936073059360725,0.0,-0.0,0.0,-0.0,0.0,-0.0,-1.0,-0.0003995875225573468,0.0,-0.0,-1.0,0.00575880758807588,0.0,0.0,0.0,-0.0,-1.0,0.000890705228963636,1.0,0.0009563277016257551,0.0,0.0,0.0,-0.0,0.007206252996107923,1.0157446926566964,4.0,,,,,,,,,,,,
2025-08-19,策略2_仅板块互斥_6板块槽位,1.0,0.0,5.0,2.0,0.0,橡胶:S; 沪金:S; 沪铝:S; 焦煤:S; 豆粕:S,0.0,-0.0007599746675110985,-1.0,-0.002427773731488281,0.0,-0.006932021466905192,-1.0,-0.0033433634236041954,0.0,-0.0012953367875647714,-1.0,0.005894736842105175,0.0,-0.0025284450063211006,0.0,-0.002086811352253748,-1.0,0.003476611883691527,-1.0,0.0019017432646593058,0.0,0.005843071786310494,0.0,-0.003215434083601254,0.0,-0.0,-1.0,0.0004046289552480468,0.0,-0.0,-1.0,0.0005572272372673659,0.0,-0.0,-1.0,-0.0009824561403508625,0.0,-0.0,0.0,-0.0,-1.0,-0.0005794353139485878,0.0,0.0,0.0,0.0,0.0,-0.0,-0.0006000352617840375,1.0151352100241324,4.0,,,,,,,,,,,,
2025-08-20,策略2_仅板块互斥_6板块槽位,0.0,1.0,4.0,1.0,0.0,橡胶:S; 沪铝:S; 焦煤:S; 豆粕:S,0.0,-0.00316896945113454,-1.0,-0.00048673643222196805,0.0,0.002702094122945198,0.0,-0.0030707300079994004,0.0,-0.0025940337224383825,-1.0,-0.02678945165341151,0.0,0.009294465568229882,0.0,0.013801756587201952,-1.0,-0.012598425196850394,-1.0,-0.00031635558367604233,0.0,-0.00892116182572611,0.0,0.0,0.0,-0.0,-1.0,8.112273870366134e-05,0.0,0.0,-1.0,0.0005117883346665667,0.0,-0.0,-1.0,0.0044649086089019185,0.0,0.0,0.0,0.0,-1.0,0.002099737532808399,-1.0,5.272593061267372e-05,0.0,-0.0,0.0,0.0,0.007210283145693219,1.0224546223195692,5.0,,,,,,,,,,,,
2025-08-21,策略2_仅板块互斥_6板块槽位,0.0,0.0,4.0,0.0,0.0,橡胶:S; 沪铝:S; 焦煤:S; 豆粕:S,0.0,-0.0016531027466938353,-1.0,0.0026783540297052877,0.0,-0.0011228385358185156,0.0,0.003157840244344401,0.0,0.004551365409622976,-1.0,-0.013333333333333308,0.0,0.01716199246546668,0.0,0.0004125412541253759,-1.0,0.002870813397129135,-1.0,-0.014873417721518956,0.0,-0.00565208289721586,0.0,-0.0018433179723502668,0.0,-0.0,-1.0,-0.0004463923382842146,0.0,-0.0,0.0,0.0,0.0,0.0,-1.0,0.002222222222222218,0.0,0.0,0.0,0.0,-1.0,-0.0004784688995215225,-1.0,0.0024789029535864926,0.0,-0.0,0.0,-0.0,0.0037762639380029732,1.0263156808380791,4.0,,,,,,,,,,,,
2025-08-22,策略2_仅板块互斥_6板块槽位,0.0,1.0,3.0,1.0,0.0,橡胶:S; 焦煤:S; 豆粕:S,0.0,0.0017832123296395164,0.0,0.0019426906265176402,0.0,0.001573741007194318,0.0,-0.0022190112498710057,0.0,-0.003236245954692518,-1.0,0.013077593722754965,0.0,0.0016460905349793276,0.0,-0.008247422680412342,-1.0,-0.006043256997455448,-1.0,-0.008030838419531006,0.0,0.00968421052631574,0.0,0.0041551246537396835,0.0,0.0,-1.0,-0.0003237817710862734,0.0,0.0,0.0,-0.0,0.0,-0.0,-1.0,-0.0021795989537924942,0.0,0.0,0.0,-0.0,-1.0,0.001007209499575908,-1.0,0.0013384730699218343,0.0,0.0,0.0,0.0,-0.00015769815538102527,1.0261538327483724,4.0,,,,,,,,,,,,
2025-08-25,策略2_仅板块互斥_6板块槽位,1.0,1.0,3.0,0.0,0.0,橡胶:S; 玉米:L; 豆粕:S,0.0,0.013223140495867813,0.0,0.0067862336403297085,0.0,0.005387205387205496,0.0,0.007473493664339248,0.0,0.02207792207792214,0.0,0.0460413080895008,0.0,-0.0012325390304026573,0.0,0.007900207900207956,-1.0,0.017919999999999936,-1.0,0.009391191709844593,0.0,-0.0010425354462051395,1.0,-0.0096551724137931,0.0,0.0,0.0,0.0,0.0,0.0,0.0,0.0,0.0,0.0,-1.0,-0.007673551348250133,0.0,-0.0,0.0,0.0,-1.0,-0.002986666666666656,-1.0,-0.0015651986183074322,0.0,-0.0,0.0,-0.0,-0.01222541663322422,1.0136086746132436,3.0,,,,,,,,,,,,
2025-08-26,策略2_仅板块互斥_6板块槽位,3.0,0.0,6.0,0.0,0.0,橡胶:S; 沪金:L; 沪铝:L; 玉米:L; 豆粕:S; 铁矿石:L,0.0,-0.0062743129627306216,1.0,-0.0026480500722195766,0.0,-0.005581603036392102,1.0,0.0024897969660413466,1.0,-0.013341804320203265,0.0,-0.04524886877828049,0.0,0.0016454134101193674,0.0,-0.011963696369637011,-1.0,-0.0012574662055957475,-1.0,-0.011549566891241536,0.0,-0.008557712377374238,1.0,0.0018570102135562205,0.0,-0.0,0.0,-0.0,0.0,-0.0,0.0,0.0,0.0,-0.0,0.0,-0.0,0.0,0.0,0.0,-0.0,-1.0,0.0002095777009326246,-1.0,0.0019249278152069227,0.0,-0.0,1.0,0.00030950170225937007,0.0024440072183989177,1.01608594153063,3.0,,,,,,,,,,,,
2025-08-27,策略2_仅板块互斥_6板块槽位,0.0,1.0,5.0,0.0,1.0,沪金:L; 沪铝:L; 玉米:L; 豆粕:S; 铁矿石:L,0.0,0.0,1.0,0.004586048756939354,0.0,0.0017961383026492417,1.0,5.120852109796736e-05,1.0,-0.0012878300064391723,0.0,-0.005601034037053032,0.0,-0.00944558521560579,0.0,-0.009603340292275608,0.0,-0.00786905886056033,-1.0,-0.011684518013631906,0.0,0.0,1.0,0.002780352177942591,0.0,0.0,1.0,0.0007643414594898923,0.0,0.0,1.0,8.534753516327894e-06,1.0,-0.00021463833440652871,0.0,-0.0,0.0,-0.0,0.0,-0.0,-1.0,0.0013115098100933882,-1.0,0.001947419668938651,0.0,0.0,1.0,0.0004633920296570985,0.004280559387288829,1.020435357745941,6.0,,,,,,,,,,,,
2025-08-28,策略2_仅板块互斥_6板块槽位,1.0,0.0,6.0,1.0,0.0,PTA:S; 沪金:L; 沪铝:L; 玉米:L; 豆粕:S; 铁矿石:L,0.0,-0.00328324283369108,1.0,-0.0028832292167226825,0.0,-0.006275212909009453,1.0,0.0026371037943571096,1.0,0.01934235976789167,0.0,0.018197573656845822,-1.0,-0.0066334991708125735,0.0,0.00042158516020229797,0.0,0.011738578680203116,-1.0,-0.0019704433497537144,0.0,-0.009052631578947423,1.0,0.009704251386321694,0.0,-0.0,1.0,-0.00048053820278711373,0.0,-0.0,1.0,0.00043951729905951825,1.0,0.003223726627981945,0.0,0.0,0.0,-0.0,0.0,0.0,0.0,0.0,-1.0,0.0003284072249589524,0.0,-0.0,1.0,0.0016173752310536156,0.005128488180266917,1.0256686484168676,5.0,,,,,,,,,,,,
2025-08-29,策略2_仅板块互斥_6板块槽位,0.0,0.0,6.0,0.0,0.0,PTA:S; 沪金:L; 沪铝:L; 玉米:L; 豆粕:S; 铁矿石:L,0.0,0.006081337894336736,1.0,-0.00048192771084332175,0.0,-0.0013531799729363803,1.0,0.005362477975536795,1.0,-0.003795066413662229,0.0,-0.020425531914893602,-1.0,-0.0016694490818029983,0.0,-0.005056890012642201,0.0,-0.005330824709940396,-1.0,0.005264889766370517,0.0,-0.010410027618440565,1.0,0.0027459954233408634,0.0,0.0,1.0,-8.032128514055363e-05,0.0,-0.0,1.0,0.0008937463292561324,1.0,-0.0006325110689437049,0.0,-0.0,-1.0,0.00027824151363383304,0.0,-0.0,0.0,-0.0,-1.0,-0.0008774816277284195,0.0,-0.0,1.0,0.0004576659038901439,3.93397649674313e-05,1.0257089979804308,6.0,,,,,,,,,,,,
2025-09-01,策略2_仅板块互斥_6板块槽位,0.0,3.0,3.0,0.0,0.0,PTA:S; 沪金:L; 玉米:L,0.0,0.0046593628006548204,0.0,-0.004580520732883286,0.0,0.0015808491418247694,1.0,0.01877016077823801,0.0,-0.02730158730158727,0.0,-0.028236316246741944,-1.0,-0.0025083612040134318,0.0,0.010165184243964509,0.0,0.0,0.0,-0.0003273322422258085,0.0,0.007299270072992803,1.0,0.0009128251939753973,0.0,0.0,1.0,-0.0007634201221472144,0.0,0.0,1.0,0.003128360129706335,1.0,-0.004550264550264545,0.0,-0.0,-1.0,0.0004180602006689053,0.0,0.0,0.0,0.0,-1.0,5.455537370430141e-05,0.0,0.0,1.0,0.00015213753232923288,-0.001560571436002985,1.0241083058165312,6.0,,,,,,,,,,,,
2025-09-02,策略2_仅板块互斥_6板块槽位,0.0,0.0,3.0,0.0,0.0,PTA:S; 沪金:L; 玉米:L,0.0,-0.0015041363750313286,0.0,0.0036328408815693436,0.0,0.006764374295377573,1.0,0.004961356270256623,0.0,0.007180156657963455,0.0,-0.00536432722396063,-1.0,-0.0033528918692372622,0.0,-0.005450733752620507,0.0,0.0006305170239595537,0.0,-0.0013097576948264411,0.0,0.004049445865302648,1.0,0.0031919744642043835,0.0,-0.0,0.0,0.0,0.0,0.0,1.0,0.0008268927117094371,0.0,0.0,0.0,-0.0,-1.0,0.0005588153115395437,0.0,-0.0,0.0,0.0,0.0,-0.0,0.0,0.0,1.0,0.0005319957440340639,0.0019177037672830446,1.0260722421727015,3.0,,,,,,,,,,,,
2025-09-03,策略2_仅板块互斥_6板块槽位,2.0,0.0,5.0,0.0,0.0,PTA:S; 沪金:L; 沪铝:S; 玉米:L; 豆粕:L,0.0,0.005649008285212087,-1.0,-0.0004826254826254539,0.0,-0.0017917133258679163,1.0,0.012999578257957278,0.0,0.0071289695398573105,0.0,-0.00584269662921344,-1.0,-0.005046257359125339,0.0,0.004215851602023646,0.0,0.000945179584120881,1.0,0.0052459016393442415,0.0,-0.00573126724686901,1.0,-0.0031818181818181746,0.0,0.0,0.0,-0.0,0.0,-0.0,1.0,0.002166596376326213,0.0,0.0,0.0,-0.0,-1.0,0.0008410428931875565,0.0,0.0,0.0,0.0,0.0,0.0,0.0,-0.0,1.0,-0.0005303030303030291,0.0024773362392107407,1.0286141681222842,3.0,,,,,,,,,,,,
2025-09-04,策略2_仅板块互斥_6板块槽位,0.0,0.0,5.0,1.0,0.0,PTA:S; 沪金:L; 沪铝:S; 玉米:L; 豆粕:L,0.0,-0.004244164274123108,-1.0,-0.005070014485755725,0.0,-0.007404083464213618,1.0,-0.00213062963779298,0.0,0.01866151866151866,0.0,-0.010397830018083143,-1.0,-0.01606086221470837,0.0,-0.0016792611251049694,0.0,0.0047214353163360645,1.0,-0.005870841487279899,0.0,0.0023484201537147253,1.0,0.007751937984496138,0.0,-0.0,-1.0,0.0008450024142926208,0.0,-0.0,1.0,-0.00035510493963216333,0.0,0.0,0.0,-0.0,-1.0,0.002676810369118062,0.0,-0.0,0.0,0.0,1.0,-0.0009784735812133165,0.0,0.0,1.0,0.0012919896640826896,0.0034802239266478923,1.0321939757614724,5.0,,,,,,,,,,,,
2025-09-05,策略2_仅板块互斥_6板块槽位,0.0,0.0,5.0,1.0,0.0,PTA:S; 沪金:L; 沪铝:S; 玉米:L; 豆粕:L,0.0,0.004638335213739575,-1.0,0.004367871875758267,0.0,0.0015822784810126667,1.0,0.0031904972267216003,0.0,-0.0025268477574226234,0.0,0.05847418912745539,-1.0,0.0034364261168384758,0.0,0.015559293523969675,0.0,0.022869674185463706,1.0,0.006233595800524849,0.0,0.014483493077742216,1.0,0.0063348416289592535,0.0,0.0,-1.0,-0.0007279786459597112,0.0,0.0,1.0,0.0005317495377869333,0.0,-0.0,0.0,0.0,-1.0,-0.000572737686139746,0.0,0.0,0.0,0.0,1.0,0.0010389326334208082,0.0,0.0,1.0,0.0010558069381598756,0.00132577277726816,1.0335624304353972,5.0,,,,,,,,,,,,
2025-09-08,策略2_仅板块互斥_6板块槽位,0.0,1.0,4.0,2.0,0.0,PTA:S; 沪铝:S; 玉米:L; 豆粕:L,0.0,-0.006114299975043647,-1.0,0.0012080212611742525,0.0,0.005190701873166281,0.0,0.009369801350425533,0.0,0.0031665611146294292,0.0,-0.01294777729823049,-1.0,0.0038527397260272878,0.0,-0.0028985507246376274,0.0,-0.003981623277182211,1.0,0.0045647212259536385,0.0,-0.006298551333193347,1.0,0.003147482014388414,0.0,-0.0,-1.0,-0.00020133687686237542,0.0,0.0,1.0,0.0015616335584042555,0.0,0.0,0.0,-0.0,-1.0,-0.0006421232876712146,0.0,-0.0,0.0,-0.0,1.0,0.000760786870992273,0.0,-0.0,1.0,0.0005245803357314024,0.002003540600594341,1.0356332147280234,5.0,,,,,,,,,,,,
2025-09-09,策略2_仅板块互斥_6板块槽位,1.0,3.0,2.0,1.0,0.0,焦煤:L; 豆粕:L,0.0,0.0,0.0,0.0014478764478764727,0.0,-0.006511001347103695,0.0,0.0144453331394363,0.0,0.016414141414141437,1.0,-0.01749016178399654,0.0,-0.0025586353944563323,0.0,-0.004152823920265836,0.0,-0.019680196801967975,1.0,-0.0019474196689386325,0.0,0.0021128248468202937,0.0,-0.007619901389511408,0.0,0.0,-1.0,-0.00024131274131274547,0.0,-0.0,0.0,0.0,0.0,0.0,0.0,-0.0,-1.0,0.0004264392324093887,0.0,-0.0,0.0,-0.0,1.0,-0.0003245699448231054,0.0,0.0,1.0,-0.001269983564918568,-0.0014094270186450302,1.0341735652937796,4.0,,,,,,,,,,,,
2025-09-10,策略2_仅板块互斥_6板块槽位,3.0,0.0,5.0,0.0,0.0,PTA:L; 沪铜:S; 焦煤:L; 玉米:S; 豆粕:L,-1.0,0.0017576898932831764,0.0,0.001927710843373509,0.0,0.004067796610169427,0.0,-0.0012423844224107583,0.0,0.0,1.0,-0.00578549176680021,1.0,0.004275331338178701,0.0,0.0037531276063387242,0.0,0.0025094102885820924,1.0,-0.0029268292682926855,0.0,-0.025511279780729534,-1.0,-0.007678410117434531,0.0,0.0,0.0,0.0,0.0,0.0,0.0,-0.0,0.0,0.0,1.0,-0.0009642486278000351,0.0,0.0,0.0,0.0,0.0,0.0,1.0,-0.0004878048780487809,0.0,-0.0,0.0,-0.0,-0.001452053505848816,1.0326718899426386,2.0,,,,,,,,,,,,
2025-09-11,策略2_仅板块互斥_6板块槽位,1.0,0.0,6.0,1.0,0.0,PTA:L; 沪金:S; 沪铜:S; 焦煤:L; 玉米:S; 豆粕:L,-1.0,0.004261185612232099,0.0,0.006012506012506025,0.0,0.0015755120414133739,-1.0,-0.003851398225007685,0.0,-0.011801242236024856,1.0,0.021933751119068923,1.0,-0.002128565346956157,0.0,-0.0083090984628168,0.0,-0.0046933667083854935,1.0,0.0071754729288975305,0.0,0.009303331890956335,-1.0,0.002275830678197588,-1.0,-0.0007101976020386832,0.0,0.0,0.0,0.0,0.0,-0.0,0.0,-0.0,1.0,0.0036556251865114873,1.0,-0.00035476089115935955,0.0,-0.0,0.0,-0.0,1.0,0.001195912154816255,0.0,0.0,-1.0,-0.0003793051130329313,0.0034072737350967683,1.0361904857502129,5.0,,,,,,,,,,,,
2025-09-12,策略2_仅板块互斥_6板块槽位,0.0,1.0,5.0,0.0,2.0,PTA:L; 沪金:S; 焦煤:L; 玉米:S; 豆粕:L,0.0,0.011606140022463407,0.0,0.009801577814965379,0.0,0.0024719101123595877,-1.0,0.004634743768310967,0.0,0.005028284098051561,1.0,0.0026281208935610145,1.0,-0.008532423208191142,0.0,-0.0033514872224549297,0.0,-0.005344231373781816,1.0,-0.0029145077720207357,0.0,-0.0036441586280814287,-1.0,-0.002270663033605791,-1.0,-0.001934356670410568,0.0,0.0,0.0,0.0,-1.0,-0.0007724572947184946,0.0,0.0,1.0,0.00043802014892683577,1.0,-0.0014220705346985236,0.0,-0.0,0.0,-0.0,1.0,-0.0004857512953367893,0.0,-0.0,-1.0,0.0003784438389342985,-0.0037981718073032415,1.0322548562602405,6.0,,,,,,,,,,,,
2025-09-15,策略2_仅板块互斥_6板块槽位,1.0,1.0,5.0,0.0,0.0,PTA:L; 沪金:S; 沪锌:L; 焦煤:L; 玉米:S,0.0,-0.001480384900074072,0.0,-0.004498106060606077,1.0,0.0002241649854293204,-1.0,-0.0031074459184893266,0.0,-0.004377736085053208,1.0,0.03757099169943201,1.0,0.005163511187607606,0.0,0.007145859604875904,0.0,0.01106194690265494,0.0,-0.012016888600194897,0.0,0.013554216867469826,-1.0,-0.013654984069185305,0.0,-0.0,0.0,-0.0,0.0,0.0,-1.0,0.0005179076530815544,0.0,-0.0,1.0,0.006261831949905335,1.0,0.000860585197934601,0.0,0.0,0.0,0.0,1.0,-0.0020028147666991494,0.0,0.0,-1.0,0.002275830678197551,0.007913340712419892,1.0404234406398778,5.0,,,,,,,,,,,,
2025-09-16,策略2_仅板块互斥_6板块槽位,0.0,0.0,5.0,1.0,0.0,PTA:L; 沪金:S; 沪锌:L; 焦煤:L; 玉米:S,0.0,-0.000741289844329085,0.0,-0.0019024970273483488,1.0,-0.002465262214253694,-1.0,0.012564440714542657,0.0,0.009422110552763874,1.0,0.044631578947368356,1.0,0.003424657534246478,0.0,-0.008764607679465741,0.0,0.0028133791809941133,0.0,-0.00032873109796183186,0.0,0.006368074718743344,-1.0,-0.00046146746654363024,0.0,-0.0,0.0,-0.0,1.0,-0.000410877035708949,-1.0,-0.002094073452423776,0.0,0.0,1.0,0.0074385964912280595,1.0,0.0005707762557077464,0.0,-0.0,0.0,0.0,0.0,-0.0,0.0,0.0,-1.0,7.691124442393837e-05,0.005581333503227019,1.046230390846664,5.0,,,,,,,,,,,,
2025-09-17,策略2_仅板块互斥_6板块槽位,1.0,0.0,6.0,0.0,0.0,PTA:L; 沪金:S; 沪锌:L; 焦煤:L; 玉米:S; 豆粕:S,0.0,-0.003956478733926794,0.0,-0.0021443888491780028,1.0,0.001348011682767991,-1.0,-0.00821710199152248,0.0,0.001244555071561848,1.0,-0.006045949214026569,1.0,0.005119453924914641,0.0,0.0004210526315788776,0.0,-0.009975062344139696,-1.0,-0.012824728707661937,0.0,-0.0061168529846024056,-1.0,-0.0023084025854108736,0.0,-0.0,0.0,-0.0,1.0,0.00022466861379466518,-1.0,0.0013695169985870799,0.0,0.0,1.0,-0.0010076582023377616,1.0,0.0008532423208191068,0.0,0.0,0.0,-0.0,0.0,-0.0,0.0,-0.0,-1.0,0.0003847337642351456,0.0018245034950982357,1.0481392418514417,5.0,,,,,,,,,,,,
2025-09-18,策略2_仅板块互斥_6板块槽位,0.0,1.0,5.0,0.0,1.0,PTA:L; 沪金:S; 焦煤:L; 玉米:S; 豆粕:S,0.0,-0.012164846077457825,0.0,-0.007402101241642756,0.0,-0.01076957594794703,-1.0,-0.012917243684637758,0.0,-0.005593536357986317,1.0,-0.023925385239253805,1.0,-0.009762308998302216,0.0,-0.012626262626262652,0.0,-0.01952141057934509,-1.0,-0.0029980013324449883,0.0,-0.012733446519524572,-1.0,0.007403979639055924,0.0,-0.0,0.0,-0.0,1.0,-0.0017949293246578384,-1.0,0.0021528739474396263,0.0,-0.0,1.0,-0.0039875642065423005,1.0,-0.001627051499717036,0.0,-0.0,0.0,-0.0,-1.0,0.0004996668887408314,0.0,-0.0,-1.0,-0.0012339966065093206,-0.005991000801246038,1.0418598388136924,6.0,,,,,,,,,,,,
2025-09-19,策略2_仅板块互斥_6板块槽位,1.0,0.0,6.0,1.0,0.0,PTA:L; 沪金:S; 沪铝:S; 焦煤:L; 玉米:S; 豆粕:S,0.0,0.0033928122643880343,-1.0,0.0004811161895597049,0.0,-0.0002268088001814439,-1.0,0.004523354539077262,0.0,0.009374999999999911,1.0,0.023680930619027762,1.0,-0.013287612516073688,0.0,0.006393861892583175,0.0,-0.0022479126525368764,-1.0,0.007016371533578258,0.0,0.0012897678417884695,-1.0,-0.00413412953605885,0.0,0.0,0.0,0.0,0.0,-0.0,-1.0,-0.0007538924231795437,0.0,0.0,1.0,0.00394682176983796,1.0,-0.0022146020860122815,0.0,0.0,0.0,-0.0,-1.0,-0.0011693952555963765,0.0,0.0,-1.0,0.0006890215893431417,0.0004979535943929003,1.0423786366652834,5.0,,,,,,,,,,,,
2025-09-22,策略2_仅板块互斥_6板块槽位,0.0,3.0,3.0,0.0,0.0,沪金:S; 沪铝:S; 豆粕:S,0.0,0.003882279273638156,-1.0,-0.0024044241404184152,0.0,0.002268602540834941,-1.0,0.01919187054517435,0.0,0.0012383900928791824,0.0,-0.011769480519480569,0.0,-0.003909643788010397,0.0,-0.005506141465480674,0.0,0.005149662053427706,-1.0,0.006635700066357053,0.0,0.00472305710605414,0.0,-0.009686346863468587,0.0,0.0,-1.0,0.00040073735673640254,0.0,0.0,-1.0,-0.003198645090862392,0.0,0.0,1.0,-0.0019615800865800948,1.0,-0.0006516072980017329,0.0,-0.0,0.0,0.0,-1.0,-0.0011059500110595089,0.0,0.0,-1.0,0.0016143911439114311,-0.004902653985855895,1.0372682148874652,6.0,,,,,,,,,,,,
2025-09-23,策略2_仅板块互斥_6板块槽位,1.0,2.0,2.0,0.0,0.0,沪铝:S; 焦煤:S,0.0,-0.0029940119760478723,-1.0,-0.002892263195950817,0.0,-0.01109099139882297,0.0,0.010561134081512158,0.0,-0.007421150278293154,-1.0,0.0,0.0,-0.0065416484954208265,0.0,-0.002129471890971013,0.0,-0.0057636887608069065,0.0,-0.03493737640079109,0.0,-0.03269230769230769,0.0,0.005123428039124356,0.0,-0.0,-1.0,0.0004820438659918029,0.0,-0.0,-1.0,-0.0017601890135853597,0.0,-0.0,0.0,0.0,0.0,-0.0,0.0,-0.0,0.0,-0.0,-1.0,0.005822896066798515,0.0,-0.0,0.0,0.0,0.004544750919204958,1.041982340560537,3.0,,,,,,,,,,,,
2025-09-24,策略2_仅板块互斥_6板块槽位,1.0,0.0,3.0,0.0,0.0,沪铝:S; 焦煤:S; 玉米:L,0.0,0.0005005005005005447,-1.0,0.0009668842156151936,0.0,0.0006866559853513365,0.0,0.0053305901056766025,0.0,0.0012461059190032042,-1.0,0.005749486652977476,0.0,0.015364354697102733,0.0,0.0034144259496371454,0.0,0.006119162640901843,0.0,0.000683060109289535,0.0,0.007952286282306265,1.0,0.002780352177942591,0.0,0.0,-1.0,-0.00016114736926919893,0.0,0.0,0.0,0.0,0.0,0.0,-1.0,-0.000958247775496246,0.0,0.0,0.0,0.0,0.0,0.0,0.0,0.0,0.0,0.0,0.0,0.0,-0.0011193951447654449,1.0408159505875823,2.0,,,,,,,,,,,,
2025-09-25,策略2_仅板块互斥_6板块槽位,0.0,0.0,3.0,0.0,0.0,沪铝:S; 焦煤:S; 玉米:L,0.0,0.03439219609804911,-1.0,0.0028978507606858273,0.0,0.008462946020127982,0.0,-0.006139534883720876,0.0,0.002489110143123918,-1.0,0.008166598611678344,0.0,0.01124081279723299,0.0,0.002126754572522316,0.0,-0.003201024327784907,0.0,0.0126279863481229,0.0,0.01051939513477973,1.0,0.00046210720887240875,0.0,0.0,-1.0,-0.0004829751267809712,0.0,0.0,0.0,-0.0,0.0,0.0,-1.0,-0.0013610997686130573,0.0,0.0,0.0,0.0,0.0,-0.0,0.0,0.0,0.0,0.0,1.0,7.701786814540146e-05,-0.001767057027248627,1.0389767694480239,3.0,,,,,,,,,,,,
2025-09-26,策略2_仅板块互斥_6板块槽位,1.0,1.0,3.0,0.0,0.0,焦煤:S; 玉米:L; 豆粕:L,0.0,-0.0029017047515415006,0.0,-0.0009631591620514746,0.0,-0.0029485144023587706,0.0,0.001567764882066447,0.0,-0.019242706393544418,-1.0,-0.030781692993114618,0.0,-0.0068405301410859876,0.0,-0.0004244482173174635,0.0,-0.006422607578676964,1.0,-0.010111223458038388,0.0,0.0015181088700932932,1.0,0.006004618937644368,0.0,-0.0,-1.0,0.00016052652700857908,0.0,-0.0,0.0,0.0,0.0,-0.0,-1.0,0.005130282165519103,0.0,-0.0,0.0,-0.0,0.0,-0.0,0.0,-0.0,0.0,0.0,1.0,0.001000769822940728,0.00629157851546841,1.045513573368754,3.0,,,,,,,,,,,,
2025-09-29,策略2_仅板块互斥_6板块槽位,1.0,1.0,3.0,1.0,0.0,焦煤:S; 玉米:L; 甲醇:L,0.0,-0.0012125621438098255,0.0,-0.000723065798987732,0.0,-0.008189262966333044,0.0,0.012218769712403432,0.0,-0.0075949367088608,-1.0,-0.035520267446719545,0.0,0.001291433491175109,1.0,0.001698513800424628,0.0,-0.006140917905623766,0.0,-0.0013619339462036528,0.0,-0.0002165439584235207,1.0,-0.008723599632690537,0.0,-0.0,0.0,-0.0,0.0,-0.0,0.0,0.0,0.0,-0.0,-1.0,0.005920044574453258,0.0,0.0,0.0,0.0,0.0,-0.0,1.0,-0.00022698899103394213,0.0,-0.0,1.0,-0.0014539332721150895,0.004239122311304226,1.0499456332843928,3.0,,,,,,,,,,,,
2025-09-30,策略2_仅板块互斥_6板块槽位,0.0,0.0,3.0,1.0,0.0,焦煤:S; 玉米:L; 甲醇:L,0.0,0.008983853344664228,0.0,-0.002411963338157297,0.0,0.0011467889908256534,0.0,0.009093846650971793,0.0,-0.004464285714285698,-1.0,-0.024263431542461023,0.0,-0.012467755803955316,1.0,-0.013141161509114041,0.0,-0.022439024390243922,0.0,-0.0017047391749062113,0.0,-0.0006497725795971965,1.0,-0.007410838351088467,0.0,0.0,0.0,-0.0,0.0,0.0,0.0,0.0,0.0,-0.0,-1.0,0.004043905257076837,0.0,-0.0,1.0,-0.00219019358485234,0.0,-0.0,0.0,-0.0,0.0,-0.0,1.0,-0.0012351397251814111,0.0006185719470430855,1.050595100199063,3.0,,,,,,,,,,,,
2025-10-09,策略2_仅板块互斥_6板块槽位,0.0,0.0,3.0,0.0,0.0,焦煤:S; 玉米:L; 甲醇:L,0.0,0.04379737697028041,0.0,0.019825918762089056,0.0,0.02245131729667804,0.0,0.045654162854528835,0.0,0.012812299807815508,-1.0,0.03374777975133214,0.0,-0.002176752285589889,1.0,-0.01632302405498287,0.0,0.025615435795076413,0.0,0.0037568306010928865,0.0,0.03706111833550074,1.0,-0.002333177788147456,0.0,0.0,0.0,0.0,0.0,0.0,0.0,0.0,0.0,0.0,-1.0,-0.0056246299585553565,0.0,-0.0,1.0,-0.002720504009163812,0.0,0.0,0.0,0.0,0.0,0.0,1.0,-0.00038886296469124265,-0.00873399693241041,1.041419205816719,3.0,,,,,,,,,,,,
2025-10-10,策略2_仅板块互斥_6板块槽位,0.0,0.0,3.0,0.0,0.0,焦煤:S; 玉米:L; 甲醇:L,0.0,-0.009682997118155567,0.0,-0.005215742057847361,0.0,-0.0020165807752632325,0.0,-0.013955726660250356,0.0,0.005692599620493288,-1.0,-0.002577319587628857,0.0,-0.010907504363001697,1.0,0.007423580786026118,0.0,-0.006487187804086969,0.0,-0.005784280367471917,0.0,-0.01379310344827589,1.0,-0.006080449017773604,0.0,-0.0,0.0,-0.0,0.0,-0.0,0.0,-0.0,0.0,0.0,-1.0,0.00042955326460480947,0.0,-0.0,1.0,0.0012372634643376863,0.0,-0.0,0.0,-0.0,0.0,-0.0,1.0,-0.0010134081696289339,0.0006534085593135619,1.0420996780396332,3.0,,,,,,,,,,,,
2025-10-13,策略2_仅板块互斥_6板块槽位,0.0,1.0,2.0,0.0,0.0,焦煤:S; 甲醇:L,0.0,-0.009195669887091196,0.0,-0.004528122020972303,0.0,-0.0006735518634934934,0.0,0.028838901459692146,0.0,0.011949685534591303,-1.0,-0.012919896640826822,0.0,-0.005293339214821335,1.0,0.015171218032076217,0.0,-0.02448579823702257,0.0,0.003422313483915085,0.0,-0.007840644204280545,0.0,-0.015529411764705903,0.0,-0.0,0.0,-0.0,0.0,-0.0,0.0,0.0,0.0,0.0,-1.0,0.0021533161068044704,0.0,-0.0,1.0,0.0025285363386793693,0.0,-0.0,0.0,0.0,0.0,-0.0,1.0,-0.0025882352941176503,0.002093617151366189,1.0442814357990102,3.0,,,,,,,,,,,,
2025-10-14,策略2_仅板块互斥_6板块槽位,0.0,0.0,2.0,0.0,0.0,焦煤:S; 甲醇:L,0.0,-0.008341165413533802,0.0,-0.00047881254488868485,0.0,-0.0015726802965625453,0.0,0.012311872008279767,0.0,-0.027967681789931587,-1.0,0.00654450261780104,0.0,-0.01552106430155209,1.0,-0.029035012809564442,0.0,-0.006358768406961146,0.0,-0.01023192360163716,0.0,-0.0036309269542930123,0.0,0.009082217973231277,0.0,-0.0,0.0,-0.0,0.0,-0.0,0.0,0.0,0.0,-0.0,-1.0,-0.0010907504363001734,0.0,-0.0,1.0,-0.004839168801594074,0.0,-0.0,0.0,-0.0,0.0,-0.0,0.0,0.0,-0.005929919237894247,1.0380889312230899,2.0,,,,,,,,,,,,
2025-10-15,策略2_仅板块互斥_6板块槽位,0.0,1.0,1.0,0.0,0.0,甲醇:L,0.0,0.017059590095960253,0.0,0.0028742514970059307,0.0,-0.009225922592259184,0.0,0.022748088351189688,0.0,-0.00703324808184147,0.0,-0.0021673168617252214,0.0,-0.004054054054054013,1.0,0.01055408970976246,0.0,0.003368137420006745,0.0,0.005168849069607129,0.0,-0.0008574490889603492,0.0,0.007579346281383126,0.0,0.0,0.0,0.0,0.0,-0.0,0.0,0.0,0.0,-0.0,-1.0,0.0003612194769542036,0.0,-0.0,1.0,0.0017590149516270766,0.0,0.0,0.0,0.0,0.0,-0.0,0.0,0.0,0.00212023442858128,1.0402899231149982,2.0,,,,,,,,,,,,
2025-10-16,策略2_仅板块互斥_6板块槽位,0.0,0.0,1.0,0.0,0.0,甲醇:L,0.0,-0.009085614443797296,0.0,0.002866013852400373,0.0,-0.0034067681126505045,0.0,0.006331091071911876,0.0,-0.003863490019317406,0.0,0.029973935708079935,0.0,0.0076888285843510484,1.0,0.009138381201044377,0.0,0.00033568311513931803,0.0,-0.0034281796366129047,0.0,-0.0010727311735678757,0.0,0.004231311706629048,0.0,-0.0,0.0,0.0,0.0,-0.0,0.0,0.0,0.0,-0.0,0.0,0.0,0.0,0.0,1.0,0.001523063533507396,0.0,0.0,0.0,-0.0,0.0,-0.0,0.0,0.0,0.001523063533507396,1.04187435076117,1.0,,,,,,,,,,,,
2025-10-17,策略2_仅板块互斥_6板块槽位,3.0,0.0,4.0,0.0,0.0,棕榈油:S; 焦煤:L; 玉米:L; 甲醇:L,0.0,-0.007993417185846896,0.0,-0.004048582995951455,0.0,-0.005013673655423934,0.0,0.0345398480991701,0.0,-0.003232062055591456,1.0,-0.005482918599746922,0.0,-0.012118491921005337,1.0,-0.0202673566192324,0.0,-0.013758389261744997,0.0,-0.013415892672858587,-1.0,-0.00042955326460480947,1.0,-0.008895131086142372,0.0,-0.0,0.0,-0.0,0.0,-0.0,0.0,0.0,0.0,-0.0,0.0,-0.0,0.0,-0.0,1.0,-0.003377892769872067,0.0,-0.0,0.0,-0.0,0.0,-0.0,0.0,-0.0,-0.003377892769872067,1.0383550109246187,1.0,,,,,,,,,,,,
2025-10-20,策略2_仅板块互斥_6板块槽位,1.0,0.0,5.0,1.0,0.0,棕榈油:S; 沪锌:S; 焦煤:L; 玉米:L; 甲醇:L,0.0,0.011731247778172804,0.0,0.0,-1.0,0.000916170407695871,0.0,-0.029485897179435838,0.0,-0.005188067444876765,1.0,0.031382527565733565,0.0,-0.004089050431621999,1.0,-0.002640845070422504,0.0,0.007825791085403155,0.0,0.009414225941422494,-1.0,0.0010743446497636366,1.0,0.009919697685403905,0.0,0.0,0.0,0.0,0.0,0.0,0.0,-0.0,0.0,-0.0,1.0,0.005230421260955594,0.0,-0.0,1.0,-0.00044014084507041734,0.0,0.0,0.0,0.0,-1.0,-0.00017905744162727277,1.0,0.0016532829475673176,0.006264505921825221,1.0448597920395128,4.0,,,,,,,,,,,,
2025-10-21,策略2_仅板块互斥_6板块槽位,0.0,1.0,4.0,2.0,0.0,棕榈油:S; 沪锌:S; 焦煤:L; 玉米:L,0.0,0.00023424689622864037,0.0,0.0026303204208513176,-1.0,0.005491990846681949,0.0,0.024466155495094233,0.0,0.0032594524119948787,1.0,-0.032072368421052655,0.0,0.006843065693430628,0.0,0.0008826125330980705,0.0,0.022957461174881733,0.0,-0.002072538860103612,-1.0,-0.0025756600128783447,1.0,0.00280636108512633,0.0,0.0,0.0,0.0,-1.0,-0.0009153318077803249,0.0,0.0,0.0,0.0,1.0,-0.005345394736842109,0.0,0.0,1.0,0.00014710208884967843,0.0,0.0,0.0,-0.0,-1.0,0.00042927666881305743,1.0,0.000467726847521055,-0.005216620939438643,1.039409154569582,5.0,,,,,,,,,,,,
2025-10-22,策略2_仅板块互斥_6板块槽位,1.0,1.0,4.0,1.0,0.0,棕榈油:S; 橡胶:L; 焦煤:L; 玉米:L,0.0,0.00023419203747065964,0.0,0.003815883615549742,0.0,0.001365498406918464,0.0,-0.04174798301913363,0.0,0.005847953216374213,1.0,0.027612574341546292,0.0,0.015405527865881341,0.0,-0.0030864197530864335,1.0,0.0,0.0,-0.0013845621322257085,-1.0,-0.01398751882935223,1.0,-0.005130597014925353,0.0,0.0,0.0,0.0,-1.0,-0.000227583067819744,0.0,-0.0,0.0,0.0,1.0,0.004602095723591049,0.0,0.0,0.0,-0.0,0.0,0.0,0.0,-0.0,-1.0,0.002331253138225372,1.0,-0.0008550995024875588,0.005850666291509117,1.0454903906733084,4.0,,,,,,,,,,,,
2025-10-23,策略2_仅板块互斥_6板块槽位,0.0,0.0,4.0,0.0,0.0,棕榈油:S; 橡胶:L; 焦煤:L; 玉米:L,0.0,0.007609459143057773,0.0,0.005702066999287325,0.0,0.01568181818181813,0.0,-0.01079197110943142,0.0,0.003875968992248069,1.0,0.04051260851591576,0.0,0.0058009817045960865,0.0,0.013710747456877392,1.0,0.006270627062706202,0.0,0.018370883882149025,-1.0,-0.0034919249236141647,1.0,0.003281762775433572,0.0,0.0,0.0,0.0,0.0,0.0,0.0,-0.0,0.0,0.0,1.0,0.006752101419319294,0.0,0.0,0.0,0.0,1.0,0.0010451045104510337,0.0,0.0,-1.0,0.0005819874872690275,1.0,0.000546960462572262,0.008926153879611617,1.0548225987801136,4.0,,,,,,,,,,,,
2025-10-24,策略2_仅板块互斥_6板块槽位,1.0,1.0,4.0,2.0,0.0,棕榈油:S; 橡胶:L; 沪锌:L; 焦煤:L,0.0,0.019170442662948872,0.0,0.0028348688873138794,1.0,0.00044752741105402727,0.0,-0.004436048732860631,0.0,-0.007722007722007707,1.0,-0.007945967421533529,0.0,0.002218278615794045,0.0,-0.008726003490401424,1.0,0.005903574942604184,0.0,-0.0017018379850238796,-1.0,-0.0010950503723171634,0.0,-0.003271028037383217,0.0,0.0,0.0,0.0,0.0,0.0,0.0,-0.0,0.0,-0.0,1.0,-0.0013243279035889215,0.0,0.0,0.0,-0.0,1.0,0.0009839291571006974,0.0,-0.0,-1.0,0.0001825083953861939,1.0,-0.0005451713395638694,-0.0007030616906658996,1.0540809934204627,4.0,,,,,,,,,,,,
2025-10-27,策略2_仅板块互斥_6板块槽位,0.0,1.0,3.0,1.0,0.0,棕榈油:S; 橡胶:L; 沪锌:L,0.0,0.007409940720474184,0.0,0.006360424028268641,1.0,0.0004473272198612932,0.0,-0.0042212983690438355,0.0,0.020103761348897464,0.0,0.012014417300760805,0.0,0.021691013722886288,0.0,-0.0017605633802817433,1.0,0.002934463645255958,0.0,-0.00034094783498128667,-1.0,-0.0024117518088138112,0.0,-0.009845288326300938,0.0,0.0,0.0,0.0,1.0,7.455453664354887e-05,0.0,-0.0,0.0,0.0,1.0,0.002002402883460134,0.0,0.0,0.0,-0.0,1.0,0.0004890772742093263,0.0,-0.0,-1.0,0.0004019586348023019,0.0,-0.0,0.002967993329115311,1.057209498777282,4.0,,,,,,,,,,,,
2025-10-28,策略2_仅板块互斥_6板块槽位,0.0,0.0,3.0,0.0,0.0,棕榈油:S; 橡胶:L; 沪锌:L,0.0,-0.015729319904945083,0.0,-0.010299625468164764,1.0,-0.0024591996422982376,0.0,-0.035069689768128964,0.0,0.0076287349014620975,0.0,-0.017016224772457456,0.0,-0.0004332755632582286,0.0,-0.011904761904761862,1.0,-0.0013003901170350884,0.0,0.014665757162346527,-1.0,-0.015604395604395638,0.0,0.005208333333333259,0.0,-0.0,0.0,-0.0,1.0,-0.0004098666070497063,0.0,-0.0,0.0,0.0,0.0,-0.0,0.0,-0.0,0.0,-0.0,1.0,-0.00021673168617251473,0.0,0.0,-1.0,0.002600732600732606,0.0,0.0,0.001974134307510385,1.059296572319044,3.0,,,,,,,,,,,,
2025-10-29,策略2_仅板块互斥_6板块槽位,0.0,0.0,3.0,0.0,0.0,棕榈油:S; 橡胶:L; 沪锌:L,0.0,0.01988962979995401,0.0,0.007332071901608339,1.0,0.005378753922008039,0.0,0.010539395149659514,0.0,0.015141955835962229,0.0,0.048309178743961345,0.0,0.004768097095795509,0.0,0.007139669790272141,1.0,0.01725260416666674,0.0,-0.002016806722689113,-1.0,-0.01294931904442953,0.0,-0.0032972209138012465,0.0,0.0,0.0,0.0,1.0,0.0008964589870013399,0.0,0.0,0.0,0.0,0.0,0.0,0.0,0.0,0.0,0.0,1.0,0.00287543402777779,0.0,-0.0,-1.0,0.002158219840738255,0.0,-0.0,0.005930112855517385,1.0655783205403586,3.0,,,,,,,,,,,,
2025-10-30,策略2_仅板块互斥_6板块槽位,0.0,1.0,2.0,0.0,0.0,棕榈油:S; 橡胶:L,0.0,-0.008454514710855565,0.0,-0.002347969006809114,0.0,-0.002897904592064182,0.0,0.0014052344985069354,0.0,-0.0024860161591050423,0.0,-0.010752688172043001,0.0,-0.014236410698878377,0.0,-0.021710234824988905,1.0,-0.014399999999999968,0.0,0.008420343550016751,-1.0,-0.001583352182764064,0.0,-0.0023629489603024245,0.0,-0.0,0.0,-0.0,1.0,-0.0004829840986773637,0.0,0.0,0.0,-0.0,0.0,-0.0,0.0,-0.0,0.0,-0.0,1.0,-0.0023999999999999946,0.0,0.0,-1.0,0.00026389203046067733,0.0,-0.0,-0.002619092068216681,1.0627874728129678,3.0,,,,,,,,,,,,
2025-10-31,策略2_仅板块互斥_6板块槽位,1.0,1.0,2.0,0.0,0.0,棕榈油:S; 沪铝:S,0.0,-0.010800363801728108,-1.0,0.0025888444339845496,0.0,-0.00044712720769057857,0.0,0.010699877214523701,0.0,-0.0031152647975077885,0.0,-0.0015527950310558758,0.0,0.0035010940919038003,0.0,-0.0126811594202898,0.0,-0.020454545454545503,0.0,0.009018036072144353,-1.0,-0.0072496601721794285,0.0,0.009000473709142476,0.0,-0.0,0.0,0.0,0.0,-0.0,0.0,0.0,0.0,-0.0,0.0,-0.0,0.0,0.0,0.0,-0.0,1.0,-0.003409090909090917,0.0,0.0,-1.0,0.001208276695363238,0.0,0.0,-0.0022008142137276794,1.0604484750366294,2.0,,,,,,,,,,,,
2025-11-03,策略2_仅板块互斥_6板块槽位,2.0,0.0,4.0,2.0,0.0,棕榈油:S; 橡胶:S; 沪金:L; 沪铝:S,0.0,0.003332950235605203,-1.0,0.014084507042253502,0.0,0.009393871617087823,1.0,0.0007158972578966694,0.0,-0.021874999999999978,0.0,-0.001166407465007735,0.0,0.002180549498473683,0.0,-0.016972477064220226,-1.0,0.0006629101756712164,0.0,0.0016550810989739428,-1.0,-0.011410314924691911,0.0,0.00516431924882621,0.0,0.0,-1.0,-0.002347417840375584,0.0,0.0,0.0,0.0,0.0,-0.0,0.0,-0.0,0.0,0.0,0.0,-0.0,0.0,0.0,0.0,0.0,-1.0,0.0019017191541153184,0.0,0.0,-0.0004456986862602654,1.0599758345444588,2.0,,,,,,,,,,,,
2025-11-04,策略2_仅板块互斥_6板块槽位,2.0,1.0,5.0,1.0,0.0,棕榈油:S; 橡胶:S; 沪金:L; 焦煤:S; 玉米:L,0.0,-0.017869415807560185,0.0,-0.006249999999999978,0.0,0.004653224019499191,1.0,-0.007587417893299198,0.0,-0.008945686900958427,-1.0,-0.02452316076294281,0.0,0.0017406440382941035,0.0,-0.013065795613625752,-1.0,-0.014574362371646221,0.0,-0.0036351619299405113,-1.0,-0.005540166204986097,1.0,-0.0028024287716020835,0.0,-0.0,-1.0,0.001041666666666663,0.0,0.0,1.0,-0.0012645696488831997,0.0,-0.0,0.0,-0.0,0.0,0.0,0.0,-0.0,-1.0,0.0024290603952743703,0.0,-0.0,-1.0,0.0009233610341643494,0.0,-0.0,0.0031295184472221833,1.0632930484722753,4.0,,,,,,,,,,,,
2025-11-05,策略2_仅板块互斥_6板块槽位,0.0,1.0,4.0,1.0,0.0,橡胶:S; 沪金:L; 焦煤:S; 玉米:L,0.0,-0.0008164217401446239,0.0,-0.0013976240391334604,0.0,-0.0008822232024702226,1.0,-0.0036261167784356063,0.0,0.0006447453255964408,-1.0,0.012370311252992927,0.0,-0.0008688097306689402,0.0,0.012293144208037843,-1.0,-0.001680672268907557,0.0,0.019237147595356552,0.0,-0.003017641597028775,1.0,-0.0004683840749414303,0.0,-0.0,0.0,-0.0,0.0,-0.0,1.0,-0.0006043527964059344,0.0,0.0,-1.0,-0.002061718542165488,0.0,-0.0,0.0,0.0,-1.0,0.0002801120448179262,0.0,0.0,-1.0,0.0005029402661714625,1.0,-7.806401249023838e-05,-0.0019610830400722725,1.0612078425082896,5.0,,,,,,,,,,,,
2025-11-06,策略2_仅板块互斥_6板块槽位,0.0,0.0,4.0,0.0,0.0,橡胶:S; 沪金:L; 焦煤:S; 玉米:L,0.0,0.007587253414264028,0.0,0.010730114299043692,0.0,0.001103752759381793,1.0,0.006072830114221883,0.0,0.0019329896907216426,-1.0,0.017343318880567615,0.0,0.019130434782608674,0.0,-0.007473143390938852,-1.0,0.013131313131313105,0.0,-0.0016270745200129832,0.0,0.016530849825378446,1.0,0.009372071227741419,0.0,0.0,0.0,0.0,0.0,0.0,1.0,0.0010121383523703138,0.0,0.0,-1.0,-0.002890553146761269,0.0,0.0,0.0,-0.0,-1.0,-0.002188552188552184,0.0,-0.0,0.0,0.0,1.0,0.0015620118712902364,-0.0025049551116529028,1.0585495644986722,4.0,,,,,,,,,,,,
2025-11-07,策略2_仅板块互斥_6板块槽位,1.0,1.0,4.0,0.0,0.0,棕榈油:L; 沪金:L; 焦煤:S; 玉米:L,0.0,-0.004402224281742306,0.0,-0.0018462958689129394,0.0,0.001984564498346275,1.0,0.003769884506428456,0.0,-0.021864951768488794,-1.0,-0.015885315769081698,0.0,-0.005119453924914641,0.0,-0.006117647058823561,0.0,-0.003323363243602495,0.0,-0.0032594524119947677,1.0,-0.008245533669262506,1.0,-0.00232126276694522,0.0,-0.0,0.0,-0.0,0.0,0.0,1.0,0.0006283140844047427,0.0,-0.0,-1.0,0.002647552628180283,0.0,-0.0,0.0,-0.0,-1.0,0.0005538938739337492,0.0,-0.0,0.0,-0.0,1.0,-0.00038687712782420336,0.003442883458694572,1.062194027284493,4.0,,,,,,,,,,,,
2025-11-10,策略2_仅板块互斥_6板块槽位,0.0,0.0,4.0,1.0,0.0,棕榈油:L; 沪金:L; 焦煤:S; 玉米:L,0.0,0.0062834535722597895,0.0,0.0046242774566473965,0.0,-0.0022007042253521236,1.0,0.01597811692681761,0.0,0.00591715976331364,-1.0,-0.0035433070866142113,0.0,0.00857632933104635,0.0,-0.00520833333333337,0.0,0.0076692230743580225,0.0,0.0016350555918900334,1.0,0.0034642032332563577,1.0,0.00697999069334565,0.0,0.0,0.0,0.0,0.0,-0.0,1.0,0.0026630194878029347,0.0,0.0,-1.0,0.0005905511811023686,0.0,0.0,0.0,-0.0,0.0,0.0,0.0,0.0,1.0,0.0005773672055427262,1.0,0.001163331782224275,0.004994269656672304,1.0674989106844583,4.0,,,,,,,,,,,,
2025-11-11,策略2_仅板块互斥_6板块槽位,1.0,0.0,5.0,1.0,0.0,棕榈油:L; 沪金:L; 沪锌:S; 焦煤:S; 玉米:L,0.0,0.0017345050878816437,0.0,-0.002761795166858483,-1.0,0.0002205558006176389,1.0,0.013782345776619076,0.0,-0.002614379084967311,-1.0,-0.041485578822599734,0.0,-0.011904761904761862,0.0,-0.009043312708234219,0.0,-0.0009927200529450397,0.0,-0.002938295788442735,1.0,0.009205983889528202,1.0,0.00600739371534198,0.0,0.0,0.0,-0.0,0.0,0.0,1.0,0.002297057629436513,0.0,-0.0,-1.0,0.006914263137099956,0.0,-0.0,0.0,-0.0,0.0,-0.0,0.0,-0.0,1.0,0.0015343306482547003,1.0,0.00100123228589033,0.011746883700681499,1.0800386962388728,4.0,,,,,,,,,,,,
2025-11-12,策略2_仅板块互斥_6板块槽位,1.0,0.0,6.0,0.0,0.0,棕榈油:L; 橡胶:L; 沪金:L; 沪锌:S; 焦煤:S; 玉米:L,0.0,0.0024241025049058784,0.0,0.009923840295407382,-1.0,0.00022050716648291946,1.0,-0.0032880870078407787,0.0,0.014416775884665833,-1.0,0.004946413849958864,0.0,0.004733218588640176,0.0,0.012487992315081575,1.0,0.008280887711162643,0.0,0.0016371971185331624,1.0,-0.0029646522234891837,1.0,0.0,0.0,0.0,0.0,0.0,-1.0,-3.675119441381991e-05,1.0,-0.0005480145013067964,0.0,0.0,-1.0,-0.0008244023083264773,0.0,0.0,0.0,0.0,0.0,0.0,0.0,0.0,1.0,-0.0004941087039148639,1.0,0.0,-0.0019032767079619575,1.0779830837446238,5.0,,,,,,,,,,,,
2025-11-13,策略2_仅板块互斥_6板块槽位,0.0,0.0,6.0,0.0,2.0,棕榈油:L; 橡胶:L; 沪金:L; 沪锌:S; 焦煤:S; 玉米:L,0.0,0.008175955780746147,0.0,0.007769652650822634,-1.0,0.002645502645502562,1.0,0.019095753679580607,0.0,-0.0019379844961240345,-1.0,-0.004101722723543921,0.0,0.0064239828693790635,0.0,-0.0023719165085388516,1.0,0.011169513797634645,0.0,0.003922850604772821,1.0,0.0009149130832570851,1.0,0.00413412953605885,0.0,0.0,0.0,0.0,-1.0,-0.00044091710758376035,1.0,0.0031826256132634345,0.0,-0.0,-1.0,0.0006836204539239868,0.0,0.0,0.0,-0.0,1.0,0.0018615856329391074,0.0,0.0,1.0,0.00015248551387618084,1.0,0.0006890215893431417,0.006128421695762091,1.0845894186627087,6.0,,,,,,,,,,,,
2025-11-14,策略2_仅板块互斥_6板块槽位,0.0,1.0,5.0,0.0,1.0,橡胶:L; 沪金:L; 沪锌:S; 焦煤:S; 玉米:L,0.0,-0.007424328954882875,0.0,-0.00952380952380949,-1.0,-0.01385224274406327,1.0,-0.007989043597352197,0.0,0.0,-1.0,-0.018121911037891292,0.0,0.0,0.0,-0.022824536376604865,1.0,-0.011371020142949995,0.0,0.006838163464669478,0.0,-0.012340036563071255,1.0,-0.00045745654162854255,0.0,-0.0,0.0,-0.0,-1.0,0.002308707124010545,1.0,-0.0013315072662253662,0.0,0.0,-1.0,0.003020318506315215,0.0,0.0,0.0,-0.0,1.0,-0.001895170023824999,0.0,0.0,1.0,-0.002056672760511876,1.0,-7.624275693809042e-05,-3.056717717457131e-05,1.0845562658257868,6.0,,,,,,,,,,,,
2025-11-17,策略2_仅板块互斥_6板块槽位,0.0,2.0,3.0,0.0,0.0,橡胶:L; 沪锌:S; 焦煤:S,0.0,-0.005178365937859586,0.0,-0.005265567765567747,-1.0,0.0017837235228539416,0.0,-0.024892272936451465,0.0,0.02071197411003234,-1.0,0.015100671140939603,0.0,-0.0017021276595744483,0.0,-0.012652068126520644,1.0,0.006572461386789463,0.0,-0.015847347994825345,0.0,0.004164738546968971,0.0,-0.0013729977116704317,0.0,-0.0,0.0,-0.0,-1.0,-0.0002972872538089903,1.0,-0.0041487121560752445,0.0,0.0,-1.0,-0.002516778523489934,0.0,-0.0,0.0,-0.0,1.0,0.0010954102311315772,0.0,-0.0,0.0,0.0,1.0,-0.00022883295194507194,-0.0060962006541876645,1.0779445932085563,5.0,,,,,,,,,,,,
2025-11-18,策略2_仅板块互斥_6板块槽位,2.0,1.0,4.0,1.0,0.0,沪金:S; 沪锌:S; 焦煤:S; 玉米:S,0.0,-0.009253903990746104,0.0,-0.011967779056386685,-1.0,-0.00689962163365232,-1.0,-0.011777072249871345,0.0,0.00443880786303108,-1.0,-0.04214876033057846,0.0,-0.004688832054560943,0.0,0.0004928536224741986,0.0,-0.0013059092393078453,0.0,-0.0006572461386789019,0.0,0.003225806451612856,-1.0,-0.006416131989000928,0.0,-0.0,0.0,-0.0,-1.0,0.0011499369389420533,0.0,-0.0,0.0,0.0,-1.0,0.007024793388429744,0.0,-0.0,0.0,0.0,1.0,-0.0002176515398846409,0.0,-0.0,0.0,0.0,0.0,-0.0,0.007957078787487156,1.0865218832652626,3.0,,,,,,,,,,,,
2025-11-19,策略2_仅板块互斥_6板块槽位,0.0,0.0,4.0,1.0,0.0,沪金:S; 沪锌:S; 焦煤:S; 玉米:S,0.0,0.005370694687682365,0.0,0.004891684136967056,-1.0,0.005602868668758365,-1.0,0.02031823214014361,0.0,-0.0006313131313131493,-1.0,-0.016824849007765263,0.0,0.008993576017130689,0.0,-0.008374384236453203,0.0,0.009480222294867557,0.0,-0.006247944755014778,0.0,0.01653651814423518,-1.0,0.0032287822878229733,0.0,0.0,0.0,0.0,-1.0,-0.0009338114447930609,-1.0,-0.0033863720233572683,0.0,-0.0,-1.0,0.0028041415012942106,0.0,0.0,0.0,-0.0,0.0,0.0,0.0,-0.0,0.0,0.0,-1.0,-0.0005381303813038288,-0.0020541723481599474,1.0842899800569883,4.0,,,,,,,,,,,,
2025-11-20,策略2_仅板块互斥_6板块槽位,0.0,0.0,4.0,1.0,0.0,沪金:S; 沪锌:S; 焦煤:S; 玉米:S,0.0,0.00023226106143314773,0.0,-0.0018544274455262189,-1.0,-0.002228660574994379,-1.0,-0.004893304682679678,0.0,-0.0037902716361338795,-1.0,-0.022817025010969716,0.0,-0.00339558573853993,0.0,0.0014903129657228842,0.0,-0.012305699481865329,0.0,-0.0016545334215750662,0.0,-0.023271577044735703,-1.0,-0.003218390804597737,0.0,0.0,0.0,-0.0,-1.0,0.0003714434291657298,-1.0,0.000815550780446613,0.0,-0.0,-1.0,0.003802837501828286,0.0,-0.0,0.0,0.0,0.0,-0.0,0.0,-0.0,0.0,-0.0,-1.0,0.0005363984674329562,0.005526230178873585,1.0902820160674296,4.0,,,,,,,,,,,,
2025-11-21,策略2_仅板块互斥_6板块槽位,0.0,1.0,3.0,0.0,0.0,沪金:S; 焦煤:S; 玉米:S,0.0,-0.005456867525833076,0.0,-0.008824895494658591,0.0,0.00022336385972754336,-1.0,-0.009107818613302565,0.0,-0.0038046924540265925,-1.0,-0.009429726088908796,0.0,-0.00638841567291315,0.0,-0.005952380952380931,0.0,-0.0006557377049180024,0.0,-0.0016572754391780409,0.0,-0.011103400416377474,-1.0,0.012453874538745469,0.0,-0.0,0.0,-0.0,-1.0,-3.722730995459056e-05,-1.0,0.0015179697688837608,0.0,-0.0,-1.0,0.0015716210148181327,0.0,-0.0,0.0,-0.0,0.0,-0.0,0.0,-0.0,0.0,-0.0,-1.0,-0.002075645756457578,0.0009767177172897248,1.091346913829365,4.0,,,,,,,,,,,,
2025-11-24,策略2_仅板块互斥_6板块槽位,1.0,1.0,3.0,0.0,0.0,沪金:S; 焦煤:S; 甲醇:L,0.0,0.004903105300023247,0.0,0.0018744142455482393,0.0,0.0,-1.0,0.003646406455649842,0.0,0.006365372374283806,-1.0,-0.005893019038984537,0.0,0.0030004286326617002,1.0,0.03642714570858274,0.0,0.005249343832020914,0.0,-0.00033200531208499307,0.0,-0.007485380116959095,0.0,0.011389521640091216,0.0,0.0,0.0,0.0,0.0,0.0,-1.0,-0.0006077344092749737,0.0,0.0,-1.0,0.0009821698398307561,0.0,0.0,0.0,0.0,0.0,0.0,0.0,-0.0,0.0,-0.0,-1.0,-0.0018982536066818694,-0.001523818176126087,1.0896838995656126,3.0,,,,,,,,,,,,
2025-11-25,策略2_仅板块互斥_6板块槽位,0.0,1.0,2.0,0.0,0.0,焦煤:S; 甲醇:L,0.0,0.006040892193308611,0.0,0.003975678203928856,0.0,-0.0013398838767306742,0.0,0.017391865164674503,0.0,0.0044275774826059155,-1.0,-0.009575923392612817,0.0,-0.00512820512820511,1.0,-0.004814636494944624,0.0,-0.012728459530026104,0.0,0.0006642311524409639,0.0,-0.014847984916332768,0.0,0.009909909909909809,0.0,0.0,0.0,0.0,0.0,-0.0,-1.0,-0.0028986441941124172,0.0,0.0,-1.0,0.0015959872321021362,0.0,-0.0,1.0,-0.000802439415824104,0.0,-0.0,0.0,0.0,0.0,-0.0,0.0,0.0,-0.002105096377834385,1.0873900099356526,3.0,,,,,,,,,,,,
2025-11-26,策略2_仅板块互斥_6板块槽位,0.0,1.0,1.0,0.0,0.0,甲醇:L,0.0,-0.00011547344110851565,0.0,-0.0004658746797111535,0.0,-0.00022361359570666206,0.0,0.0002324352879028435,0.0,0.0037783375314861534,0.0,-0.0013812154696132284,0.0,0.006013745704467333,1.0,0.013062409288824295,0.0,0.004628099173553668,0.0,0.0006637902422834685,0.0,0.009569377990430672,0.0,-0.003122212310437078,0.0,-0.0,0.0,-0.0,0.0,-0.0,0.0,0.0,0.0,0.0,-1.0,0.0002302025782688714,0.0,0.0,1.0,0.002177068214804049,0.0,0.0,0.0,0.0,0.0,0.0,0.0,-0.0,0.0024072707930729203,1.09000765214725,2.0,,,,,,,,,,,,
2025-11-27,策略2_仅板块互斥_6板块槽位,1.0,0.0,2.0,0.0,0.0,甲醇:L; 豆粕:L,0.0,0.004619471070562486,0.0,0.002097413190398578,0.0,0.0026839633191679813,0.0,0.00046476254858873745,0.0,0.0031367628607277265,0.0,-0.012448132780082943,0.0,-0.01110162254483349,1.0,0.009551098376313183,0.0,0.005593945376768605,1.0,0.013266998341625147,0.0,0.010426540284360186,0.0,0.0035794183445190253,0.0,0.0,0.0,0.0,0.0,0.0,0.0,0.0,0.0,0.0,0.0,-0.0,0.0,-0.0,1.0,0.0015918497293855305,0.0,0.0,0.0,0.0,0.0,0.0,0.0,0.0,0.0015918497293855305,1.0917427805333486,1.0,,,,,,,,,,,,
2025-11-28,策略2_仅板块互斥_6板块槽位,1.0,0.0,3.0,1.0,0.0,沪铝:L; 甲醇:L; 豆粕:L,0.0,0.005058052649729916,1.0,0.005116279069767415,0.0,0.00044612982377878474,0.0,0.007137125723214677,0.0,-0.0068792995622264375,0.0,-0.0037348272642390157,0.0,0.014680483592400595,1.0,0.009933774834437026,0.0,0.008507853403141308,1.0,-0.06873977086743044,0.0,0.011491557223264559,0.0,0.00044583147570209647,0.0,0.0,0.0,0.0,0.0,0.0,0.0,0.0,0.0,-0.0,0.0,-0.0,0.0,0.0,1.0,0.0016556291390728377,0.0,0.0,1.0,-0.011456628477905073,0.0,0.0,0.0,0.0,-0.009800999338832236,1.0810426102631663,2.0,,,,,,,,,,,,
2025-12-01,策略2_仅板块互斥_6板块槽位,0.0,0.0,3.0,1.0,0.0,沪铝:L; 甲醇:L; 豆粕:L,0.0,0.021159784970833817,1.0,0.011800092549745456,0.0,0.0073578595317724815,0.0,0.009812143575981258,0.0,0.00881612090680095,0.0,0.024367385192127555,0.0,0.013191489361702224,1.0,0.00046838407494154133,0.0,-0.009733939000648895,1.0,-0.0035149384885764245,0.0,0.0030141432877348606,0.0,-0.0035650623885917776,0.0,0.0,1.0,0.0019666820916242425,0.0,0.0,0.0,0.0,0.0,0.0,0.0,0.0,0.0,0.0,1.0,7.806401249025689e-05,0.0,-0.0,1.0,-0.0005858230814294041,0.0,0.0,0.0,-0.0,0.0014589230226850951,1.0826197682157828,3.0,,,,,,,,,,,,
2025-12-02,策略2_仅板块互斥_6板块槽位,1.0,0.0,4.0,1.0,0.0,沪铝:L; 玉米:S; 甲醇:L; 豆粕:L,0.0,-0.0040322580645161255,1.0,0.002058083695403612,0.0,0.006861443116423116,0.0,-0.005045262021426855,0.0,-0.0006242197253433224,0.0,0.003202195791399909,0.0,-0.002099958000839952,1.0,-0.0018726591760299671,0.0,0.007208387942332806,1.0,0.004585537918871285,0.0,0.007859454461396131,-1.0,0.0031305903398926027,0.0,-0.0,1.0,0.0003430139492339353,0.0,0.0,0.0,-0.0,0.0,-0.0,0.0,0.0,0.0,-0.0,1.0,-0.0003121098626716612,0.0,0.0,1.0,0.0007642563198118809,0.0,0.0,0.0,0.0,0.0007951604063741551,1.0834806245906259,3.0,,,,,,,,,,,,
2025-12-03,策略2_仅板块互斥_6板块槽位,0.0,1.0,3.0,1.0,0.0,沪铝:L; 玉米:S; 豆粕:L,0.0,0.003261358524516478,1.0,0.001369237790963096,0.0,0.00043965706748738675,0.0,-0.0017946203125976945,0.0,-0.0012492192379762734,0.0,-0.02371181030551761,0.0,-0.00462962962962965,0.0,-0.0018761726078799779,0.0,-0.011711125569290881,1.0,-0.000351123595505598,0.0,0.0011467889908256534,-1.0,0.007133303611234876,0.0,0.0,1.0,0.00022820629849384932,0.0,0.0,0.0,-0.0,0.0,-0.0,0.0,-0.0,0.0,-0.0,1.0,-0.000312695434646663,0.0,-0.0,1.0,-5.8520599250933e-05,0.0,0.0,-1.0,-0.0011888839352058127,-0.0013318936706095594,1.0820375436045055,4.0,,,,,,,,,,,,
2025-12-04,策略2_仅板块互斥_6板块槽位,2.0,1.0,4.0,0.0,0.0,沪金:S; 沪铝:L; 玉米:S; 甲醇:S,0.0,0.019840825019616704,1.0,0.005469462169553241,0.0,0.004834102395077977,-1.0,-0.0034284519703147165,0.0,-0.02814258911819889,0.0,0.019617001401214473,0.0,-0.0012684989429175841,-1.0,-0.007048872180451138,0.0,-0.009874917709019049,0.0,-0.004917456972251544,0.0,-0.007331042382588748,-1.0,0.012394864984506482,0.0,0.0,1.0,0.0009115770282588734,0.0,0.0,0.0,-0.0,0.0,-0.0,0.0,0.0,0.0,-0.0,0.0,-0.0,0.0,-0.0,1.0,-0.000819576162041924,0.0,-0.0,-1.0,-0.0020658108307510803,-0.001973809964534131,1.079901807118939,3.0,,,,,,,,,,,,
2025-12-05,策略2_仅板块互斥_6板块槽位,0.0,1.0,3.0,0.0,0.0,沪金:S; 沪铝:L; 甲醇:S,0.0,0.019784568036931294,1.0,0.015412511332729029,0.0,0.019243385086376463,-1.0,0.007992280422059572,0.0,-0.01029601029601035,0.0,0.044434264773247856,0.0,-0.009737510584250653,-1.0,-0.017037387600567944,0.0,0.0016622340425531679,0.0,-0.004235792446170117,0.0,0.01200092314793455,0.0,0.003498032356799241,0.0,0.0,1.0,0.0025687518887881713,0.0,0.0,-1.0,-0.0013320467370099287,0.0,-0.0,0.0,0.0,0.0,-0.0,-1.0,0.0028395646000946573,0.0,0.0,0.0,-0.0,0.0,0.0,-1.0,-0.0005830053927998735,0.003493264359073026,1.0836741896130462,4.0,,,,,,,,,,,,
2025-12-08,策略2_仅板块互斥_6板块槽位,0.0,0.0,3.0,0.0,0.0,沪金:S; 沪铝:L; 甲醇:S,0.0,0.0020478551411942103,1.0,-0.0022321428571429047,0.0,-0.0008581849388543672,-1.0,-0.0024348622325812697,0.0,-0.011053315994798418,0.0,-0.04078947368421049,0.0,0.0034202650705430493,-1.0,0.00577756379393346,0.0,0.0,0.0,-0.015242821694434583,0.0,-0.007753705815279344,0.0,-0.014814814814814836,0.0,0.0,1.0,-0.00037202380952381747,0.0,-0.0,-1.0,0.00040581037209687826,0.0,-0.0,0.0,-0.0,0.0,0.0,-1.0,-0.00096292729898891,0.0,0.0,0.0,-0.0,0.0,-0.0,0.0,-0.0,-0.0009291407364158493,1.0826673037784742,3.0,,,,,,,,,,,,
2025-12-09,策略2_仅板块互斥_6板块槽位,0.0,1.0,2.0,0.0,0.0,沪金:S; 甲醇:S,0.0,-0.02022157685274817,0.0,-0.023489932885906062,0.0,-0.009233412067854885,-1.0,-0.007468446855116384,0.0,-0.0039447731755424265,0.0,-0.010059442158207643,0.0,-0.010651896037494724,-1.0,-0.011010052656773572,0.0,-0.005310321938267526,0.0,-0.005399568034557212,0.0,-0.00850379223167086,0.0,-0.0110570544007077,0.0,-0.0,1.0,-0.003914988814317677,0.0,-0.0,-1.0,0.0012447411425193973,0.0,-0.0,0.0,-0.0,0.0,-0.0,-1.0,0.0018350087761289287,0.0,-0.0,0.0,-0.0,0.0,-0.0,0.0,-0.0,-0.0008352388956693513,1.0817630179352888,3.0,,,,,,,,,,,,
2025-12-10,策略2_仅板块互斥_6板块槽位,2.0,0.0,4.0,2.0,0.0,棕榈油:S; 沪金:S; 沪铝:S; 甲醇:S,0.0,0.008343396640684952,-1.0,0.007560137457044647,0.0,0.00021673168617253324,-1.0,0.005107509931269405,0.0,0.015181518151815121,0.0,-0.011547344110854452,0.0,-0.006029285099052539,-1.0,-0.006292352371732868,0.0,0.01534868201534878,0.0,-0.0032573289902280145,-1.0,-0.011590171534538674,0.0,0.0,0.0,0.0,0.0,0.0,0.0,0.0,-1.0,-0.0008512516552115675,0.0,0.0,0.0,-0.0,0.0,-0.0,-1.0,0.0010487253952888114,0.0,0.0,0.0,-0.0,0.0,-0.0,0.0,0.0,0.00019747374007724383,1.0819766377243176,2.0,,,,,,,,,,,,
2025-12-11,策略2_仅板块互斥_6板块槽位,1.0,1.0,4.0,2.0,0.0,棕榈油:S; 沪铝:S; 玉米:S; 甲醇:S,0.0,0.005008165487207394,-1.0,-0.0009095043201454711,0.0,-0.0034669555796316143,0.0,0.0015683814303639743,0.0,-0.015604681404421283,0.0,-0.032710280373831724,0.0,0.022963604852686226,-1.0,0.03263516804676092,0.0,-0.0019717384160368168,0.0,-0.001452432824981864,-1.0,0.013367729831144537,-1.0,0.0,0.0,0.0,-1.0,0.00015158405335757852,0.0,-0.0,-1.0,-0.0002613969050606624,0.0,-0.0,0.0,-0.0,0.0,0.0,-1.0,-0.005439194674460153,0.0,-0.0,0.0,-0.0,-1.0,-0.002227954971857423,0.0,0.0,-0.0077769624980206595,1.0735621459890012,4.0,,,,,,,,,,,,
2025-12-12,策略2_仅板块互斥_6板块槽位,0.0,1.0,3.0,0.0,0.0,棕榈油:S; 沪铝:S; 玉米:S,0.0,0.020149496262593436,-1.0,0.00910332271279013,0.0,0.026527505979560884,0.0,0.013320805929637691,0.0,0.004623513870541718,0.0,-0.017874396135265647,0.0,-0.010165184243964398,0.0,-0.009905660377358516,0.0,0.0029634507737898996,0.0,0.0072727272727273196,-1.0,-0.010414255959268703,-1.0,-0.0013416815742397503,0.0,0.0,-1.0,-0.0015172204521316883,0.0,0.0,0.0,0.0,0.0,0.0,0.0,-0.0,0.0,-0.0,-1.0,0.0016509433962264193,0.0,0.0,0.0,0.0,-1.0,0.0017357093265447838,-1.0,0.00022361359570662506,0.0020930458663461398,1.0758091608009293,4.0,,,,,,,,,,,,
2025-12-15,策略2_仅板块互斥_6板块槽位,1.0,0.0,4.0,1.0,0.0,棕榈油:S; 沪铝:S; 焦煤:S; 玉米:S,0.0,-0.017840076457470544,-1.0,-0.011276499774469984,0.0,-0.007413683541622529,0.0,0.012877835699421025,0.0,-0.009861932938856066,-1.0,0.043777668470241116,0.0,0.004706889174154849,0.0,0.01191043353978083,0.0,-0.001969796454366346,0.0,-0.0043321299638988675,-1.0,-0.007015902712815714,-1.0,-0.011195700850873291,0.0,-0.0,-1.0,0.0018794166290783305,0.0,-0.0,0.0,0.0,0.0,-0.0,0.0,0.0,0.0,0.0,0.0,0.0,0.0,-0.0,0.0,-0.0,-1.0,0.001169317118802619,-1.0,0.0018659501418122153,0.004914683889693165,1.081096422751902,3.0,,,,,,,,,,,,
2025-12-16,策略2_仅板块互斥_6板块槽位,1.0,1.0,4.0,3.0,0.0,PTA:L; 棕榈油:S; 沪铝:S; 玉米:S,0.0,-0.006162828413882604,-1.0,-0.003421532846715314,0.0,-0.01707212974818606,0.0,-0.011941087920582572,0.0,0.010624169986719778,0.0,0.006126295947219695,1.0,-0.005962521294718859,0.0,0.002354048964218425,0.0,-0.0019736842105263497,0.0,0.006889050036258171,-1.0,-0.009656146961846468,-1.0,-0.0027173913043477826,0.0,-0.0,-1.0,0.0005702554744525523,0.0,-0.0,0.0,-0.0,0.0,0.0,-1.0,-0.001021049324536616,0.0,-0.0,0.0,0.0,0.0,-0.0,0.0,0.0,-1.0,0.0016093578269744113,-1.0,0.0004528985507246304,0.001611462527614978,1.0828385691259053,4.0,,,,,,,,,,,,
2025-12-17,策略2_仅板块互斥_6板块槽位,0.0,1.0,3.0,1.0,0.0,PTA:L; 棕榈油:S; 沪铝:S,0.0,0.00979112271540461,-1.0,0.003204394598306237,0.0,-0.0023881893182805536,0.0,0.008544193036997383,0.0,0.009198423127463773,0.0,-0.005152224824355955,1.0,0.003427592116538092,0.0,0.012682010333489924,0.0,0.014502307185233931,0.0,-0.007562117392870049,-1.0,-0.008085612366230732,0.0,0.0018165304268846771,0.0,0.0,-1.0,-0.0005340657663843729,0.0,-0.0,0.0,0.0,0.0,0.0,0.0,-0.0,1.0,0.0005712653527563486,0.0,0.0,0.0,0.0,0.0,-0.0,-1.0,0.0013476020610384554,-1.0,-0.0003027550711474462,0.0010820465762629847,1.0840102508922733,4.0,,,,,,,,,,,,
2025-12-18,策略2_仅板块互斥_6板块槽位,0.0,0.0,3.0,0.0,0.0,PTA:L; 棕榈油:S; 沪铝:S,0.0,-0.0023701788407670676,-1.0,0.0018252338580879712,0.0,0.002611534276387273,0.0,0.0007961458375862485,0.0,0.01236979166666674,0.0,0.06073446327683607,1.0,0.01366353543979515,0.0,0.008348794063079756,0.0,-0.004548408057180042,0.0,-0.0032656023222060737,-1.0,0.0031167585710860646,0.0,-0.0072529465095194645,0.0,-0.0,-1.0,-0.00030420564301466185,0.0,0.0,0.0,0.0,0.0,0.0,0.0,0.0,1.0,0.002277255906632525,0.0,0.0,0.0,-0.0,0.0,-0.0,-1.0,-0.0005194597618476774,0.0,-0.0,0.0014535905017701856,1.085585957896792,3.0,,,,,,,,,,,,
2025-12-19,策略2_仅板块互斥_6板块槽位,0.0,0.0,3.0,0.0,0.0,PTA:L; 棕榈油:S; 沪铝:S,0.0,0.0062634989200864855,-1.0,0.010475973582327436,0.0,0.0017364879531147626,0.0,-0.0006119326874044484,0.0,0.003215434083601254,0.0,-0.016422547714158853,1.0,0.028222409435551876,0.0,-0.011959521619135272,0.0,-0.008485639686684032,0.0,-0.004368401892974161,-1.0,-0.009082217973231388,0.0,0.0009132420091324533,0.0,0.0,-1.0,-0.0017459955970545726,0.0,0.0,0.0,-0.0,0.0,0.0,0.0,-0.0,1.0,0.004703734905925312,0.0,-0.0,0.0,-0.0,0.0,-0.0,-1.0,0.0015137029955385646,0.0,0.0,0.004471442304409304,1.0904400928740041,3.0,,,,,,,,,,,,
2025-12-22,策略2_仅板块互斥_6板块槽位,0.0,2.0,1.0,0.0,0.0,PTA:L,0.0,0.012234385061171915,0.0,0.0015776425512734615,0.0,0.0017334777898159182,0.0,0.021389937748749865,0.0,0.0019230769230769162,0.0,0.005415162454873723,1.0,0.032363785333879624,0.0,0.0032588454376163423,0.0,0.0009874917709018494,0.0,0.002193784277879418,0.0,0.014712976362759367,0.0,0.0,0.0,0.0,-1.0,-0.0002629404252122436,0.0,0.0,0.0,0.0,0.0,0.0,0.0,0.0,1.0,0.0053939642223132704,0.0,0.0,0.0,0.0,0.0,0.0,-1.0,-0.002452162727126561,0.0,0.0,0.0026788610699744657,1.0933612303879436,3.0,,,,,,,,,,,,
2025-12-23,策略2_仅板块互斥_6板块槽位,2.0,0.0,3.0,0.0,0.0,PTA:L; 棕榈油:L; 沪铝:L,0.0,-0.0041348600508905875,1.0,-0.0011251125112511362,0.0,-0.0010815487778498278,0.0,0.01336850308734494,0.0,-0.0038387715930902067,0.0,0.01032315978456011,1.0,0.008333333333333304,0.0,0.00046403712296982924,0.0,0.005590266359750018,0.0,0.0014593214155418366,1.0,0.008557166627050083,0.0,-0.0013686131386860811,0.0,-0.0,0.0,-0.0,0.0,-0.0,0.0,0.0,0.0,-0.0,0.0,0.0,1.0,0.001388888888888884,0.0,0.0,0.0,0.0,0.0,0.0,0.0,0.0,0.0,-0.0,0.001388888888888884,1.0948797876523713,1.0,,,,,,,,,,,,
2025-12-24,策略2_仅板块互斥_6板块槽位,0.0,0.0,3.0,0.0,0.0,PTA:L; 棕榈油:L; 沪铝:L,0.0,0.02310231023102305,1.0,0.006082451002477951,0.0,0.00606323083585969,0.0,0.00043382236945888053,0.0,0.0012845215157353262,0.0,0.005775211017325699,1.0,0.0023612750885477762,0.0,0.007421150278293043,0.0,0.023544800523217724,0.0,-0.006193078324225887,1.0,0.0002356823002591657,0.0,0.0031978072179077444,0.0,0.0,1.0,0.001013741833746325,0.0,0.0,0.0,0.0,0.0,0.0,0.0,0.0,1.0,0.00039354584809129606,0.0,0.0,0.0,0.0,0.0,-0.0,1.0,3.928038337652762e-05,0.0,0.0,0.0014465680652141488,1.0964636057884376,3.0,,,,,,,,,,,,
2025-12-25,策略2_仅板块互斥_6板块槽位,1.0,0.0,4.0,0.0,0.0,PTA:L; 棕榈油:L; 沪铝:L; 玉米:L,0.0,0.0011446409989595008,1.0,-0.0024630541871921707,0.0,-0.007102884201463655,0.0,-0.005834351716797359,0.0,-0.0012828736369467908,0.0,-0.007067137809187329,1.0,0.011385944248134994,0.0,-0.004604051565377576,0.0,0.005111821086261958,0.0,0.011730205278592365,1.0,0.006361922714420265,1.0,-0.0031876138433515333,0.0,0.0,1.0,-0.00041050903119869514,0.0,-0.0,0.0,-0.0,0.0,-0.0,0.0,-0.0,1.0,0.0018976573746891656,0.0,-0.0,0.0,0.0,0.0,0.0,1.0,0.0010603204524033776,0.0,-0.0,0.002547468795893848,1.099256812610017,3.0,,,,,,,,,,,,
2025-12-26,策略2_仅板块互斥_6板块槽位,1.0,0.0,5.0,0.0,0.0,PTA:L; 棕榈油:L; 沪铝:L; 玉米:L; 铁矿石:S,0.0,0.02608876416172956,1.0,0.005836139169472565,0.0,0.004552352048558417,0.0,0.007474523176969727,-1.0,0.005780346820809301,0.0,-0.007562277580071219,1.0,0.024844720496894457,0.0,-0.00046253469010171244,0.0,0.0031786395422759295,0.0,0.010869565217391353,1.0,0.0030437836572232424,1.0,0.015075376884422065,0.0,0.0,1.0,0.0009726898615787608,0.0,0.0,0.0,0.0,0.0,0.0,0.0,-0.0,1.0,0.00414078674948241,0.0,-0.0,0.0,0.0,0.0,0.0,1.0,0.0005072972762038738,1.0,0.002512562814070344,0.008133336701335389,1.1081974383882112,4.0,,,,,,,,,,,,
2025-12-29,策略2_仅板块互斥_6板块槽位,0.0,2.0,3.0,2.0,0.0,棕榈油:L; 沪铝:L; 玉米:L,0.0,0.0014181523500811366,1.0,0.00736442758312883,0.0,0.003668536901165309,0.0,-0.008973728229853428,0.0,0.01724137931034475,0.0,-0.02465262214253694,0.0,-0.02992424242424241,0.0,0.0,0.0,-0.007287705956907531,0.0,-0.005734767025089571,1.0,-0.006535947712418277,1.0,0.012151215121512182,0.0,0.0,1.0,0.0012274045971881382,0.0,0.0,0.0,-0.0,-1.0,-0.002873563218390792,0.0,-0.0,1.0,-0.004987373737373735,0.0,0.0,0.0,-0.0,0.0,-0.0,1.0,-0.0010893246187363796,1.0,0.0020252025202520305,-0.005697654457060738,1.1018833123140752,5.0,,,,,,,,,,,,
2025-12-30,策略2_仅板块互斥_6板块槽位,3.0,0.0,6.0,1.0,0.0,PTA:S; 棕榈油:L; 沪金:S; 沪铝:L; 焦煤:S; 玉米:L,0.0,-0.007788792231438357,1.0,-0.00022153300841820656,0.0,0.005375188131584663,-1.0,-0.02218074227049771,0.0,-0.00941619585687381,-1.0,0.028952205882353033,-1.0,0.0042951971885982765,0.0,0.026839426191577864,0.0,0.00031918289179699855,0.0,0.0014419610670513006,1.0,0.017152255639097724,1.0,-0.008448199199644235,0.0,-0.0,1.0,-3.692216806970109e-05,0.0,0.0,0.0,-0.0,0.0,-0.0,0.0,0.0,0.0,0.0,0.0,0.0,0.0,0.0,0.0,0.0,1.0,0.002858709273182954,1.0,-0.0014080331999407059,0.0014137539051725474,1.1034411041499037,3.0,,,,,,,,,,,,
2025-12-31,策略2_仅板块互斥_6板块槽位,0.0,0.0,6.0,0.0,0.0,PTA:S; 棕榈油:L; 沪金:S; 沪铝:L; 焦煤:S; 玉米:L,0.0,0.0015292078703230683,1.0,0.01595391092399745,0.0,-0.004491017964071808,-1.0,-0.00739206368547185,0.0,0.0006337135614702394,-1.0,-0.004019651630192023,-1.0,-0.006609642301710683,0.0,-0.0013519603424966276,0.0,-0.004148053605615876,0.0,-0.010439164866810624,1.0,-0.008547008547008517,1.0,-0.0017937219730941312,0.0,0.0,1.0,0.002658985153999575,0.0,-0.0,-1.0,0.0012320106142453084,0.0,0.0,-1.0,0.0006699419383653371,-1.0,0.0011016070502851139,0.0,-0.0,0.0,-0.0,0.0,-0.0,1.0,-0.0014245014245014194,1.0,-0.0002989536621823552,0.00393908967021156,1.1077876576049475,6.0,,,,,,,,,,,,
2026-01-05,策略2_仅板块互斥_6板块槽位,0.0,1.0,5.0,0.0,1.0,PTA:S; 沪金:S; 沪铝:L; 焦煤:S; 玉米:L,0.0,0.03165716612377856,1.0,0.03140676117775354,0.0,0.023415682062298604,-1.0,0.017840337166005193,0.0,0.00949968334388851,-1.0,-0.030941704035874484,-1.0,-0.012524461839530376,0.0,-0.0004512635379061436,0.0,0.011855174623518039,0.0,0.0018188432157149048,0.0,-0.011183597390493905,1.0,-0.0008984725965858198,0.0,0.0,1.0,0.0052344601962922566,0.0,0.0,-1.0,-0.0029733895276675324,0.0,0.0,-1.0,0.005156950672645748,-1.0,0.002087410306588396,0.0,-0.0,0.0,0.0,0.0,0.0,1.0,-0.0018639328984156507,1.0,-0.0001497454327643033,0.007491753316678915,1.1160869294629854,6.0,,,,,,,,,,,,
2026-01-06,策略2_仅板块互斥_6板块槽位,0.0,1.0,4.0,0.0,0.0,PTA:S; 沪金:S; 沪铝:L; 焦煤:S,0.0,0.03917118894918592,1.0,0.03171917953055625,0.0,0.019941225860621303,-1.0,0.010030150753768785,0.0,0.005018820577164407,-1.0,0.01434521055067095,-1.0,0.020610384462940834,0.0,0.0352144469525959,0.0,0.01646611779607343,0.0,0.007988380537400142,0.0,0.001413760603204528,0.0,-0.0008992805755395628,0.0,0.0,1.0,0.005286529921759375,0.0,0.0,-1.0,-0.0016716917922947976,0.0,0.0,-1.0,-0.002390868425111825,-1.0,-0.0034350640771568055,0.0,0.0,0.0,0.0,0.0,0.0,0.0,0.0,1.0,-0.00014988009592326046,-0.0023609744687273135,1.1134518767176431,5.0,,,,,,,,,,,,
2026-01-07,策略2_仅板块互斥_6板块槽位,1.0,1.0,4.0,0.0,0.0,PTA:S; 沪金:S; 沪铝:L; 玉米:S,0.0,-0.01813520698822635,1.0,0.0006148800983807323,0.0,0.0014406256431365172,-1.0,-0.006049871639236648,0.0,0.03370786516853941,0.0,0.06204379562043805,-1.0,0.0,0.0,-0.011338857392062751,0.0,0.008099688473520272,0.0,0.012608069164265157,0.0,0.007294117647058895,-1.0,0.011701170117011772,0.0,-0.0,1.0,0.00010248001639678872,0.0,0.0,-1.0,0.0010083119398727747,0.0,0.0,-1.0,-0.010340632603406341,-1.0,-0.0,0.0,-0.0,0.0,0.0,0.0,0.0,0.0,0.0,0.0,0.0,-0.009229840647136778,1.103174893327284,4.0,,,,,,,,,,,,
2026-01-08,策略2_仅板块互斥_6板块槽位,0.0,1.0,3.0,0.0,0.0,PTA:S; 沪铝:L; 玉米:S,0.0,-0.021177835799245703,1.0,-0.02642359688652196,0.0,-0.014591039868475097,0.0,-0.0009610571628790865,0.0,-0.018115942028985477,0.0,0.022336769759450092,-1.0,-0.012427184466019425,0.0,-0.015880017644464006,0.0,-0.003708281829419069,0.0,-0.010316613304873656,0.0,0.005839757066105955,-1.0,0.008007117437722311,0.0,-0.0,1.0,-0.0044039328144203265,0.0,-0.0,-1.0,0.00016017619381318107,0.0,-0.0,0.0,0.0,-1.0,0.0020711974110032374,0.0,-0.0,0.0,-0.0,0.0,-0.0,0.0,0.0,-1.0,-0.0013345195729537185,-0.003507078782557626,1.0993059720654457,4.0,,,,,,,,,,,,
2026-01-09,策略2_仅板块互斥_6板块槽位,0.0,2.0,1.0,1.0,0.0,PTA:S,0.0,0.003556609365737984,0.0,0.026088786029875966,0.0,0.0016684045881125709,0.0,0.008557628715153198,0.0,0.0018450184501845879,0.0,0.004621848739495782,-1.0,0.004325599685411019,0.0,0.01882563872702825,0.0,-0.005583126550868456,0.0,0.0014378145219267058,0.0,0.008128193218764457,0.0,-0.0013239187996469948,0.0,0.0,1.0,0.004348131004979328,0.0,0.0,0.0,0.0,0.0,0.0,0.0,0.0,-1.0,-0.0007209332809018365,0.0,0.0,0.0,-0.0,0.0,0.0,0.0,0.0,-1.0,0.00022065313327449912,0.00384785085735199,1.10353593749255,3.0,,,,,,,,,,,,
2026-01-12,策略2_仅板块互斥_6板块槽位,2.0,1.0,2.0,2.0,0.0,沪锌:S; 焦煤:L,0.0,0.023626698168930815,0.0,0.010867336477342615,-1.0,0.006662502602539977,0.0,0.019672522057070152,0.0,0.009821976672805377,1.0,0.03554997908824764,0.0,0.006656225528582693,0.0,-0.00439947206335245,0.0,0.006238303181534732,0.0,0.001435750179468842,0.0,0.004837595024187902,0.0,0.011931064958020432,0.0,0.0,0.0,0.0,0.0,0.0,0.0,0.0,0.0,0.0,0.0,0.0,-1.0,-0.0011093709214304488,0.0,-0.0,0.0,0.0,0.0,0.0,0.0,0.0,0.0,0.0,-0.0011093709214304488,1.1023117068127422,1.0,,,,,,,,,,,,
2026-01-13,策略2_仅板块互斥_6板块槽位,2.0,0.0,4.0,1.0,0.0,橡胶:S; 沪金:L; 沪锌:S; 焦煤:L,0.0,-0.014425851125216438,0.0,-0.011156186612576113,-1.0,0.004343329886246083,1.0,0.0040534746852711745,0.0,-0.0036474164133738496,1.0,-0.03796445880452337,0.0,-0.000388953714507978,0.0,0.0,-1.0,-0.009609423434593922,0.0,-0.01039426523297493,0.0,0.0061898211829436445,0.0,-0.0026200873362445254,0.0,-0.0,0.0,-0.0,-1.0,-0.0007238883143743472,0.0,0.0,0.0,-0.0,1.0,-0.0063274098007538955,0.0,-0.0,0.0,0.0,0.0,-0.0,0.0,-0.0,0.0,0.0,0.0,-0.0,-0.007051298115128243,1.0945389783522097,2.0,,,,,,,,,,,,
2026-01-14,策略2_仅板块互斥_6板块槽位,1.0,0.0,5.0,1.0,0.0,橡胶:S; 沪金:L; 沪锌:S; 焦煤:L; 豆粕:S,0.0,0.016003122560499516,0.0,0.009025641025641074,-1.0,0.008031301482701814,1.0,0.012751834167928244,0.0,0.0018303843807199183,1.0,0.0046179680940385825,0.0,-0.0046692607003890885,0.0,0.011047282368537248,-1.0,0.011580594679186262,-1.0,-0.003621876131836288,0.0,-0.0034176349965823194,0.0,-0.005253940455341555,0.0,0.0,0.0,0.0,-1.0,-0.001338550247116969,1.0,0.0021253056946547075,0.0,0.0,1.0,0.0007696613490064305,0.0,-0.0,0.0,0.0,-1.0,-0.0019300991131977103,0.0,-0.0,0.0,-0.0,0.0,-0.0,-0.00037368231665354146,1.0941299684911114,4.0,,,,,,,,,,,,
2026-01-15,策略2_仅板块互斥_6板块槽位,1.0,2.0,4.0,1.0,0.0,橡胶:S; 沪金:L; 玉米:S; 豆粕:S,0.0,-0.012581636573184785,0.0,-0.008944907501524657,0.0,0.025127681307456573,1.0,-0.005385308265777322,0.0,-0.00974421437271622,0.0,-0.007521938988717114,0.0,-0.013291634089132143,0.0,-0.006555944055944063,-1.0,-0.010210396039603942,-1.0,-0.003998545983278756,0.0,-0.01943301326017377,-1.0,0.010123239436619746,0.0,-0.0,0.0,-0.0,-1.0,-0.004187946884576095,1.0,-0.0008975513776295537,0.0,-0.0,1.0,-0.001253656498119519,0.0,-0.0,0.0,-0.0,-1.0,0.0017017326732673237,-1.0,0.0006664243305464593,0.0,-0.0,0.0,0.0,-0.003970997756511384,1.0897851808409014,5.0,,,,,,,,,,,,
2026-01-16,策略2_仅板块互斥_6板块槽位,1.0,0.0,5.0,1.0,0.0,橡胶:S; 沪金:L; 焦煤:S; 玉米:S; 豆粕:S,0.0,-0.01984242777939893,0.0,-0.018461538461538418,0.0,-0.013551215623754498,1.0,-0.0023700335273035833,0.0,-0.0012300123001229846,-1.0,-0.013894736842105293,0.0,-0.005942947702060275,0.0,-0.01495820501539813,-1.0,-0.01000312597686781,-1.0,-0.004744525547445311,0.0,0.011191419911401157,-1.0,-0.006100217864923763,0.0,-0.0,0.0,-0.0,0.0,-0.0,1.0,-0.00039500558788393053,0.0,-0.0,0.0,-0.0,0.0,-0.0,0.0,-0.0,-1.0,0.0016671876628113018,-1.0,0.0007907542579075518,0.0,0.0,-1.0,0.0010167029774872938,0.003079639310322217,1.0931413261236258,4.0,,,,,,,,,,,,
2026-01-19,策略2_仅板块互斥_6板块槽位,0.0,0.0,5.0,0.0,0.0,橡胶:S; 沪金:L; 焦煤:S; 玉米:S; 豆粕:S,0.0,0.004068671231517218,0.0,0.006896551724137945,0.0,-0.012121212121212088,1.0,0.015741187831965098,0.0,-0.022167487684729092,-1.0,0.002988898377455085,0.0,0.0023913909924273558,0.0,-0.012058954890576179,-1.0,-0.005683612251341952,-1.0,0.0,0.0,-0.0029974636845745417,-1.0,0.0,0.0,0.0,0.0,0.0,0.0,-0.0,1.0,0.0026235313053275164,0.0,-0.0,-1.0,-0.0004981497295758475,0.0,0.0,0.0,-0.0,-1.0,0.000947268708556992,-1.0,-0.0,0.0,-0.0,-1.0,-0.0,0.003072650284308661,1.096500167130129,5.0,,,,,,,,,,,,
2026-01-20,策略2_仅板块互斥_6板块槽位,1.0,1.0,5.0,1.0,0.0,橡胶:S; 沪锌:S; 焦煤:S; 玉米:S; 豆粕:S,0.0,0.0004941688080648543,0.0,-0.00581154005811535,-1.0,-0.0016359918200409274,0.0,0.007948279140521208,0.0,-0.00566750629722923,-1.0,-0.04299702000851424,0.0,0.022664015904572565,0.0,-0.002712477396021651,-1.0,-0.007939028262940573,-1.0,0.0033003300330032292,0.0,0.011563367252543921,-1.0,-0.0004384042086803541,0.0,0.0,0.0,-0.0,0.0,-0.0,1.0,0.001324713190086868,0.0,-0.0,-1.0,0.007166170001419041,0.0,0.0,0.0,-0.0,-1.0,0.0013231713771567621,-1.0,-0.0005500550055005382,0.0,0.0,-1.0,7.306736811339236e-05,0.009337066931275525,1.106738262580778,5.0,,,,,,,,,,,,
2026-01-21,策略2_仅板块互斥_6板块槽位,0.0,0.0,5.0,0.0,0.0,橡胶:S; 沪锌:S; 焦煤:S; 玉米:S; 豆粕:S,0.0,0.0004939247258717305,0.0,0.008559498956158595,-1.0,-0.002458009012699658,0.0,0.03031617869000902,0.0,-0.006966434452184922,-1.0,0.004448398576512469,0.0,0.0019440124416796323,0.0,0.0013599274705349274,-1.0,0.008002560819462268,-1.0,-0.004020467836257313,0.0,0.009602194787379892,-1.0,0.001315789473684159,0.0,0.0,0.0,0.0,-1.0,0.00040966816878327633,0.0,0.0,0.0,-0.0,-1.0,-0.0007413997627520782,0.0,0.0,0.0,0.0,-1.0,-0.0013337601365770446,-1.0,0.0006700779727095522,0.0,0.0,-1.0,-0.00021929824561402653,-0.0012147120034503207,1.1053938943285433,5.0,,,,,,,,,,,,
2026-01-22,策略2_仅板块互斥_6板块槽位,0.0,1.0,4.0,0.0,0.0,橡胶:S; 沪锌:S; 焦煤:S; 玉米:S,0.0,-0.005726698262243257,0.0,-0.00413992962119647,-1.0,0.002053388090349051,0.0,-0.004321157191247815,0.0,0.0031887755102040227,-1.0,0.0022143489813994943,0.0,0.0279394644935973,0.0,0.023087369850611106,-1.0,0.006668783740870099,0.0,0.01577981651376148,0.0,0.0126811594202898,-1.0,0.005256241787122251,0.0,-0.0,0.0,-0.0,-1.0,-0.0003422313483915085,0.0,-0.0,0.0,0.0,-1.0,-0.0003690581635665824,0.0,0.0,0.0,0.0,-1.0,-0.001111463956811683,-1.0,-0.0026299694189602465,0.0,0.0,-1.0,-0.0008760402978537085,-0.005328763185583729,1.0995035120388763,5.0,,,,,,,,,,,,
2026-01-23,策略2_仅板块互斥_6板块槽位,1.0,1.0,4.0,0.0,0.0,沪锌:S; 焦煤:S; 玉米:S; 豆粕:L,0.0,0.006355511420059523,0.0,0.00976927873622957,-1.0,0.007581967213114771,0.0,0.025800400890049646,0.0,0.010807374443738027,-1.0,0.0225364560318162,0.0,0.028312570781426905,0.0,0.016814159292035447,0.0,0.02933753943217665,1.0,-0.006141618497109813,0.0,-0.003801431127012478,-1.0,0.002178649237472685,0.0,0.0,0.0,0.0,-1.0,-0.0012636612021857951,0.0,0.0,0.0,0.0,-1.0,-0.0037560760053027,0.0,0.0,0.0,0.0,-1.0,-0.004889589905362775,0.0,-0.0,0.0,-0.0,-1.0,-0.00036310820624544754,-0.010272435319096716,1.0882089333283373,4.0,,,,,,,,,,,,
2026-01-26,策略2_仅板块互斥_6板块槽位,0.0,2.0,2.0,0.0,0.0,沪锌:S; 豆粕:L,0.0,0.005328596802841812,0.0,-0.003087690407575172,-1.0,0.005694529184462116,0.0,0.024810870890251246,0.0,-0.013207547169811318,0.0,0.002160760587726962,0.0,-0.0018355359765050983,0.0,0.021322889469103545,0.0,-0.00520992951271837,1.0,0.0065430752453652374,0.0,0.020426487093153867,0.0,-0.003043478260869592,0.0,0.0,0.0,-0.0,-1.0,-0.0009490881974103527,0.0,0.0,0.0,-0.0,-1.0,-0.00036012676462116033,0.0,-0.0,0.0,0.0,0.0,-0.0,1.0,0.0010905125408942062,0.0,0.0,-1.0,0.0005072463768115987,0.0002885439556742919,1.08852292943856,4.0,,,,,,,,,,,,
2026-01-27,策略2_仅板块互斥_6板块槽位,2.0,1.0,3.0,0.0,0.0,甲醇:L; 豆粕:L; 铁矿石:L,0.0,0.007067137809187329,0.0,0.003716704521990577,0.0,0.009100101112234471,0.0,0.004425707588426864,1.0,0.004461440407903083,0.0,-0.03708495040965931,0.0,-0.03310040456050023,1.0,-0.018321261184490845,0.0,-0.0015403573629081402,1.0,-0.0010834236186348933,0.0,0.016058073031236297,0.0,-0.004361098996947255,0.0,0.0,0.0,0.0,-1.0,-0.0015166835187057452,0.0,0.0,0.0,0.0,0.0,-0.0,0.0,-0.0,0.0,-0.0,0.0,-0.0,1.0,-0.00018057060310581555,0.0,0.0,0.0,-0.0,-0.0016972541218115609,1.0866754294098842,2.0,,,,,,,,,,,,
2026-01-28,策略2_仅板块互斥_6板块槽位,1.0,0.0,4.0,2.0,0.0,沪铜:L; 甲醇:L; 豆粕:L; 铁矿石:L,1.0,0.0044834307992203115,0.0,0.054926969759308886,0.0,0.026252505010019966,0.0,0.032933349588115446,1.0,-0.006345177664974666,0.0,0.016121809225257522,0.0,0.021300874857360208,1.0,0.015190972222222321,0.0,0.009564949089787111,1.0,0.005784526391901634,0.0,0.0034639532366314008,0.0,-0.003942181340341633,0.0,0.0,0.0,0.0,0.0,0.0,0.0,0.0,1.0,-0.001057529610829111,0.0,0.0,0.0,0.0,1.0,0.00253182870370372,0.0,0.0,1.0,0.0009640877319836058,0.0,0.0,0.0,-0.0,0.002438386824858215,1.0893251644598545,3.0,,,,,,,,,,,,
2026-01-29,策略2_仅板块互斥_6板块槽位,1.0,0.0,5.0,1.0,0.0,沪铜:L; 玉米:S; 甲醇:L; 豆粕:L; 铁矿石:L,1.0,0.05870366776634972,0.0,-0.0019500780031200815,0.0,0.013473930872876405,0.0,0.053043331647276926,1.0,0.01979565772669223,0.0,0.026884089907448283,0.0,-0.007076350093109918,1.0,0.0055579307396322886,0.0,0.02017114914425422,1.0,0.007189072609633307,0.0,0.009924487594390463,-1.0,0.0030782761653473933,1.0,0.009783944627724953,0.0,-0.0,0.0,0.0,0.0,0.0,1.0,0.003299276287782038,0.0,0.0,0.0,-0.0,1.0,0.0009263217899387147,0.0,0.0,1.0,0.0011981787682722178,0.0,0.0,0.0,0.0,0.015207721473717923,1.1058913181552719,4.0,,,,,,,,,,,,
2026-01-30,策略2_仅板块互斥_6板块槽位,0.0,1.0,4.0,1.0,0.0,沪铜:L; 玉米:S; 甲醇:L; 铁矿石:L,1.0,-0.04976629089909268,0.0,-0.0402500976944119,0.0,-0.004431599229287042,0.0,-0.0702094274369155,1.0,-0.008766437069505306,0.0,-0.008154506437768272,0.0,-0.011627906976744207,1.0,-0.013605442176870763,0.0,-0.019772318753744744,0.0,-0.012491077801570327,0.0,-0.013031403546250764,-1.0,-0.004384042086803985,1.0,-0.008294381816515447,0.0,-0.0,0.0,-0.0,0.0,-0.0,1.0,-0.001461072844917551,0.0,-0.0,0.0,-0.0,1.0,-0.0022675736961451274,0.0,-0.0,1.0,-0.0020818463002617213,0.0,-0.0,-1.0,0.0007306736811339976,-0.013374200976705851,1.091100905407869,5.0,,,,,,,,,,,,
2026-02-02,策略2_仅板块互斥_6板块槽位,2.0,1.0,5.0,0.0,0.0,棕榈油:S; 沪金:S; 沪铜:L; 玉米:S; 铁矿石:L,1.0,-0.04918981481481477,0.0,-0.062092833876221554,0.0,-0.0510934778401394,-1.0,-0.1315803068657334,1.0,-0.010739102969046121,0.0,-0.012115967113803583,0.0,-0.03377609108159396,0.0,-0.02931034482758621,0.0,-0.023227383863080653,0.0,-0.006143838091796194,-1.0,-0.024458874458874513,-1.0,-0.004403346543372932,1.0,-0.008198302469135796,0.0,-0.0,0.0,-0.0,0.0,-0.0,1.0,-0.0017898504948410203,0.0,-0.0,0.0,-0.0,1.0,-0.004885057471264369,0.0,-0.0,0.0,-0.0,0.0,-0.0,-1.0,0.0007338910905621554,-0.01413931934467903,1.0756734812690387,4.0,,,,,,,,,,,,
2026-02-03,策略2_仅板块互斥_6板块槽位,1.0,2.0,4.0,4.0,0.0,棕榈油:S; 沪金:S; 玉米:S; 甲醇:S,0.0,0.060052749036315634,0.0,0.03364445409159966,0.0,0.018152151743830336,-1.0,0.0844536981955184,0.0,-0.007024265644955285,0.0,0.0227770477441962,0.0,0.011390416339355891,-1.0,-0.002220248667850755,0.0,0.01251564455569465,0.0,-0.008363636363636351,-1.0,0.008875083203905065,-1.0,0.0026536930561698036,1.0,0.010008791506052606,0.0,0.0,0.0,0.0,-1.0,-0.014075616365919733,1.0,-0.001170710940825881,0.0,0.0,0.0,0.0,0.0,-0.0,0.0,0.0,0.0,-0.0,-1.0,-0.0014791805339841775,-1.0,-0.0004422821760283006,-0.007158998510705486,1.0679727364186282,5.0,,,,,,,,,,,,
2026-02-04,策略2_仅板块互斥_6板块槽位,1.0,0.0,5.0,2.0,0.0,棕榈油:S; 沪金:S; 沪锌:S; 玉米:S; 甲醇:S,0.0,0.006315789473684275,0.0,0.006089878202435894,-1.0,-0.0030048076923077094,-1.0,0.0438113697452871,0.0,0.005144694533762095,0.0,0.03554603854389726,0.0,0.013203883495145563,-1.0,0.014241210502892843,0.0,0.01266996291718181,0.0,-0.0014668133480014722,-1.0,0.00483835495931384,-1.0,0.0017644464049404451,0.0,0.0,0.0,0.0,0.0,-0.0,-1.0,-0.00730189495754785,0.0,0.0,0.0,0.0,0.0,0.0,-1.0,-0.0023735350838154736,0.0,0.0,0.0,-0.0,-1.0,-0.0008063924932189733,-1.0,-0.0002940744008234075,-0.010775896935405704,1.056464372281158,4.0,,,,,,,,,,,,
2026-02-05,策略2_仅板块互斥_6板块槽位,0.0,1.0,4.0,0.0,0.0,棕榈油:S; 沪金:S; 沪锌:S; 甲醇:S,0.0,-0.03974895397489542,0.0,-0.02379461490294299,-1.0,-0.019690576652601988,-1.0,-0.03147937286502589,0.0,-0.016634676903390933,0.0,-0.03060380479735314,0.0,-0.014181678804139564,-1.0,-0.023694602896007,0.0,-0.012816600549282908,0.0,0.002937936099889793,-1.0,-0.01050558108995403,0.0,0.0008806693086746975,0.0,-0.0,0.0,-0.0,-1.0,0.0032817627754336645,-1.0,0.005246562144170981,0.0,-0.0,0.0,-0.0,0.0,-0.0,-1.0,0.003949100482667833,0.0,-0.0,0.0,0.0,-1.0,0.001750930181659005,-1.0,-0.0001467782181124496,0.014081577365819034,1.0713410570736663,5.0,,,,,,,,,,,,
2026-02-06,策略2_仅板块互斥_6板块槽位,0.0,0.0,4.0,1.0,0.0,棕榈油:S; 沪金:S; 沪锌:S; 甲醇:S,0.0,-0.008714596949891074,0.0,-0.002993371819542401,-1.0,0.0038942406230784155,-1.0,-0.014144118072637935,0.0,-0.010409889394925154,0.0,-0.028583617747440226,0.0,0.004276827371695102,-1.0,0.008539325842696677,0.0,-0.005873261205564195,0.0,0.0014646649578908821,-1.0,-0.0017695200176951476,0.0,0.0026396832380113366,0.0,-0.0,0.0,-0.0,-1.0,-0.0006490401038464025,-1.0,0.0023573530121063224,0.0,-0.0,0.0,-0.0,0.0,0.0,-1.0,-0.0014232209737827795,0.0,-0.0,0.0,0.0,-1.0,0.00029492000294919124,0.0,0.0,0.0005800119374263317,1.071962447675824,4.0,,,,,,,,,,,,
2026-02-09,策略2_仅板块互斥_6板块槽位,2.0,0.0,6.0,0.0,0.0,棕榈油:S; 沪金:S; 沪锌:S; 焦煤:S; 玉米:L; 甲醇:S,0.0,0.017382617382617482,0.0,0.009650439631138763,-1.0,0.0030624744793792402,-1.0,0.032858767842072645,0.0,0.0013149243918475495,-1.0,0.00746596398770305,0.0,0.005032907471931969,-1.0,-0.005793226381461625,0.0,0.010261194029850706,0.0,-0.002193784277879307,-1.0,-0.001329492576999769,1.0,-0.0021939447125932654,0.0,0.0,0.0,0.0,-1.0,-0.0005104124132298734,-1.0,-0.005476461307012108,0.0,0.0,0.0,0.0,0.0,0.0,-1.0,0.0009655377302436041,0.0,0.0,0.0,-0.0,-1.0,0.00022158209616662816,0.0,-0.0,-0.0047997538938317486,1.0668172917435506,4.0,,,,,,,,,,,,
2026-02-10,策略2_仅板块互斥_6板块槽位,0.0,1.0,5.0,0.0,0.0,棕榈油:S; 沪锌:S; 焦煤:S; 玉米:L; 甲醇:S,0.0,-0.00274941084053415,0.0,0.002548853016142827,-1.0,-0.002442499491145944,0.0,-0.004192052862497131,0.0,0.0,-1.0,-0.02441150828247607,0.0,0.007318952234206533,-1.0,0.0044822949350067365,0.0,0.005540166204986097,0.0,0.0018321729571271206,-1.0,-0.008209451963612113,1.0,0.005277044854881341,0.0,-0.0,0.0,0.0,-1.0,0.00040708324852432404,-1.0,0.0006986754770828552,0.0,0.0,-1.0,0.004068584713746011,0.0,0.0,-1.0,-0.0007470491558344561,0.0,0.0,0.0,0.0,-1.0,0.0013682419939353523,1.0,0.0008795074758135568,0.006675043753267644,1.0739383438426813,6.0,,,,,,,,,,,,
2026-02-11,策略2_仅板块互斥_6板块槽位,0.0,0.0,5.0,0.0,0.0,棕榈油:S; 沪锌:S; 焦煤:S; 玉米:L; 甲醇:S,0.0,0.006104765655770006,0.0,0.005508474576271238,-1.0,0.005509079779636883,0.0,0.00818751003371343,0.0,0.0013131976362441566,-1.0,0.004021447721179516,0.0,0.005736137667303964,-1.0,0.0031236055332439783,0.0,0.01469237832874204,0.0,0.014264813460131753,-1.0,-0.0038031319910514227,1.0,0.013123359580052396,0.0,0.0,0.0,0.0,-1.0,-0.0009181799632728138,0.0,0.0,0.0,0.0,-1.0,-0.0006702412868632527,0.0,0.0,-1.0,-0.0005206009222073297,0.0,0.0,0.0,0.0,-1.0,0.0006338553318419038,1.0,0.002187226596675399,0.000712059756173907,1.0747030521179437,5.0,,,,,,,,,,,,
2026-02-12,策略2_仅板块互斥_6板块槽位,0.0,2.0,3.0,1.0,0.0,棕榈油:S; 焦煤:S; 玉米:L,0.0,0.0014679976512037562,0.0,-0.001685630004214067,0.0,0.0012175324675325339,0.0,-0.0037862703467800296,0.0,-0.0006557377049180024,-1.0,-0.0031152647975077885,0.0,-0.0076045627376425395,0.0,-0.007562277580071219,0.0,-0.007541478129713397,0.0,0.006130544536602889,-1.0,-0.01392319784414997,1.0,0.0017271157167531026,0.0,0.0,0.0,-0.0,-1.0,-0.00020292207792208897,0.0,-0.0,0.0,-0.0,-1.0,0.0005192107995846315,0.0,-0.0,-1.0,0.0012603795966785365,0.0,-0.0,0.0,0.0,-1.0,0.002320532974024995,1.0,0.00028785261945885043,0.004185053911824924,1.07920074233026,5.0,,,,,,,,,,,,
2026-02-13,策略2_仅板块互斥_6板块槽位,1.0,0.0,4.0,0.0,0.0,棕榈油:S; 沪铝:L; 焦煤:S; 玉米:L,0.0,-0.01661291898758921,1.0,-0.017940059096665295,0.0,-0.01702472638832586,0.0,-0.014225837388555429,0.0,-0.02099737532808399,-1.0,0.0008928571428572507,0.0,-0.0030651340996168397,0.0,-0.0192738682205289,0.0,-0.00820668693009119,0.0,0.0035842293906809264,-1.0,-0.009565019357777316,1.0,0.0,0.0,-0.0,0.0,-0.0,0.0,-0.0,0.0,-0.0,0.0,-0.0,-1.0,-0.0001488095238095418,0.0,-0.0,0.0,-0.0,0.0,-0.0,0.0,0.0,-1.0,0.001594169892962886,1.0,0.0,0.0014453603691533443,1.080760576313585,3.0,,,,,,,,,,,,
2026-02-24,策略2_仅板块互斥_6板块槽位,0.0,0.0,4.0,0.0,0.0,棕榈油:S; 沪铝:L; 焦煤:S; 玉米:L,0.0,0.011726125409917465,1.0,0.01590371803137769,0.0,0.01773195876288658,0.0,0.03639311773714082,0.0,-0.007372654155495928,-1.0,-0.017395182872435355,0.0,0.028439661798616456,0.0,0.0443327239488116,0.0,0.043824701195219085,0.0,-0.006785714285714284,-1.0,0.014486088756035853,1.0,0.005172413793103514,0.0,0.0,1.0,0.0026506196718962816,0.0,0.0,0.0,0.0,0.0,-0.0,-1.0,0.0028991971454058927,0.0,0.0,0.0,0.0,0.0,0.0,0.0,-0.0,-1.0,-0.0024143481260059754,1.0,0.0008620689655172523,0.0039975376568134515,1.0850809574153981,4.0,,,,,,,,,,,,
2026-02-25,策略2_仅板块互斥_6板块槽位,0.0,0.0,4.0,0.0,0.0,棕榈油:S; 沪铝:L; 焦煤:S; 玉米:L,0.0,0.010607995285335514,1.0,0.00846202665538387,0.0,0.001215559157212276,0.0,0.00048674489352440453,0.0,0.01620526671168121,-1.0,0.022242396731729563,0.0,-0.007473841554558991,0.0,-0.015754923413566768,0.0,0.012331180270111597,0.0,0.017979144192736385,-1.0,0.0027198549410698547,1.0,0.004288164665523064,0.0,0.0,1.0,0.0014103377758973117,0.0,0.0,0.0,0.0,0.0,0.0,-1.0,-0.0037070661219549272,0.0,-0.0,0.0,-0.0,0.0,0.0,0.0,0.0,-1.0,-0.0004533091568449758,1.0,0.0007146941109205107,-0.0020353433919820803,1.082872445058957,4.0,,,,,,,,,,,,
2026-02-26,策略2_仅板块互斥_6板块槽位,0.0,2.0,2.0,0.0,0.0,沪铝:L; 焦煤:S,0.0,-0.0021382058509087365,1.0,0.0004195510803439717,0.0,-0.005665722379603388,0.0,-0.003978941149896609,0.0,-0.0053156146179401675,-1.0,-0.03197158081705154,0.0,-0.009789156626506035,0.0,-0.017341040462427793,0.0,-0.006670533642691434,0.0,0.0010596962204167948,0.0,-0.015144665461121143,0.0,0.0,0.0,-0.0,1.0,6.992518005732862e-05,0.0,-0.0,0.0,-0.0,0.0,-0.0,-1.0,0.005328596802841923,0.0,-0.0,0.0,-0.0,0.0,-0.0,0.0,0.0,-1.0,0.0025241109101868573,1.0,0.0,0.00792263289308611,1.0914516459111978,4.0,,,,,,,,,,,,
2026-02-27,策略2_仅板块互斥_6板块槽位,0.0,0.0,2.0,0.0,0.0,沪铝:L; 焦煤:S,0.0,0.01217492938540965,1.0,-0.00041937513105472224,0.0,0.005698005698005604,0.0,0.0012385737213034265,0.0,0.002672010688042681,-1.0,0.0032110091743118296,0.0,-0.0019011406844106071,0.0,-0.014027149321266918,0.0,0.0017518248175183437,0.0,-0.0003528581510232609,0.0,0.007574018820289297,0.0,0.0076857386848847575,0.0,0.0,1.0,-6.989585517578704e-05,0.0,0.0,0.0,0.0,0.0,0.0,-1.0,-0.0005351681957186383,0.0,-0.0,0.0,-0.0,0.0,0.0,0.0,-0.0,0.0,0.0,0.0,0.0,-0.0006050640508944253,1.0907912477569675,2.0,,,,,,,,,,,,
2026-03-02,策略2_仅板块互斥_6板块槽位,0.0,0.0,2.0,0.0,0.0,沪铝:L; 焦煤:S,0.0,-0.0006735950731331375,1.0,0.026431718061673992,0.0,0.0056657223796034994,0.0,0.042965415105845395,0.0,0.005329780146569041,-1.0,0.0004572473708275293,0.0,0.05752380952380953,0.0,0.08536025699862315,0.0,0.0052462838822500135,0.0,-0.0024708789269325404,0.0,0.01343963553530747,0.0,0.01016949152542379,0.0,-0.0,1.0,0.004405286343612332,0.0,0.0,0.0,0.0,0.0,0.0,-1.0,-7.620789513792155e-05,0.0,0.0,0.0,0.0,0.0,0.0,0.0,-0.0,0.0,0.0,0.0,0.0,0.0043290784484744105,1.0955133686394167,2.0,,,,,,,,,,,,
2026-03-03,策略2_仅板块互斥_6板块槽位,0.0,1.0,1.0,0.0,0.0,沪铝:L,0.0,-0.016851227732306184,1.0,-0.022889842632331958,0.0,-0.019315895372233438,0.0,-0.012712784617697648,0.0,-0.001325381047051044,0.0,0.030164533820840944,0.0,0.01008645533141217,0.0,0.08118393234672294,0.0,-0.02377500724847781,0.0,0.0035385704175512345,0.0,0.010788941335131419,0.0,-0.004614093959731558,0.0,-0.0,1.0,-0.0038149737720553265,0.0,-0.0,0.0,-0.0,0.0,-0.0,-1.0,-0.00502742230347349,0.0,0.0,0.0,0.0,0.0,-0.0,0.0,0.0,0.0,0.0,0.0,-0.0,-0.008842396075528816,1.0858264055278701,2.0,,,,,,,,,,,,
2026-03-04,策略2_仅板块互斥_6板块槽位,2.0,0.0,3.0,1.0,0.0,沪铝:L; 焦煤:L; 甲醇:L,0.0,-0.004309500489716012,1.0,0.037230704873457476,0.0,0.004513746409519959,0.0,-0.02448392554991541,0.0,-0.001990710019907138,1.0,-0.02661934338952976,0.0,0.015335235378031387,1.0,-0.0015643332029722234,0.0,-0.005643005643005683,0.0,-0.0024682651622003338,0.0,0.0008894818768068191,0.0,0.0025284450063212116,0.0,-0.0,1.0,0.006205117478909579,0.0,0.0,0.0,-0.0,0.0,-0.0,0.0,-0.0,0.0,0.0,0.0,-0.0,0.0,-0.0,0.0,-0.0,0.0,0.0,0.0,0.0,0.006205117478909579,1.0925640859358725,1.0,,,,,,,,,,,,
2026-03-05,策略2_仅板块互斥_6板块槽位,0.0,0.0,3.0,1.0,0.0,沪铝:L; 焦煤:L; 甲醇:L,0.0,-0.005705292150304908,1.0,0.000806614236741332,0.0,0.0016339869281045694,0.0,-0.0009192930116385112,0.0,0.009308510638297962,1.0,0.007748404740200554,0.0,0.02212855637513167,1.0,-0.025851938895417148,0.0,-0.011051373954599764,0.0,0.004948745139625288,0.0,0.007553876916240876,0.0,0.0021017234131988083,0.0,-0.0,1.0,0.00013443570612355535,0.0,0.0,0.0,-0.0,0.0,0.0,1.0,0.0012914007900334257,0.0,0.0,1.0,-0.004308656482569524,0.0,-0.0,0.0,0.0,0.0,0.0,0.0,0.0,-0.0028828199864125437,1.0894144203525,3.0,,,,,,,,,,,,
2026-03-06,策略2_仅板块互斥_6板块槽位,0.0,0.0,3.0,0.0,0.0,沪铝:L; 焦煤:L; 甲醇:L,0.0,-0.0002967946181242631,1.0,-0.0012089462018940456,0.0,-0.010603588907014627,0.0,-0.009722222222222299,0.0,0.017127799736495364,1.0,0.01582994120307557,0.0,0.04295532646048117,1.0,0.039806996381182236,0.0,0.016913319238900604,0.0,0.0253253605346464,0.0,0.016317530319735374,0.0,0.003775167785234901,0.0,-0.0,1.0,-0.00020149103364900758,0.0,-0.0,0.0,-0.0,0.0,0.0,1.0,0.0026383235338459285,0.0,0.0,1.0,0.006634499396863706,0.0,0.0,0.0,0.0,0.0,0.0,0.0,0.0,0.009071331897060627,1.0992968601329614,3.0,,,,,,,,,,,,
2026-03-09,策略2_仅板块互斥_6板块槽位,0.0,0.0,3.0,0.0,0.0,沪铝:L; 焦煤:L; 甲醇:L,0.0,-0.008510638297872353,1.0,0.009078071414161837,0.0,0.0065952184666115965,0.0,-0.0007012622720897754,0.0,0.016191709844559643,1.0,0.040071237756010625,0.0,0.040527182866556766,1.0,0.09435421500386698,0.0,0.0035640035640036594,0.0,0.027444253859348233,0.0,0.054458667823823026,0.0,0.0008357709987463213,0.0,-0.0,1.0,0.0015130119023603061,0.0,0.0,0.0,-0.0,0.0,0.0,1.0,0.006678539626001771,0.0,0.0,1.0,0.015725702500644496,0.0,0.0,0.0,0.0,0.0,0.0,0.0,0.0,0.023917254029006574,1.1255890223900509,3.0,,,,,,,,,,,,
2026-03-10,策略2_仅板块互斥_6板块槽位,0.0,1.0,2.0,0.0,0.0,沪铝:L; 焦煤:L,0.0,0.0132747779219482,1.0,-0.0017992802878848968,0.0,-0.00020475020475019257,0.0,0.011543859649122856,0.0,-0.0006373486297004405,1.0,-0.03981164383561642,0.0,-0.018366054464851178,0.0,-0.09929328621908129,0.0,0.013021604024859412,0.0,-0.007345575959933237,0.0,-0.02654320987654324,0.0,-0.0058455114822546506,0.0,0.0,1.0,-0.00029988004798081613,0.0,-0.0,0.0,0.0,0.0,-0.0,1.0,-0.006635273972602736,0.0,-0.0,1.0,-0.016548881036513547,0.0,0.0,0.0,-0.0,0.0,-0.0,0.0,-0.0,-0.023484035057097098,1.0991556503283593,3.0,,,,,,,,,,,,
2026-03-11,策略2_仅板块互斥_6板块槽位,0.0,0.0,2.0,0.0,0.0,沪铝:L; 焦煤:L,0.0,-0.003644602048857415,1.0,0.01301822551572207,0.0,-0.0012287528158918537,0.0,0.0020465503486071235,0.0,0.0044642857142858094,1.0,0.020508247882300434,0.0,0.0741935483870968,0.0,0.042761867398980025,0.0,0.0037978381536662997,0.0,0.03195425496131854,0.0,0.00676389769604735,0.0,0.0058798824023520435,0.0,-0.0,1.0,0.002169704252620345,0.0,-0.0,0.0,0.0,0.0,0.0,1.0,0.003418041313716739,0.0,0.0,0.0,0.0,0.0,0.0,0.0,0.0,0.0,0.0,0.0,0.0,0.005587745566337084,1.105297452440196,2.0,,,,,,,,,,,,
2026-03-12,策略2_仅板块互斥_6板块槽位,0.0,0.0,2.0,0.0,0.0,沪铝:L; 焦煤:L,0.0,-0.0013840830449827202,1.0,0.001383946223803889,0.0,-0.003485749436128782,0.0,-0.0034616449736915023,0.0,0.010158730158730256,1.0,0.00742682394058547,0.0,0.05075075075075075,0.0,0.02558314522197147,0.0,-0.006111757857974354,0.0,-0.0045632333767926525,0.0,0.016586185177409174,0.0,0.00041753653444676075,0.0,-0.0,1.0,0.00023065770396731486,0.0,-0.0,0.0,-0.0,0.0,0.0,1.0,0.0012378039900975784,0.0,0.0,0.0,0.0,0.0,-0.0,0.0,-0.0,0.0,0.0,0.0,0.0,0.0014684616940648931,1.1069205394096517,2.0,,,,,,,,,,,,
2026-03-13,策略2_仅板块互斥_6板块槽位,0.0,1.0,1.0,0.0,0.0,焦煤:L,0.0,-0.006930006930006893,0.0,-0.010069101678183645,0.0,-0.006584362139917643,0.0,-0.013564679727664175,0.0,0.020113136392206243,1.0,0.021682567215958404,0.0,-0.009145470134324096,0.0,0.02898019075568592,0.0,-0.018155197657393818,0.0,0.024230517354289383,0.0,0.00867410161090465,0.0,-0.004173622704507496,0.0,-0.0,1.0,-0.0016781836130306076,0.0,-0.0,0.0,-0.0,0.0,0.0,1.0,0.003613761202659734,0.0,-0.0,0.0,0.0,0.0,-0.0,0.0,0.0,0.0,0.0,0.0,-0.0,0.0019355775896291265,1.1090630699992332,2.0,,,,,,,,,,,,
2026-03-16,策略2_仅板块互斥_6板块槽位,1.0,0.0,2.0,0.0,0.0,PTA:S; 焦煤:L,0.0,-0.005881766523776255,0.0,0.00398883127243721,0.0,-0.009734879867439927,0.0,-0.012677172286292837,0.0,-0.0030807147258163914,1.0,0.002546689303905003,-1.0,0.006922411306605092,0.0,0.011408199643493822,0.0,0.006263048016701411,0.0,-0.018222506393861915,0.0,0.024774774774774855,0.0,-0.002933780385582563,0.0,-0.0,0.0,0.0,0.0,-0.0,0.0,-0.0,0.0,-0.0,1.0,0.00042444821731750054,0.0,0.0,0.0,0.0,0.0,0.0,0.0,-0.0,0.0,0.0,0.0,-0.0,0.00042444821731750054,1.109533809842187,1.0,,,,,,,,,,,,
2026-03-17,策略2_仅板块互斥_6板块槽位,2.0,1.0,3.0,1.0,0.0,PTA:S; 沪铝:S; 豆粕:S,0.0,-0.0038106698756518176,-1.0,-0.007151370679380209,0.0,-0.008575611796695304,0.0,-0.0020864913062861312,0.0,0.009270704573547617,0.0,-0.0042337002540220325,-1.0,-0.00916642795760525,0.0,0.0035248501938667243,0.0,-0.004149377593360981,-1.0,-0.0003256268316509381,0.0,-0.005594405594405605,0.0,0.002942412778478287,0.0,-0.0,0.0,-0.0,0.0,-0.0,0.0,-0.0,0.0,0.0,1.0,-0.0007056167090036721,-1.0,0.0015277379929342083,0.0,0.0,0.0,-0.0,0.0,-0.0,0.0,-0.0,0.0,0.0,0.0008221212839305362,1.1104459812024987,2.0,,,,,,,,,,,,
2026-03-18,策略2_仅板块互斥_6板块槽位,1.0,0.0,4.0,1.0,0.0,PTA:S; 沪铝:S; 豆粕:S; 铁矿石:S,0.0,-0.007348500100664346,-1.0,-0.0076030412164865835,0.0,-0.014978902953586504,0.0,-0.002144465491976222,-1.0,-0.006736068585425636,0.0,-0.01658163265306123,-1.0,-0.018502457357617796,0.0,0.022831050228310446,0.0,-0.023809523809523836,-1.0,-0.011074918566775227,0.0,-0.02632107695398833,0.0,-0.0016764459346185756,0.0,-0.0,-1.0,0.0012671735360810972,0.0,-0.0,0.0,-0.0,0.0,-0.0,0.0,-0.0,-1.0,0.0030837428929362995,0.0,0.0,0.0,-0.0,-1.0,0.0018458197611292044,0.0,-0.0,0.0,-0.0,0.006196736190146601,1.1173271220014191,3.0,,,,,,,,,,,,
2026-03-19,策略2_仅板块互斥_6板块槽位,0.0,0.0,4.0,1.0,0.0,PTA:S; 沪铝:S; 豆粕:S; 铁矿石:S,0.0,-0.042490619612615355,-1.0,-0.025000000000000022,0.0,-0.027414863996573113,0.0,-0.04611554855116584,-1.0,-0.004315659679408168,0.0,0.0025940337224383825,-1.0,0.006480117820323983,0.0,0.09271978021978011,0.0,-0.01890243902439026,-1.0,0.0019762845849802257,0.0,0.010730499380932734,0.0,0.0008396305625524292,0.0,-0.0,-1.0,0.00416666666666667,0.0,-0.0,0.0,-0.0,-1.0,0.0007192766132346947,0.0,0.0,-1.0,-0.0010800196367206638,0.0,0.0,0.0,-0.0,-1.0,-0.000329380764163371,0.0,0.0,0.0,0.0,0.00347654287901733,1.121211557650946,4.0,,,,,,,,,,,,
2026-03-20,策略2_仅板块互斥_6板块槽位,0.0,0.0,4.0,1.0,0.0,PTA:S; 沪铝:S; 豆粕:S; 铁矿石:S,0.0,0.003389112476170242,-1.0,-0.006617038875103343,0.0,0.010129927328782262,0.0,-0.021816270206334587,-1.0,0.009907120743034126,0.0,0.009918068132815927,-1.0,-0.02692420251682759,0.0,-0.015713387806411072,0.0,-0.005593536357986317,-1.0,-0.004273504273504258,0.0,-0.007962433646386269,0.0,0.001258389261745041,0.0,0.0,-1.0,0.0011028398125172238,0.0,0.0,0.0,-0.0,-1.0,-0.0016511867905056876,0.0,0.0,-1.0,0.004487367086137932,0.0,-0.0,0.0,-0.0,-1.0,0.0007122507122507097,0.0,-0.0,0.0,0.0,0.004651270820400178,1.1264266162525434,4.0,,,,,,,,,,,,
2026-03-23,策略2_仅板块互斥_6板块槽位,0.0,0.0,4.0,0.0,0.0,PTA:S; 沪铝:S; 豆粕:S; 铁矿石:S,0.0,-0.027865737808739688,-1.0,-0.01935886761032468,0.0,-0.005886200130804431,0.0,-0.09521890174852687,-1.0,0.0042918454935623185,0.0,0.10119555935098212,-1.0,0.07278195488721795,0.0,0.06992337164750961,0.0,0.009062499999999973,-1.0,-0.007263123142951522,0.0,0.023050010290183165,0.0,0.011730205278592365,0.0,-0.0,-1.0,0.0032264779350541137,0.0,-0.0,0.0,-0.0,-1.0,-0.0007153075822603864,0.0,0.0,-1.0,-0.012130325814536325,0.0,0.0,0.0,0.0,-1.0,0.0012105205238252537,0.0,0.0,0.0,0.0,-0.008408634937917343,1.1169549060521222,4.0,,,,,,,,,,,,
2026-03-24,策略2_仅板块互斥_6板块槽位,0.0,0.0,4.0,0.0,0.0,PTA:S; 沪铝:S; 豆粕:S; 铁矿石:S,0.0,0.020955483170466804,-1.0,0.002971768202080227,0.0,0.007675438596491224,0.0,0.03924480271531605,-1.0,0.006105006105006083,0.0,-0.031019775106630454,-1.0,-0.06167647883375382,0.0,-0.06326469710534166,0.0,0.004955094456488007,-1.0,-0.015297638842700412,0.0,-0.029973848320257512,0.0,-0.013250517598343725,0.0,0.0,-1.0,-0.0004952947003467045,0.0,0.0,0.0,0.0,-1.0,-0.001017501017501014,0.0,-0.0,-1.0,0.01027941313895897,0.0,-0.0,0.0,0.0,-1.0,0.002549606473783402,0.0,-0.0,0.0,-0.0,0.011316223894894655,1.129594617849509,4.0,,,,,,,,,,,,
2026-03-25,策略2_仅板块互斥_6板块槽位,0.0,0.0,4.0,2.0,0.0,PTA:S; 沪铝:S; 豆粕:S; 铁矿石:S,0.0,0.01659044985642888,-1.0,0.009947089947089927,0.0,-0.0017410228509249226,0.0,0.03486425801183923,-1.0,-0.02123786407766992,0.0,-0.006802721088435382,-1.0,-0.015237526142814484,0.0,-0.015928639694170132,0.0,0.012634822804314272,-1.0,-0.009793988517392771,0.0,-0.013894649523019442,0.0,-0.002937473772555599,0.0,0.0,-1.0,-0.0016578483245149878,0.0,-0.0,0.0,0.0,-1.0,0.003539644012944987,0.0,-0.0,-1.0,0.0025395876904690806,0.0,-0.0,0.0,0.0,-1.0,0.001632331419565462,0.0,-0.0,0.0,-0.0,0.006053714798464542,1.1364328615038506,4.0,,,,,,,,,,,,
2026-03-26,策略2_仅板块互斥_6板块槽位,1.0,1.0,4.0,3.0,0.0,PTA:S; 沪金:L; 豆粕:S; 铁矿石:S,0.0,-0.002510722878962257,0.0,-0.005658005029337776,0.0,0.005886200130804431,1.0,-0.017732454929188513,-1.0,0.013019218846869185,0.0,-0.008863819500402936,-1.0,0.028216019417475646,0.0,0.036581417934606675,0.0,0.0018259281801582539,-1.0,0.006821282401091366,0.0,0.010935856992639437,0.0,0.0,0.0,-0.0,-1.0,0.0009430008382229627,0.0,0.0,0.0,-0.0,-1.0,-0.002169869807811531,0.0,-0.0,-1.0,-0.004702669902912608,0.0,0.0,0.0,0.0,-1.0,-0.0011368804001818944,0.0,0.0,0.0,0.0,-0.007066419272683071,1.1284023504292096,4.0,,,,,,,,,,,,
2026-03-27,策略2_仅板块互斥_6板块槽位,1.0,0.0,5.0,3.0,0.0,PTA:S; 沪金:L; 沪锌:L; 豆粕:S; 铁矿石:S,0.0,0.006082852648138459,0.0,0.008851422550052668,1.0,0.013437364542696173,1.0,0.0026908170846804413,-1.0,-0.006119951040391647,0.0,-0.00894308943089428,-1.0,0.014458542342874026,0.0,0.029356652092442204,0.0,0.0030376670716889542,-1.0,-0.005081300813008172,0.0,0.016018306636155666,0.0,-0.002946127946127919,0.0,0.0,0.0,0.0,0.0,0.0,1.0,0.0004484695141134069,-1.0,0.0010199918400652745,0.0,-0.0,-1.0,-0.002409757057145671,0.0,0.0,0.0,0.0,-1.0,0.0008468834688346952,0.0,0.0,0.0,-0.0,-9.441223413229405e-05,1.1282958154423053,4.0,,,,,,,,,,,,
2026-03-30,策略2_仅板块互斥_6板块槽位,0.0,1.0,4.0,2.0,0.0,沪金:L; 沪锌:L; 豆粕:S; 铁矿石:S,0.0,-0.0017721255081830645,0.0,0.033006058073950184,1.0,0.006843455945252375,1.0,0.016241763963711353,-1.0,0.0012315270935960854,0.0,-0.004101722723543921,0.0,-0.015706806282722474,0.0,0.006978155339805836,0.0,0.0033313143549364987,-1.0,0.0,0.0,0.016584766584766486,0.0,-0.009708737864077666,0.0,-0.0,0.0,0.0,1.0,0.0011405759908753958,1.0,0.002706960660618559,-1.0,-0.00020525451559934757,0.0,-0.0,-1.0,0.0026178010471204125,0.0,0.0,0.0,0.0,-1.0,-0.0,0.0,0.0,0.0,-0.0,0.006260083183015019,1.135359041102022,5.0,,,,,,,,,,,,
2026-03-31,策略2_仅板块互斥_6板块槽位,0.0,1.0,3.0,2.0,0.0,沪金:L; 沪锌:L; 铁矿石:S,0.0,-0.004385964912280715,0.0,0.006066734074823055,1.0,-0.002548853016142716,1.0,0.0051434652372694956,-1.0,-0.006150061500615034,0.0,-0.0539538714991763,0.0,-0.012411347517730542,0.0,-0.027116601385959616,0.0,-0.009960760639903365,0.0,-0.0074906367041198685,0.0,-0.006445115810674751,0.0,0.002131287297527651,0.0,-0.0,0.0,0.0,1.0,-0.000424808836023786,1.0,0.0008572442062115826,-1.0,0.0010250102501025056,0.0,-0.0,0.0,-0.0,0.0,-0.0,0.0,-0.0,-1.0,0.0012484394506866447,0.0,-0.0,0.0,0.0,0.002705885070976947,1.1384311921815387,4.0,,,,,,,,,,,,
2026-04-01,策略2_仅板块互斥_6板块槽位,0.0,0.0,3.0,1.0,0.0,沪金:L; 沪锌:L; 铁矿石:S,0.0,0.017726033144535247,0.0,-0.008643216080401972,1.0,0.002981260647359374,1.0,0.03242819331438107,-1.0,0.004950495049504955,0.0,-0.029603831084022647,0.0,-0.047576301615798955,0.0,-0.0665840817590585,0.0,0.006402439024390194,0.0,-0.013722126929674117,0.0,-0.004257044394891496,0.0,-0.00042535091450446316,0.0,0.0,0.0,-0.0,1.0,0.0004968767745598957,1.0,0.005404698885730179,-1.0,-0.0008250825082508259,0.0,-0.0,0.0,-0.0,0.0,-0.0,0.0,0.0,0.0,-0.0,0.0,-0.0,0.0,-0.0,0.005076493152039249,1.144210430332716,3.0,,,,,,,,,,,,
2026-04-02,策略2_仅板块互斥_6板块槽位,0.0,0.0,3.0,0.0,0.0,沪金:L; 沪锌:L; 铁矿石:S,0.0,-0.01185200453468005,0.0,0.0024330900243310083,1.0,0.002123142250530785,1.0,-0.027915456047399423,-1.0,-0.008620689655172376,0.0,0.015253476895468854,0.0,0.076971410618913,0.0,0.0769741207697412,0.0,0.015752802181157266,0.0,0.030956521739130327,0.0,0.018729641693810972,0.0,0.002553191489361728,0.0,-0.0,0.0,0.0,1.0,0.00035385704175513083,1.0,-0.004652576007899904,-1.0,0.001436781609195396,0.0,0.0,0.0,0.0,0.0,0.0,0.0,0.0,0.0,0.0,0.0,0.0,0.0,0.0,-0.0028619373569493773,1.1409357717579358,3.0,,,,,,,,,,,,
2026-04-03,策略2_仅板块互斥_6板块槽位,0.0,0.0,3.0,0.0,0.0,沪金:L; 沪锌:L; 铁矿石:S,0.0,0.0038589904046724133,0.0,-0.0024271844660194164,1.0,-0.0004237288135593431,1.0,0.009005841098673528,-1.0,-0.03602484472049694,0.0,-0.016791869200176723,0.0,0.019253208868144744,0.0,0.036352433764633485,0.0,0.009543692215925992,0.0,-0.005060728744939236,0.0,-0.001998401278976769,0.0,-0.005093378607809895,0.0,0.0,0.0,-0.0,1.0,-7.062146892655718e-05,1.0,0.001500973516445588,-1.0,0.00600414078674949,0.0,-0.0,0.0,0.0,0.0,0.0,0.0,0.0,0.0,-0.0,0.0,-0.0,0.0,-0.0,0.007434492834268521,1.1494180505774307,3.0,,,,,,,,,,,,
2026-04-07,策略2_仅板块互斥_6板块槽位,0.0,1.0,2.0,0.0,0.0,沪金:L; 铁矿石:S,0.0,0.003220779220779235,0.0,-0.0012165450121655041,0.0,0.005934718100890191,1.0,0.0012391093901258365,-1.0,-0.0019329896907216426,0.0,-0.0035955056179775013,0.0,-0.014310246136233551,0.0,0.05618311533888232,0.0,0.005317577548005881,0.0,0.004747371990505345,0.0,0.0,0.0,-0.0004266211604095904,0.0,0.0,0.0,-0.0,1.0,0.0009891196834816984,1.0,0.00020651823168763941,-1.0,0.0003221649484536071,0.0,-0.0,0.0,-0.0,0.0,0.0,0.0,0.0,0.0,0.0,0.0,0.0,0.0,-0.0,0.001517802863622945,1.151162640586097,3.0,,,,,,,,,,,,
2026-04-08,策略2_仅板块互斥_6板块槽位,2.0,0.0,4.0,0.0,0.0,棕榈油:S; 沪金:L; 沪铝:S; 铁矿石:S,0.0,0.017191383595691834,-1.0,0.006090133982947554,0.0,0.0035819637589549203,1.0,0.026801253045596996,-1.0,-0.010329244673983218,0.0,0.010825439783491264,0.0,-0.07346109175377469,0.0,-0.12130593864339989,0.0,0.006464883925947795,0.0,-0.0003374957813027102,-1.0,-0.04205046055266315,0.0,0.0008536064874093974,0.0,0.0,0.0,0.0,0.0,0.0,1.0,0.004466875507599499,-1.0,0.001721540778997203,0.0,0.0,0.0,-0.0,0.0,-0.0,0.0,0.0,0.0,-0.0,0.0,-0.0,0.0,0.0,0.0061884162865967025,1.1582865142196217,2.0,,,,,,,,,,,,
2026-04-09,策略2_仅板块互斥_6板块槽位,0.0,0.0,4.0,2.0,0.0,棕榈油:S; 沪金:L; 沪铝:S; 铁矿石:S,0.0,-0.004174302586031353,-1.0,-0.009685230024213065,0.0,-0.002099517111064486,1.0,-0.019472693032015154,-1.0,-0.021526418786692814,0.0,-0.038821954484605126,0.0,0.022250078345346314,0.0,0.02658552210121723,0.0,0.0008759124087591719,0.0,0.0030384875084401575,-1.0,0.008570234113712383,0.0,0.003837953091684332,0.0,-0.0,-1.0,0.001614205004035511,0.0,-0.0,1.0,-0.0032454488386691924,-1.0,0.003587736464448802,0.0,-0.0,0.0,0.0,0.0,0.0,0.0,0.0,0.0,0.0,-1.0,-0.001428372352285397,0.0,0.0,0.0005281202775297238,1.1588982288149703,4.0,,,,,,,,,,,,
2026-04-10,策略2_仅板块互斥_6板块槽位,0.0,1.0,3.0,2.0,0.0,棕榈油:S; 沪铝:S; 铁矿石:S,0.0,0.006441059196401255,-1.0,0.0052974735126325445,0.0,-0.006311803071744171,0.0,0.006760649944301367,-1.0,0.004666666666666597,0.0,-0.01949860724233987,0.0,-0.033721643163703297,0.0,-0.02839313572542901,0.0,-0.018961493582263733,0.0,0.0020195220464489516,-1.0,-0.003005181347150221,0.0,0.010620220900594779,0.0,0.0,-1.0,-0.0008829122521054241,0.0,-0.0,1.0,0.0011267749907168945,-1.0,-0.0007777777777777661,0.0,-0.0,0.0,-0.0,0.0,-0.0,0.0,-0.0,0.0,0.0,-1.0,0.0005008635578583701,0.0,0.0,-3.305148130792568e-05,1.1588599255118228,4.0,,,,,,,,,,,,
2026-04-13,策略2_仅板块互斥_6板块槽位,2.0,0.0,5.0,1.0,0.0,棕榈油:S; 橡胶:S; 沪金:S; 沪铝:S; 铁矿石:S,0.0,0.01188541243397001,-1.0,0.006688285366842406,0.0,-0.0016938386618674528,-1.0,-0.004731199206379322,-1.0,0.013271400132714106,0.0,0.009469696969697017,0.0,-0.004758883248730972,0.0,0.01958895311496467,-1.0,-0.0011894142134998287,0.0,0.0010077258985556892,-1.0,-0.007795447458684102,0.0,-0.0025220680958385477,0.0,0.0,-1.0,-0.0011147142278070676,0.0,-0.0,0.0,-0.0,-1.0,-0.0022119000221190177,0.0,0.0,0.0,-0.0,0.0,0.0,0.0,-0.0,0.0,0.0,-1.0,0.001299241243114017,0.0,-0.0,-0.002027373006812068,1.156510484180164,3.0,,,,,,,,,,,,
2026-04-14,策略2_仅板块互斥_6板块槽位,0.0,1.0,4.0,0.0,0.0,棕榈油:S; 橡胶:S; 沪金:S; 铁矿石:S,0.0,0.01586186125890965,0.0,0.005033219247030374,0.0,0.009119830328738088,-1.0,0.009028177113283409,-1.0,-0.006548788474132317,0.0,-0.0009380863039399889,0.0,-0.0035065349059610895,0.0,-0.10929133858267714,-1.0,-0.003274784161952926,0.0,-0.0010067114093960106,-1.0,-0.011837418814163003,0.0,0.010113780025284402,0.0,0.0,-1.0,-0.0008388698745050623,0.0,0.0,-1.0,-0.0015046961855472347,-1.0,0.0010914647456887194,0.0,-0.0,0.0,-0.0,0.0,-0.0,-1.0,0.0005457973603254876,0.0,-0.0,-1.0,0.001972903135693834,0.0,0.0,0.001266599181655744,1.157975319413003,5.0,,,,,,,,,,,,
2026-04-15,策略2_仅板块互斥_6板块槽位,0.0,0.0,4.0,0.0,0.0,棕榈油:S; 橡胶:S; 沪金:S; 铁矿石:S,0.0,0.008894159501926957,0.0,-0.0010016025641025328,0.0,-0.0031525851197982124,-1.0,0.005148078493949715,-1.0,0.007251153592616966,0.0,0.016901408450704203,0.0,0.016634676903390933,0.0,0.005657708628005631,-1.0,0.0035842293906809264,0.0,0.0,-1.0,-0.0023322378882646433,0.0,-0.002920317062995448,0.0,0.0,0.0,-0.0,0.0,-0.0,-1.0,-0.0008580130823249524,-1.0,-0.0012085255987694943,0.0,0.0,0.0,0.0,0.0,0.0,-1.0,-0.0005973715651134878,0.0,0.0,-1.0,0.0003887063147107739,0.0,-0.0,-0.0022752039314971606,1.1553406894136977,4.0,,,,,,,,,,,,
2026-04-16,策略2_仅板块互斥_6板块槽位,0.0,1.0,3.0,1.0,0.0,棕榈油:S; 橡胶:S; 沪金:S,0.0,0.0061710255656772794,0.0,0.028072989773410884,0.0,0.008011806873286842,-1.0,0.003080586634411908,0.0,0.024214659685863893,0.0,0.1523545706371192,0.0,0.0034612964128382107,0.0,0.02250351617440227,-1.0,0.0002976190476191576,0.0,0.004702720859926179,-1.0,-0.0009563277016257921,0.0,0.0016736401673640433,0.0,0.0,0.0,0.0,0.0,0.0,-1.0,-0.000513431105735318,-1.0,-0.004035776614310649,0.0,0.0,0.0,0.0,0.0,0.0,-1.0,-4.960317460319293e-05,0.0,0.0,-1.0,0.00015938795027096533,0.0,0.0,-0.004439422944378194,1.1502116434485408,4.0,,,,,,,,,,,,
2026-04-17,策略2_仅板块互斥_6板块槽位,1.0,0.0,4.0,2.0,0.0,棕榈油:S; 橡胶:S; 沪金:S; 焦煤:L,0.0,-0.003796728971962593,0.0,-0.004486054222742397,0.0,0.004810709056682683,-1.0,-0.007046632124352303,0.0,-0.005111821086261958,1.0,-0.017628205128205177,0.0,0.0012543116964565115,0.0,0.0027510316368637433,-1.0,-0.010413567390657574,0.0,-0.011033099297893645,-1.0,0.00957243139757491,0.0,0.003341687552213868,0.0,-0.0,0.0,-0.0,0.0,0.0,-1.0,0.0011744386873920505,0.0,-0.0,0.0,-0.0,0.0,0.0,0.0,0.0,-1.0,0.0017355945651095956,0.0,-0.0,-1.0,-0.0015954052329291517,0.0,0.0,0.0013146280195724944,1.1517237439034567,3.0,,,,,,,,,,,,
2026-04-20,策略2_仅板块互斥_6板块槽位,0.0,1.0,3.0,2.0,0.0,棕榈油:S; 橡胶:S; 焦煤:L,0.0,0.002833968533177078,0.0,-0.015478056426332265,0.0,0.0077019150707744455,0.0,0.0008918236845600891,0.0,0.010276172125883054,1.0,0.030587275693311655,0.0,-0.012527403695584138,0.0,-0.020576131687242816,-1.0,0.027059530968129852,0.0,0.0030425963488844854,-1.0,-0.0006321112515802474,0.0,0.004995836802664355,0.0,0.0,0.0,-0.0,0.0,0.0,-1.0,-0.00014863728076001484,0.0,0.0,1.0,0.005097879282218609,0.0,-0.0,0.0,-0.0,-1.0,-0.004509921828021642,0.0,0.0,-1.0,0.00010535187526337457,0.0,0.0,0.0005446720487003268,1.1523510556345853,4.0,,,,,,,,,,,,
2025-07-22,12品种独立等权,,,,,,,,,,,,,,,,,,,,,,,,,,,,,,,,,,,,,,,,,,,,,,,,,,,,,,,0.0,1.0,,0.0,0.0,0.0,0.0,0.0,0.0,0.0,0.0,0.0,0.0,0.0,0.0
2025-07-23,12品种独立等权,,,,,,,,,,,,,,,,,,,,,,,,,,,,,,,,,,,,,,,,,,,,,,,,,,,,,,,0.0,1.0,,-0.0,-0.0,0.0,0.0,-0.0,0.0,-0.0,-0.0,-0.0,0.0,0.0,-0.0
2025-07-24,12品种独立等权,,,,,,,,,,,,,,,,,,,,,,,,,,,,,,,,,,,,,,,,,,,,,,,,,,,,,,,0.0,1.0,,0.0,-0.0,0.0,-0.0,-0.0,0.0,0.0,0.0,0.0,-0.0,0.0,-0.0
2025-07-25,12品种独立等权,,,,,,,,,,,,,,,,,,,,,,,,,,,,,,,,,,,,,,,,,,,,,,,,,,,,,,,0.0,1.0,,-0.0,0.0,-0.0,-0.0,-0.0,0.0,0.0,0.0,0.0,-0.0,-0.0,-0.0
2025-07-28,12品种独立等权,,,,,,,,,,,,,,,,,,,,,,,,,,,,,,,,,,,,,,,,,,,,,,,,,,,,,,,0.0,1.0,,-0.0,-0.0,-0.0,-0.0,-0.0,-0.0,-0.0,-0.0,-0.0,-0.0,0.0,0.0
2025-07-29,12品种独立等权,,,,,,,,,,,,,,,,,,,,,,,,,,,,,,,,,,,,,,,,,,,,,,,,,,,,,,,0.0,1.0,,-0.0,-0.0,0.0,-0.0,0.0,0.0,0.0,0.0,-0.0,-0.0,0.0,-0.0
2025-07-30,12品种独立等权,,,,,,,,,,,,,,,,,,,,,,,,,,,,,,,,,,,,,,,,,,,,,,,,,,,,,,,0.0,1.0,,0.0,0.0,0.0,0.0,-0.0,0.0,0.0,-0.0,-0.0,0.0,0.0,0.0
2025-07-31,12品种独立等权,,,,,,,,,,,,,,,,,,,,,,,,,,,,,,,,,,,,,,,,,,,,,,,,,,,,,,,0.012538688005955997,1.012538688005956,,0.011275814012416063,0.005575757575757567,0.0143361270401412,0.004523249502442539,-0.0,0.07910750507099396,0.009884678747940745,-0.0,0.025761124121779888,-0.0,-0.0,-0.0
2025-08-01,12品种独立等权,,,,,,,,,,,,,,,,,,,,,,,,,,,,,,,,,,,,,,,,,,,,,,,,,,,,,,,0.005737549614617421,1.0183481789651099,,-0.0046130189646336195,-0.0,0.0011188185276348461,-0.0005712208547541398,0.0,0.037444933920704804,0.01331114808652245,0.00498960498960499,0.01717032967032972,0.0,0.0,0.0
2025-08-04,12品种独立等权,,,,,,,,,,,,,,,,,,,,,,,,,,,,,,,,,,,,,,,,,,,,,,,,,,,,,,,-0.009307355557996111,1.0088700503816437,,0.0008928571428571397,-0.0007313505607020598,0.0029121863799282943,-0.013883122275274884,0.0,-0.04439359267734555,0.009696458684654297,0.001253656498119482,-0.06743535988819005,0.0,-0.0,-0.0
2025-08-05,12品种独立等权,,,,,,,,,,,,,,,,,,,,,,,,,,,,,,,,,,,,,,,,,,,,,,,,,,,,,,,-0.004840119041446471,1.0039869992404464,,-0.003191625175539281,-0.001705237515225333,-0.0056167153448662965,0.0,0.0,-0.0359333917616127,0.003405704555129896,-0.0029288702928871313,-0.012111292962356801,0.0,0.0,-0.0
2025-08-06,12品种独立等权,,,,,,,,,,,,,,,,,,,,,,,,,,,,,,,,,,,,,,,,,,,,,,,,,,,,,,,-0.0009014370100863164,1.0030819682016856,,-0.0,0.0,-0.0,0.0,-0.0,0.0,-0.008970525416488684,0.0004171881518565401,-0.0022639068564036524,0.0,-0.0,0.0
2025-08-07,12品种独立等权,,,,,,,,,,,,,,,,,,,,,,,,,,,,,,,,,,,,,,,,,,,,,,,,,,,,,,,0.000877385810480182,1.0039620580873343,,0.0,0.004842615012106588,-0.008936550491510209,0.001709881584320172,-0.0,0.0,0.007620660457239636,0.0033388981636059967,0.0,0.001953125,-0.0,0.0
2025-08-08,12品种独立等权,,,,,,,,,,,,,,,,,,,,,,,,,,,,,,,,,,,,,,,,,,,,,,,,,,,,,,,0.0007128338526310729,1.004677716229096,,0.0,-0.00313253012048198,-0.0,0.003541311049400031,-0.0,-0.0,0.0008532423208190698,0.0020938023450586263,0.0,0.005198180636777128,0.0,-0.0
2025-08-11,12品种独立等权,,,,,,,,,,,,,,,,,,,,,,,,,,,,,,,,,,,,,,,,,,,,,,,,,,,,,,,-0.0005719053610724797,1.0041031356570347,,0.006752452541725074,0.0007251631617113397,0.0033311125916055673,-0.010561056105610533,0.0,0.0,0.0,0.0,0.0,-0.007110536522301203,0.0,0.0
2025-08-12,12品种独立等权,,,,,,,,,,,,,,,,,,,,,,,,,,,,,,,,,,,,,,,,,,,,,,,,,,,,,,,0.0008038676739298886,1.004910301709081,,0.0,0.0016908212560386993,0.0017706949977867037,-0.0,0.0,0.0,0.0,0.0,0.0,0.006184895833333259,0.0,-0.0
2025-08-13,12品种独立等权,,,,,,,,,,,,,,,,,,,,,,,,,,,,,,,,,,,,,,,,,,,,,,,,,,,,,,,0.001863765814659607,1.0067832191762056,,0.004555808656036442,0.0026525198938991412,-0.001325673884224443,0.0,-0.0,-0.0,0.0,-0.006810897435897467,-0.0,0.02329343254610161,0.0,-0.0
2025-08-14,12品种独立等权,,,,,,,,,,,,,,,,,,,,,,,,,,,,,,,,,,,,,,,,,,,,,,,,,,,,,,,-0.004371405036223862,1.002382161941513,,-0.005416981607457849,-0.003607503607503615,-0.005309734513274322,-0.0012600936069537827,-0.0,-0.0,-0.012695725772323363,-0.01774909237595801,-0.0,-0.001896933291179237,-0.0,-0.004520795660036159
2025-08-15,12品种独立等权,,,,,,,,,,,,,,,,,,,,,,,,,,,,,,,,,,,,,,,,,,,,,,,,,,,,,,,-0.0016539040580386226,1.0007243180161722,,0.00139328689043694,0.0,0.0,0.0037241556440221757,0.0,-0.01317957166392092,0.0,-0.0,0.0,-0.0063351282863477465,0.0,-0.00544959128065392
2025-08-18,12品种独立等权,,,,,,,,,,,,,,,,,,,,,,,,,,,,,,,,,,,,,,,,,,,,,,,,,,,,,,,0.004032679762658771,1.0047599187214367,,-0.0,-0.0,-0.0,-0.0023975251353440807,0.005154639175257714,0.03455284552845528,0.0,-0.0,0.005344231373781816,0.00573796620975453,0.0,-0.0
2025-08-19,12品种独立等权,,,,,,,,,,,,,,,,,,,,,,,,,,,,,,,,,,,,,,,,,,,,,,,,,,,,,,,-0.00019207289859495455,1.0045669315714558,,-0.0,0.002427773731488281,-0.0,0.0033433634236041954,0.0012953367875647714,-0.005894736842105175,-0.0,-0.0,-0.003476611883691527,0.0,0.0,-0.0
2025-08-20,12品种独立等权,,,,,,,,,,,,,,,,,,,,,,,,,,,,,,,,,,,,,,,,,,,,,,,,,,,,,,,0.003860217327065587,1.008444778246905,,0.00316896945113454,0.00048673643222196805,-0.002702094122945198,0.0030707300079994004,0.0025940337224383825,0.02678945165341151,0.0,0.0,0.012598425196850394,0.00031635558367604233,-0.0,0.0
2025-08-21,12品种独立等权,,,,,,,,,,,,,,,,,,,,,,,,,,,,,,,,,,,,,,,,,,,,,,,,,,,,,,,0.0017401799584089346,1.0101996536391724,,0.0016531027466938353,-0.0026783540297052877,0.0011228385358185156,0.0,-0.004551365409622976,0.013333333333333308,0.0,0.0,-0.002870813397129135,0.014873417721518956,-0.0,-0.0
2025-08-22,12品种独立等权,,,,,,,,,,,,,,,,,,,,,,,,,,,,,,,,,,,,,,,,,,,,,,,,,,,,,,,-8.890802620228899e-05,1.0101098387818972,,-0.0017832123296395164,-0.0019426906265176402,-0.001573741007194318,-0.0,0.003236245954692518,-0.013077593722754965,0.0,-0.0,0.006043256997455448,0.008030838419531006,0.0,0.0
2025-08-25,12品种独立等权,,,,,,,,,,,,,,,,,,,,,,,,,,,,,,,,,,,,,,,,,,,,,,,,,,,,,,,-0.007576692519684458,1.0024565471223386,,-0.013223140495867813,0.0,-0.005387205387205496,0.0,0.0,-0.0460413080895008,-0.0,0.0,-0.017919999999999936,-0.009391191709844593,0.0010425354462051395,-0.0
2025-08-26,12品种独立等权,,,,,,,,,,,,,,,,,,,,,,,,,,,,,,,,,,,,,,,,,,,,,,,,,,,,,,,0.0019351463073139785,1.0043964472077451,,-0.0,-0.0,-0.0,0.0,-0.0,-0.0,0.0,-0.0,0.0012574662055957475,0.011549566891241536,0.008557712377374238,0.0018570102135562205
2025-08-27,12品种独立等权,,,,,,,,,,,,,,,,,,,,,,,,,,,,,,,,,,,,,,,,,,,,,,,,,,,,,,,0.0021402796936444146,1.0065461365280726,,0.0,0.004586048756939354,0.0,5.120852109796736e-05,-0.0012878300064391723,-0.0,-0.0,-0.0,0.00786905886056033,0.011684518013631906,-0.0,0.002780352177942591
2025-08-28,12品种独立等权,,,,,,,,,,,,,,,,,,,,,,,,,,,,,,,,,,,,,,,,,,,,,,,,,,,,,,,0.002795695645961623,1.0093601331794235,,-0.0,-0.0028832292167226825,-0.006275212909009453,0.0026371037943571096,0.01934235976789167,0.0,-0.0,0.0,0.0,0.0019704433497537144,0.009052631578947423,0.009704251386321694
2025-08-29,12品种独立等权,,,,,,,,,,,,,,,,,,,,,,,,,,,,,,,,,,,,,,,,,,,,,,,,,,,,,,,0.001195814687329248,1.010567140851484,,0.0,-0.00048192771084332175,-0.0013531799729363803,0.005362477975536795,-0.003795066413662229,-0.0,0.0016694490818029983,0.005056890012642201,-0.0,-0.005264889766370517,0.010410027618440565,0.0027459954233408634
2025-09-01,12品种独立等权,,,,,,,,,,,,,,,,,,,,,,,,,,,,,,,,,,,,,,,,,,,,,,,,,,,,,,,-0.0022356569110812685,1.0083078594389276,,0.0,-0.004580520732883286,0.0,0.01877016077823801,-0.02730158730158727,-0.0,0.0025083612040134318,-0.010165184243964509,0.0,0.0003273322422258085,-0.007299270072992803,0.0009128251939753973
2025-09-02,12品种独立等权,,,,,,,,,,,,,,,,,,,,,,,,,,,,,,,,,,,,,,,,,,,,,,,,,,,,,,,0.001075625874251344,1.0093924214617511,,-0.0,0.0,0.0,0.004961356270256623,0.0,-0.0,0.0033528918692372622,0.005450733752620507,0.0,-0.0,-0.004049445865302648,0.0031919744642043835
2025-09-03,12品种独立等权,,,,,,,,,,,,,,,,,,,,,,,,,,,,,,,,,,,,,,,,,,,,,,,,,,,,,,,0.0013649527566758173,1.0107701944299932,,0.0,-0.0,-0.0,0.012999578257957278,0.0,-0.0,0.005046257359125339,-0.004215851602023646,0.0,0.0,0.00573126724686901,-0.0031818181818181746
2025-09-04,12品种独立等权,,,,,,,,,,,,,,,,,,,,,,,,,,,,,,,,,,,,,,,,,,,,,,,,,,,,,,,0.0017401119633239464,1.0125290477374922,,-0.0,0.005070014485755725,-0.0,-0.00213062963779298,0.0,-0.0,0.01606086221470837,-0.0,0.0,-0.005870841487279899,0.0,0.007751937984496138
2025-09-05,12品种独立等权,,,,,,,,,,,,,,,,,,,,,,,,,,,,,,,,,,,,,,,,,,,,,,,,,,,,,,,0.0019594941822982195,1.0145130925159418,,0.0,-0.004367871875758267,0.0,0.0031904972267216003,-0.0,0.0,-0.0034364261168384758,0.015559293523969675,0.0,0.006233595800524849,0.0,0.0063348416289592535
2025-09-08,12品种独立等权,,,,,,,,,,,,,,,,,,,,,,,,,,,,,,,,,,,,,,,,,,,,,,,,,,,,,,,0.0007602244065773681,1.0152843501296647,,-0.0,-0.0012080212611742525,0.0,0.009369801350425533,0.0,-0.0,-0.0038527397260272878,-0.0028985507246376274,-0.0,0.0045647212259536385,-0.0,0.003147482014388414
2025-09-09,12品种独立等权,,,,,,,,,,,,,,,,,,,,,,,,,,,,,,,,,,,,,,,,,,,,,,,,,,,,,,,-0.0008747134321096436,1.0143962672711955,,0.0,-0.0014478764478764727,-0.0,0.0,0.0,-0.0,0.0025586353944563323,-0.004152823920265836,-0.0,-0.0019474196689386325,0.0021128248468202937,-0.007619901389511408
2025-09-10,12品种独立等权,,,,,,,,,,,,,,,,,,,,,,,,,,,,,,,,,,,,,,,,,,,,,,,,,,,,,,,-0.002685680258563907,1.0116719232418243,,-0.0017576898932831764,0.0,0.0,-0.0,0.0,-0.00578549176680021,0.0,0.0037531276063387242,0.0,-0.0029268292682926855,-0.025511279780729534,-0.0
2025-09-11,12品种独立等权,,,,,,,,,,,,,,,,,,,,,,,,,,,,,,,,,,,,,,,,,,,,,,,,,,,,,,,0.001011211995646984,1.0126949380262655,,-0.004261185612232099,0.0,0.0,-0.0,-0.0,0.021933751119068923,-0.002128565346956157,-0.0083090984628168,-0.0,0.0071754729288975305,0.0,-0.002275830678197588
2025-09-12,12品种独立等权,,,,,,,,,,,,,,,,,,,,,,,,,,,,,,,,,,,,,,,,,,,,,,,,,,,,,,,-0.0017330238910410467,1.0109399135043298,,-0.011606140022463407,0.0,0.0,-0.004634743768310967,0.0,0.0026281208935610145,-0.008532423208191142,-0.0033514872224549297,0.005344231373781816,-0.0029145077720207357,-0.0,0.002270663033605791
2025-09-15,12品种独立等权,,,,,,,,,,,,,,,,,,,,,,,,,,,,,,,,,,,,,,,,,,,,,,,,,,,,,,,0.003053521863107811,1.0140268406325035,,-0.0,-0.0,0.0002241649854293204,0.0031074459184893266,-0.0,0.03757099169943201,0.005163511187607606,0.0,-0.01106194690265494,-0.012016888600194897,0.0,0.013654984069185305
2025-09-16,12品种独立等权,,,,,,,,,,,,,,,,,,,,,,,,,,,,,,,,,,,,,,,,,,,,,,,,,,,,,,,0.0025562184865306667,1.0166189147883666,,-0.0,-0.0,-0.002465262214253694,-0.012564440714542657,0.0,0.044631578947368356,0.003424657534246478,-0.0,-0.0028133791809941133,-0.0,0.0,0.00046146746654363024
2025-09-17,12品种独立等权,,,,,,,,,,,,,,,,,,,,,,,,,,,,,,,,,,,,,,,,,,,,,,,,,,,,,,,0.0016397940202639387,1.0182859604057237,,-0.0,-0.0,0.001348011682767991,0.00821710199152248,-0.001244555071561848,-0.006045949214026569,0.005119453924914641,0.0,0.009975062344139696,-0.0,-0.0,0.0023084025854108736
2025-09-18,12品种独立等权,,,,,,,,,,,,,,,,,,,,,,,,,,,,,,,,,,,,,,,,,,,,,,,,,,,,,,,-0.0025293723707908258,1.0157103360319093,,-0.0,-0.0,-0.01076957594794703,0.012917243684637758,0.005593536357986317,-0.023925385239253805,-0.009762308998302216,-0.0,-0.0,0.0029980013324449883,-0.0,-0.007403979639055924
2025-09-19,12品种独立等权,,,,,,,,,,,,,,,,,,,,,,,,,,,,,,,,,,,,,,,,,,,,,,,,,,,,,,,-0.0005723662186001843,1.0151289777476817,,0.0,-0.0004811161895597049,-0.0,-0.004523354539077262,-0.009374999999999911,0.023680930619027762,-0.013287612516073688,0.0,-0.0,-0.007016371533578258,0.0,0.00413412953605885
2025-09-22,12品种独立等权,,,,,,,,,,,,,,,,,,,,,,,,,,,,,,,,,,,,,,,,,,,,,,,,,,,,,,,-0.002774850265731127,1.0123121468340273,,-0.003882279273638156,0.0024044241404184152,0.0,-0.01919187054517435,0.0,-0.011769480519480569,-0.003909643788010397,-0.0,0.0,-0.006635700066357053,0.0,0.009686346863468587
2025-09-23,12品种独立等权,,,,,,,,,,,,,,,,,,,,,,,,,,,,,,,,,,,,,,,,,,,,,,,,,,,,,,,0.002521876457606468,1.0148650730048772,,0.0029940119760478723,0.002892263195950817,-0.0,-0.010561134081512158,-0.0,0.0,-0.0,-0.0,-0.0,0.03493737640079109,-0.0,0.0
2025-09-24,12品种独立等权,,,,,,,,,,,,,,,,,,,,,,,,,,,,,,,,,,,,,,,,,,,,,,,,,,,,,,,-0.0006014059474244345,1.0142547271141387,,-0.0005005005005005447,-0.0009668842156151936,0.0,0.0,0.0,-0.005749486652977476,0.0,0.0,0.0,0.0,0.0,0.0
2025-09-25,12品种独立等权,,,,,,,,,,,,,,,,,,,,,,,,,,,,,,,,,,,,,,,,,,,,,,,,,,,,,,,-0.003749544855128406,1.0104517335202983,,-0.03439219609804911,-0.0028978507606858273,0.0,-0.0,0.0,-0.008166598611678344,0.0,0.0,-0.0,0.0,0.0,0.00046210720887240875
2025-09-26,12品种独立等权,,,,,,,,,,,,,,,,,,,,,,,,,,,,,,,,,,,,,,,,,,,,,,,,,,,,,,,0.003145789257734205,1.0136304017290654,,-0.0,0.0009631591620514746,-0.0,0.0,-0.0,0.030781692993114618,-0.0,-0.0,-0.0,-0.0,0.0,0.006004618937644368
2025-09-29,12品种独立等权,,,,,,,,,,,,,,,,,,,,,,,,,,,,,,,,,,,,,,,,,,,,,,,,,,,,,,,0.002119561155652113,1.0157788533547585,,-0.0,-0.0,-0.0,0.0,-0.0,0.035520267446719545,0.0,0.0,-0.0,-0.0013619339462036528,-0.0,-0.008723599632690537
2025-09-30,12品种独立等权,,,,,,,,,,,,,,,,,,,,,,,,,,,,,,,,,,,,,,,,,,,,,,,,,,,,,,,0.0006813097830453511,1.0164709134249597,,0.0,-0.0,0.0,0.0,0.004464285714285698,0.024263431542461023,-0.0,-0.013141161509114041,-0.0,-0.0,-0.0,-0.007410838351088467
2025-10-09,12品种独立等权,,,,,,,,,,,,,,,,,,,,,,,,,,,,,,,,,,,,,,,,,,,,,,,,,,,,,,,-0.005616086140655656,1.010762325215694,,0.0,0.0,0.0,0.0,-0.012812299807815508,-0.03374777975133214,-0.002176752285589889,-0.01632302405498287,0.0,0.0,0.0,-0.002333177788147456
2025-10-10,12品种独立等权,,,,,,,,,,,,,,,,,,,,,,,,,,,,,,,,,,,,,,,,,,,,,,,,,,,,,,,-0.0010566377189678011,1.0096943156179596,,-0.0,-0.0,-0.0,-0.0,-0.005692599620493288,0.002577319587628857,-0.010907504363001697,0.007423580786026118,-0.0,-0.0,-0.0,-0.006080449017773604
2025-10-13,12品种独立等权,,,,,,,,,,,,,,,,,,,,,,,,,,,,,,,,,,,,,,,,,,,,,,,,,,,,,,,-0.0003901101534346252,1.0093004236135719,,-0.0,-0.0,-0.0,0.0,-0.011949685534591303,0.012919896640826822,-0.005293339214821335,0.015171218032076217,-0.0,0.0,-0.0,-0.015529411764705903
2025-10-14,12品种独立等权,,,,,,,,,,,,,,,,,,,,,,,,,,,,,,,,,,,,,,,,,,,,,,,,,,,,,,,-0.0029649596189471237,1.0063078886141714,,-0.0,-0.0,-0.0,0.0,-0.0,-0.00654450261780104,-0.0,-0.029035012809564442,-0.0,-0.0,-0.0,0.0
2025-10-15,12品种独立等权,,,,,,,,,,,,,,,,,,,,,,,,,,,,,,,,,,,,,,,,,,,,,,,,,,,,,,,0.00106011721429064,1.0073746929297678,,0.0,0.0,-0.0,0.0,-0.0,0.0021673168617252214,-0.0,0.01055408970976246,0.0,0.0,-0.0,0.0
2025-10-16,12品种独立等权,,,,,,,,,,,,,,,,,,,,,,,,,,,,,,,,,,,,,,,,,,,,,,,,,,,,,,,0.000761531766753698,1.0081418407594576,,-0.0,0.0,-0.0,0.0,-0.0,0.0,0.0,0.009138381201044377,0.0,-0.0,-0.0,0.0
2025-10-17,12品种独立等权,,,,,,,,,,,,,,,,,,,,,,,,,,,,,,,,,,,,,,,,,,,,,,,,,,,,,,,-0.0016889463849360335,1.0064391432420041,,-0.0,-0.0,-0.0,0.0,-0.0,-0.0,-0.0,-0.0202673566192324,-0.0,-0.0,-0.0,-0.0
2025-10-20,12品种独立等权,,,,,,,,,,,,,,,,,,,,,,,,,,,,,,,,,,,,,,,,,,,,,,,,,,,,,,,0.0031322529609126106,1.0095915652284022,,0.0,0.0,0.0,-0.0,-0.0,0.031382527565733565,-0.0,-0.002640845070422504,0.0,0.0,-0.0010743446497636366,0.009919697685403905
2025-10-21,12品种独立等权,,,,,,,,,,,,,,,,,,,,,,,,,,,,,,,,,,,,,,,,,,,,,,,,,,,,,,,-0.0020380549952667693,1.0075339620957093,,0.0,0.0,-0.005491990846681949,0.0,0.0,-0.032072368421052655,0.006843065693430628,0.0008826125330980705,0.0,-0.0,0.0025756600128783447,0.00280636108512633
2025-10-22,12品种独立等权,,,,,,,,,,,,,,,,,,,,,,,,,,,,,,,,,,,,,,,,,,,,,,,,,,,,,,,0.004209127134578004,1.0117748006345755,,0.0,0.0,-0.001365498406918464,-0.0,0.0,0.027612574341546292,0.015405527865881341,-0.0,0.0,-0.0,0.01398751882935223,-0.005130597014925353
2025-10-23,12品种独立等权,,,,,,,,,,,,,,,,,,,,,,,,,,,,,,,,,,,,,,,,,,,,,,,,,,,,,,,0.004946492081855482,1.0167795366745351,,0.0,0.0,0.0,-0.0,0.0,0.04051260851591576,0.0058009817045960865,0.0,0.006270627062706202,0.0,0.0034919249236141647,0.003281762775433572
2025-10-24,12品种独立等权,,,,,,,,,,,,,,,,,,,,,,,,,,,,,,,,,,,,,,,,,,,,,,,,,,,,,,,-0.00016667429401677944,1.0166100656630892,,0.0,0.0,0.0,-0.0,-0.0,-0.007945967421533529,0.002218278615794045,-0.0,0.005903574942604184,-0.0,0.0010950503723171634,-0.003271028037383217
2025-10-27,12品种独立等权,,,,,,,,,,,,,,,,,,,,,,,,,,,,,,,,,,,,,,,,,,,,,,,,,,,,,,,0.004938482267624528,1.021630576445455,,0.0,0.0,0.0004473272198612932,-0.0,0.020103761348897464,0.012014417300760805,0.021691013722886288,-0.0,0.002934463645255958,-0.00034094783498128667,0.0024117518088138112,-0.0
2025-10-28,12品种独立等权,,,,,,,,,,,,,,,,,,,,,,,,,,,,,,,,,,,,,,,,,,,,,,,,,,,,,,,0.0028088351954677258,1.024500168365341,,-0.0,-0.0,-0.0024591996422982376,-0.0,0.0076287349014620975,-0.0,-0.0004332755632582286,-0.0,-0.0013003901170350884,0.014665757162346527,0.015604395604395638,0.0
2025-10-29,12品种独立等权,,,,,,,,,,,,,,,,,,,,,,,,,,,,,,,,,,,,,,,,,,,,,,,,,,,,,,,0.004456160278514411,1.029065505320942,,0.0,0.0,0.005378753922008039,0.0,0.015141955835962229,0.0,0.004768097095795509,0.0,0.01725260416666674,-0.002016806722689113,0.01294931904442953,-0.0
2025-10-30,12品种独立等权,,,,,,,,,,,,,,,,,,,,,,,,,,,,,,,,,,,,,,,,,,,,,,,,,,,,,,,-0.0020013863097722295,1.027005947706734,,-0.0,-0.0,-0.002897904592064182,0.0,-0.0024860161591050423,-0.0,-0.014236410698878377,-0.0,-0.014399999999999968,0.008420343550016751,0.001583352182764064,-0.0
2025-10-31,12品种独立等权,,,,,,,,,,,,,,,,,,,,,,,,,,,,,,,,,,,,,,,,,,,,,,,,,,,,,,,-0.00031675165965214247,1.0266806418683252,,-0.0,0.0,-0.0,0.0,-0.0031152647975077885,-0.0,0.0035010940919038003,-0.0,-0.020454545454545503,0.009018036072144353,0.0072496601721794285,0.0
2025-11-03,12品种独立等权,,,,,,,,,,,,,,,,,,,,,,,,,,,,,,,,,,,,,,,,,,,,,,,,,,,,,,,-0.0019078425848823022,1.0247218968186944,,0.0,-0.014084507042253502,0.0,0.0,-0.021874999999999978,-0.0,0.0,-0.0,0.0,0.0016550810989739428,0.011410314924691911,0.0
2025-11-04,12品种独立等权,,,,,,,,,,,,,,,,,,,,,,,,,,,,,,,,,,,,,,,,,,,,,,,,,,,,,,,0.002605893376888222,1.0273922128227666,,0.017869415807560185,0.006249999999999978,0.0,-0.007587417893299198,-0.0,-0.0,-0.0017406440382941035,-0.0,0.014574362371646221,-0.0036351619299405113,0.005540166204986097,-0.0
2025-11-05,12品种独立等权,,,,,,,,,,,,,,,,,,,,,,,,,,,,,,,,,,,,,,,,,,,,,,,,,,,,,,,0.0007629900688113737,1.0281761028779244,,0.0008164217401446239,-0.0,-0.0,-0.0036261167784356063,0.0,-0.012370311252992927,0.0008688097306689402,0.0,0.001680672268907557,0.019237147595356552,0.003017641597028775,-0.0004683840749414303
2025-11-06,12品种独立等权,,,,,,,,,,,,,,,,,,,,,,,,,,,,,,,,,,,,,,,,,,,,,,,,,,,,,,,-0.0037756235897937287,1.0242940969294363,,-0.007587253414264028,0.0,0.0,0.006072830114221883,-0.0019329896907216426,-0.017343318880567615,-0.019130434782608674,-0.0,-0.013131313131313105,-0.0016270745200129832,0.0,0.009372071227741419
2025-11-07,12品种独立等权,,,,,,,,,,,,,,,,,,,,,,,,,,,,,,,,,,,,,,,,,,,,,,,,,,,,,,,0.0040653731929432,1.028458234692783,,0.004402224281742306,-0.0,0.0,0.003769884506428456,0.021864951768488794,0.015885315769081698,0.005119453924914641,-0.0,0.003323363243602495,-0.0032594524119947677,-0.0,-0.00232126276694522
2025-11-10,12品种独立等权,,,,,,,,,,,,,,,,,,,,,,,,,,,,,,,,,,,,,,,,,,,,,,,,,,,,,,,0.0014804170503717,1.0299807817990174,,-0.0062834535722597895,0.0,-0.0,0.01597811692681761,-0.00591715976331364,0.0035433070866142113,0.0,-0.0,0.0,0.0,0.0034642032332563577,0.00697999069334565
2025-11-11,12品种独立等权,,,,,,,,,,,,,,,,,,,,,,,,,,,,,,,,,,,,,,,,,,,,,,,,,,,,,,,0.006336164756458253,1.0365069097284816,,0.0,-0.0,0.0,0.013782345776619076,0.002614379084967311,0.041485578822599734,-0.0,-0.0,-0.0,0.002938295788442735,0.009205983889528202,0.00600739371534198
2025-11-12,12品种独立等权,,,,,,,,,,,,,,,,,,,,,,,,,,,,,,,,,,,,,,,,,,,,,,,,,,,,,,,-0.0022894694375808953,1.0341338588368167,,0.0,0.0,-0.00022050716648291946,-0.0032880870078407787,-0.014416775884665833,-0.004946413849958864,0.0,0.0,0.0,-0.0016371971185331624,-0.0029646522234891837,0.0
2025-11-13,12品种独立等权,,,,,,,,,,,,,,,,,,,,,,,,,,,,,,,,,,,,,,,,,,,,,,,,,,,,,,,0.002737306630816644,1.0369646003057629,,0.0,0.0,-0.002645502645502562,0.019095753679580607,-0.0,0.004101722723543921,0.0,-0.0,0.011169513797634645,-0.003922850604772821,0.0009149130832570851,0.00413412953605885
2025-11-14,12品种独立等权,,,,,,,,,,,,,,,,,,,,,,,,,,,,,,,,,,,,,,,,,,,,,,,,,,,,,,,-0.0012038246235499817,1.0357162767861652,,-0.007424328954882875,-0.0,0.01385224274406327,-0.007989043597352197,0.0,0.018121911037891292,0.0,-0.0,-0.011371020142949995,-0.006838163464669478,-0.012340036563071255,-0.00045745654162854255
2025-11-17,12品种独立等权,,,,,,,,,,,,,,,,,,,,,,,,,,,,,,,,,,,,,,,,,,,,,,,,,,,,,,,-0.00043302064651065675,1.0352677902543896,,-0.005178365937859586,-0.0,-0.0017837235228539416,-0.024892272936451465,0.02071197411003234,-0.015100671140939603,-0.0,-0.0,0.006572461386789463,0.015847347994825345,0.0,-0.0013729977116704317
2025-11-18,12品种独立等权,,,,,,,,,,,,,,,,,,,,,,,,,,,,,,,,,,,,,,,,,,,,,,,,,,,,,,,0.0036320518946572344,1.0390279365934607,,-0.009253903990746104,-0.0,0.00689962163365232,-0.0,0.00443880786303108,0.04214876033057846,-0.0,0.0,-0.0013059092393078453,0.0006572461386789019,0.0,-0.0
2025-11-19,12品种独立等权,,,,,,,,,,,,,,,,,,,,,,,,,,,,,,,,,,,,,,,,,,,,,,,,,,,,,,,-0.0009666738835187594,1.0380235354229095,,0.0,-0.004891684136967056,-0.005602868668758365,-0.02031823214014361,-0.0006313131313131493,0.016824849007765263,0.0,-0.0,0.0,0.006247944755014778,0.0,-0.0032287822878229733
2025-11-20,12品种独立等权,,,,,,,,,,,,,,,,,,,,,,,,,,,,,,,,,,,,,,,,,,,,,,,,,,,,,,,0.002739672525350743,1.040867379983575,,0.0,0.0018544274455262189,0.002228660574994379,0.004893304682679678,-0.0037902716361338795,0.022817025010969716,-0.0,0.0,-0.0,0.0016545334215750662,-0.0,0.003218390804597737
2025-11-21,12品种独立等权,,,,,,,,,,,,,,,,,,,,,,,,,,,,,,,,,,,,,,,,,,,,,,,,,,,,,,,0.0014995543591151221,1.0424282172004902,,0.005456867525833076,0.008824895494658591,-0.00022336385972754336,0.009107818613302565,-0.0038046924540265925,0.009429726088908796,-0.0,-0.0,-0.0,0.0016572754391780409,-0.0,-0.012453874538745469
2025-11-24,12品种独立等权,,,,,,,,,,,,,,,,,,,,,,,,,,,,,,,,,,,,,,,,,,,,,,,,,,,,,,,-0.0012990352741869178,1.0410740661755389,,-0.004903105300023247,-0.0018744142455482393,0.0,-0.003646406455649842,0.0,0.005893019038984537,0.0,0.0,0.0,0.00033200531208499307,-0.0,-0.011389521640091216
2025-11-25,12品种独立等权,,,,,,,,,,,,,,,,,,,,,,,,,,,,,,,,,,,,,,,,,,,,,,,,,,,,,,,-0.0019426149847237284,1.039051660094379,,-0.006040892193308611,-0.003975678203928856,-0.0,-0.017391865164674503,0.0,0.009575923392612817,-0.0,-0.004814636494944624,-0.0,-0.0006642311524409639,-0.0,0.0
2025-11-26,12品种独立等权,,,,,,,,,,,,,,,,,,,,,,,,,,,,,,,,,,,,,,,,,,,,,,,,,,,,,,,0.0011871424329887674,1.0402851624101446,,-0.0,0.0004658746797111535,-0.0,0.0,0.0,0.0013812154696132284,0.0,0.013062409288824295,0.0,-0.0006637902422834685,0.0,-0.0
2025-11-27,12品种独立等权,,,,,,,,,,,,,,,,,,,,,,,,,,,,,,,,,,,,,,,,,,,,,,,,,,,,,,,0.0007959248646927652,1.0411131512372778,,0.0,0.0,0.0,0.0,0.0,-0.0,-0.0,0.009551098376313183,0.0,0.0,0.0,0.0
2025-11-28,12品种独立等权,,,,,,,,,,,,,,,,,,,,,,,,,,,,,,,,,,,,,,,,,,,,,,,,,,,,,,,-0.004900499669416118,1.0360111765838147,,0.0,0.0,0.0,0.0,-0.0,-0.0,0.0,0.009933774834437026,0.0,-0.06873977086743044,0.0,0.0
2025-12-01,12品种独立等权,,,,,,,,,,,,,,,,,,,,,,,,,,,,,,,,,,,,,,,,,,,,,,,,,,,,,,,0.002492776925578699,1.0385937213394445,,0.021159784970833817,0.011800092549745456,0.0,0.0,0.0,0.0,0.0,0.00046838407494154133,-0.0,-0.0035149384885764245,0.0,-0.0
2025-12-02,12品种独立等权,,,,,,,,,,,,,,,,,,,,,,,,,,,,,,,,,,,,,,,,,,,,,,,,,,,,,,,0.0007165132362604113,1.0393378874878811,,-0.0040322580645161255,0.002058083695403612,0.0,-0.0,-0.0,0.0,-0.0,-0.0018726591760299671,0.0,0.004585537918871285,0.007859454461396131,0.0
2025-12-03,12品种独立等权,,,,,,,,,,,,,,,,,,,,,,,,,,,,,,,,,,,,,,,,,,,,,,,,,,,,,,,-0.0002986012090262687,1.0390275399380904,,0.003261358524516478,0.001369237790963096,0.0,-0.0,-0.0,-0.0,-0.0,-0.0018761726078799779,-0.0,-0.000351123595505598,0.0011467889908256534,-0.007133303611234876
2025-12-04,12品种独立等权,,,,,,,,,,,,,,,,,,,,,,,,,,,,,,,,,,,,,,,,,,,,,,,,,,,,,,,5.5576904151930874e-05,1.0390852858720887,,0.019840825019616704,0.005469462169553241,0.0,-0.0,-0.0,0.0,-0.0,-0.0,-0.0,-0.004917456972251544,-0.007331042382588748,-0.012394864984506482
2025-12-05,12品种独立等权,,,,,,,,,,,,,,,,,,,,,,,,,,,,,,,,,,,,,,,,,,,,,,,,,,,,,,,0.004395423111608667,1.0436525053525432,,0.019784568036931294,0.015412511332729029,0.0,-0.007992280422059572,-0.0,0.0,-0.0,0.017037387600567944,0.0,-0.0,0.01200092314793455,-0.003498032356799241
2025-12-08,12品种独立等权,,,,,,,,,,,,,,,,,,,,,,,,,,,,,,,,,,,,,,,,,,,,,,,,,,,,,,,-0.0009400579243816857,1.0426714115445856,,0.0020478551411942103,-0.0022321428571429047,-0.0,0.0024348622325812697,-0.0,-0.0,0.0,-0.00577756379393346,0.0,-0.0,-0.007753705815279344,-0.0
2025-12-09,12品种独立等权,,,,,,,,,,,,,,,,,,,,,,,,,,,,,,,,,,,,,,,,,,,,,,,,,,,,,,,-0.002102750852230356,1.0404789333453641,,-0.02022157685274817,-0.023489932885906062,-0.0,0.007468446855116384,-0.0,-0.0,-0.0,0.011010052656773572,-0.0,-0.0,-0.0,-0.0
2025-12-10,12品种独立等权,,,,,,,,,,,,,,,,,,,,,,,,,,,,,,,,,,,,,,,,,,,,,,,,,,,,,,,9.87368700386219e-05,1.040581666978584,,0.0,0.0,0.0,-0.005107509931269405,0.0,-0.0,-0.0,0.006292352371732868,0.0,-0.0,-0.0,0.0
2025-12-11,12品种独立等权,,,,,,,,,,,,,,,,,,,,,,,,,,,,,,,,,,,,,,,,,,,,,,,,,,,,,,,-0.005513202021764881,1.034844730028386,,0.0,0.0009095043201454711,0.0034669555796316143,-0.0015683814303639743,-0.0,-0.0,-0.022963604852686226,-0.03263516804676092,-0.0,-0.0,-0.013367729831144537,0.0
2025-12-12,12品种独立等权,,,,,,,,,,,,,,,,,,,,,,,,,,,,,,,,,,,,,,,,,,,,,,,,,,,,,,,-0.00199612856667609,1.032779046900702,,-0.020149496262593436,-0.00910332271279013,-0.026527505979560884,0.0,0.0,-0.0,0.010165184243964398,0.009905660377358516,0.0,0.0,0.010414255959268703,0.0013416815742397503
2025-12-15,12品种独立等权,,,,,,,,,,,,,,,,,,,,,,,,,,,,,,,,,,,,,,,,,,,,,,,,,,,,,,,0.004561821944771005,1.0374904010209534,,0.017840076457470544,0.011276499774469984,0.007413683541622529,0.0,-0.0,0.0,0.0,0.0,-0.0,-0.0,0.007015902712815714,0.011195700850873291
2025-12-16,12品种独立等权,,,,,,,,,,,,,,,,,,,,,,,,,,,,,,,,,,,,,,,,,,,,,,,,,,,,,,,0.0022046477971910208,1.039777701948171,,0.006162828413882604,0.003421532846715314,-0.0,-0.0,0.010624169986719778,-0.006126295947219695,-0.0,0.0,-0.0,0.0,0.009656146961846468,0.0027173913043477826
2025-12-17,12品种独立等权,,,,,,,,,,,,,,,,,,,,,,,,,,,,,,,,,,,,,,,,,,,,,,,,,,,,,,,0.0009182894008547456,1.0407325187911152,,-0.00979112271540461,-0.003204394598306237,-0.0,0.0,0.009198423127463773,-0.0,0.003427592116538092,0.012682010333489924,0.0,-0.007562117392870049,0.008085612366230732,-0.0018165304268846771
2025-12-18,12品种独立等权,,,,,,,,,,,,,,,,,,,,,,,,,,,,,,,,,,,,,,,,,,,,,,,,,,,,,,,0.0023787254382440504,1.0432081357079714,,0.0023701788407670676,-0.0018252338580879712,0.0,0.0,0.01236979166666674,0.0,0.01366353543979515,0.008348794063079756,-0.0,-0.0032656023222060737,-0.0031167585710860646,-0.0
2025-12-19,12品种独立等权,,,,,,,,,,,,,,,,,,,,,,,,,,,,,,,,,,,,,,,,,,,,,,,,,,,,,,,0.0006210554564884304,1.0438560258129062,,-0.0062634989200864855,-0.010475973582327436,0.0,-0.0,0.003215434083601254,-0.0,0.028222409435551876,-0.011959521619135272,-0.0,-0.004368401892974161,0.009082217973231388,0.0
2025-12-22,12品种独立等权,,,,,,,,,,,,,,,,,,,,,,,,,,,,,,,,,,,,,,,,,,,,,,,,,,,,,,,0.0009345406664372965,1.044831551718934,,-0.012234385061171915,-0.0015776425512734615,0.0,0.0,0.0019230769230769162,0.0,0.032363785333879624,0.0032588454376163423,0.0,0.002193784277879418,-0.014712976362759367,0.0
2025-12-23,12品种独立等权,,,,,,,,,,,,,,,,,,,,,,,,,,,,,,,,,,,,,,,,,,,,,,,,,,,,,,,0.0007577882428419594,1.0456233127845769,,0.0041348600508905875,-0.0,-0.0,0.0,-0.0038387715930902067,0.0,0.008333333333333304,0.00046403712296982924,0.0,0.0,0.0,-0.0
2025-12-24,12品种独立等权,,,,,,,,,,,,,,,,,,,,,,,,,,,,,,,,,,,,,,,,,,,,,,,,,,,,,,,0.0014487566821094384,1.047138166545943,,0.0,0.006082451002477951,0.0,0.0,0.0012845215157353262,0.0,0.0023612750885477762,0.007421150278293043,0.0,-0.0,0.0002356823002591657,0.0
2025-12-25,12品种独立等权,,,,,,,,,,,,,,,,,,,,,,,,,,,,,,,,,,,,,,,,,,,,,,,,,,,,,,,0.0011668282615346914,1.0483599969524005,,0.0,-0.0024630541871921707,-0.0,-0.0,-0.0012828736369467908,-0.0,0.011385944248134994,-0.0,0.0,0.0,0.006361922714420265,-0.0
2025-12-26,12品种独立等权,,,,,,,,,,,,,,,,,,,,,,,,,,,,,,,,,,,,,,,,,,,,,,,,,,,,,,,0.004066668350667694,1.0526233293721128,,0.0,0.005836139169472565,0.0,0.0,0.0,-0.0,0.024844720496894457,-0.0,0.0,0.0,0.0030437836572232424,0.015075376884422065
2025-12-29,12品种独立等权,,,,,,,,,,,,,,,,,,,,,,,,,,,,,,,,,,,,,,,,,,,,,,,,,,,,,,,-0.0028488272285303686,1.0496245873700112,,0.0,0.00736442758312883,0.0,-0.0,-0.01724137931034475,-0.0,-0.02992424242424241,0.0,-0.0,-0.0,-0.006535947712418277,0.012151215121512182
2025-12-30,12品种独立等权,,,,,,,,,,,,,,,,,,,,,,,,,,,,,,,,,,,,,,,,,,,,,,,,,,,,,,,-0.0015856434486888709,1.0479602570194653,,-0.0,-0.00022153300841820656,0.0,-0.0,-0.0,-0.028952205882353033,0.0,0.0,0.0,0.0014419610670513006,0.017152255639097724,-0.008448199199644235
2025-12-31,12品种独立等权,,,,,,,,,,,,,,,,,,,,,,,,,,,,,,,,,,,,,,,,,,,,,,,,,,,,,,,0.0010996144295382277,1.0491126092396665,,0.0,0.01595391092399745,-0.0,0.00739206368547185,0.0,0.004019651630192023,0.006609642301710683,-0.0,-0.0,-0.010439164866810624,-0.008547008547008517,-0.0017937219730941312
2026-01-05,12品种独立等权,,,,,,,,,,,,,,,,,,,,,,,,,,,,,,,,,,,,,,,,,,,,,,,,,,,,,,,0.0038974469263156988,1.0532014699539067,,0.0,0.03140676117775354,0.0,-0.017840337166005193,0.0,0.030941704035874484,0.012524461839530376,-0.0,0.0,0.0018188432157149048,-0.011183597390493905,-0.0008984725965858198
2026-01-06,12品种独立等权,,,,,,,,,,,,,,,,,,,,,,,,,,,,,,,,,,,,,,,,,,,,,,,,,,,,,,,-0.002552663717369776,1.050513000774475,,0.0,0.03171917953055625,0.0,-0.010030150753768785,0.0,-0.01434521055067095,-0.020610384462940834,0.0,-0.01646611779607343,0.0,0.0,-0.0008992805755395628
2026-01-07,12品种独立等权,,,,,,,,,,,,,,,,,,,,,,,,,,,,,,,,,,,,,,,,,,,,,,,,,,,,,,,-0.005289894363028412,1.04495589797339,,-0.0,0.0006148800983807323,0.0,0.006049871639236648,0.0,-0.06204379562043805,-0.0,-0.0,-0.008099688473520272,0.0,0.0,0.0
2026-01-08,12品种独立等权,,,,,,,,,,,,,,,,,,,,,,,,,,,,,,,,,,,,,,,,,,,,,,,,,,,,,,,-0.0017535393912788133,1.0431235266441443,,-0.0,-0.02642359688652196,-0.0,0.0009610571628790865,-0.0,0.0,0.012427184466019425,-0.0,-0.0,-0.0,0.0,-0.008007117437722311
2026-01-09,12品种独立等权,,,,,,,,,,,,,,,,,,,,,,,,,,,,,,,,,,,,,,,,,,,,,,,,,,,,,,,0.001923925428675995,1.0451304185223051,,0.0,0.026088786029875966,0.0,0.0,0.0,0.0,-0.004325599685411019,0.0,-0.0,0.0,0.0,0.0013239187996469948
2026-01-12,12品种独立等权,,,,,,,,,,,,,,,,,,,,,,,,,,,,,,,,,,,,,,,,,,,,,,,,,,,,,,,-0.00018806278876918695,1.0449338683811704,,0.0,0.0,0.0,0.0,0.0,0.0,-0.006656225528582693,0.00439947206335245,0.0,0.0,0.0,0.0
2026-01-13,12品种独立等权,,,,,,,,,,,,,,,,,,,,,,,,,,,,,,,,,,,,,,,,,,,,,,,,,,,,,,,-0.002724863771347961,1.042086565939764,,-0.0,-0.0,-0.004343329886246083,0.0,-0.0,-0.03796445880452337,-0.0,-0.0,0.009609423434593922,-0.0,0.0,-0.0
2026-01-14,12品种独立等权,,,,,,,,,,,,,,,,,,,,,,,,,,,,,,,,,,,,,,,,,,,,,,,,,,,,,,,-0.0011074480223715415,1.040932509233174,,0.0,0.0,-0.008031301482701814,0.012751834167928244,0.0,0.0046179680940385825,-0.0,-0.011047282368537248,-0.011580594679186262,-0.0,-0.0,-0.0
2026-01-15,12品种独立等权,,,,,,,,,,,,,,,,,,,,,,,,,,,,,,,,,,,,,,,,,,,,,,,,,,,,,,,-0.0006271523425340023,1.0402796859715886,,-0.0,-0.0,-0.025127681307456573,-0.005385308265777322,0.00974421437271622,-0.007521938988717114,-0.0,0.006555944055944063,0.010210396039603942,0.003998545983278756,-0.0,0.0
2026-01-16,12品种独立等权,,,,,,,,,,,,,,,,,,,,,,,,,,,,,,,,,,,,,,,,,,,,,,,,,,,,,,,0.002888837764787868,1.0432848852143648,,-0.0,-0.0,-0.0,-0.0023700335273035833,0.0012300123001229846,-0.0,-0.0,0.01495820501539813,0.01000312597686781,0.004744525547445311,0.0,0.006100217864923763
2026-01-19,12品种独立等权,,,,,,,,,,,,,,,,,,,,,,,,,,,,,,,,,,,,,,,,,,,,,,,,,,,,,,,0.004388528690096437,1.047863370865072,,0.0,0.0,-0.0,0.015741187831965098,0.022167487684729092,-0.002988898377455085,0.0,0.012058954890576179,0.005683612251341952,-0.0,-0.0,-0.0
2026-01-20,12品种独立等权,,,,,,,,,,,,,,,,,,,,,,,,,,,,,,,,,,,,,,,,,,,,,,,,,,,,,,,0.005366865440075336,1.0534871125760885,,0.0,-0.0,-0.0,0.007948279140521208,0.00566750629722923,0.04299702000851424,0.0,0.002712477396021651,0.007939028262940573,-0.0033003300330032292,0.0,0.0004384042086803541
2026-01-21,12品种独立等权,,,,,,,,,,,,,,,,,,,,,,,,,,,,,,,,,,,,,,,,,,,,,,,,,,,,,,,-0.0009403299855359851,1.0524964870547575,,0.0,0.0,0.002458009012699658,0.0,0.006966434452184922,-0.004448398576512469,0.0,-0.0013599274705349274,-0.008002560819462268,0.004020467836257313,-0.009602194787379892,-0.001315789473684159
2026-01-22,12品种独立等权,,,,,,,,,,,,,,,,,,,,,,,,,,,,,,,,,,,,,,,,,,,,,,,,,,,,,,,-0.005910823657883942,1.0462753659192345,,-0.0,-0.0,-0.002053388090349051,-0.0,-0.0031887755102040227,-0.0022143489813994943,0.0,-0.023087369850611106,-0.006668783740870099,-0.01577981651376148,-0.0126811594202898,-0.005256241787122251
2026-01-23,12品种独立等权,,,,,,,,,,,,,,,,,,,,,,,,,,,,,,,,,,,,,,,,,,,,,,,,,,,,,,,-0.007438012137529482,1.0384931570483291,,0.0,0.0,-0.007581967213114771,0.0,-0.010807374443738027,-0.0225364560318162,0.0,-0.016814159292035447,-0.02933753943217665,-0.0,-0.0,-0.002178649237472685
2026-01-26,12品种独立等权,,,,,,,,,,,,,,,,,,,,,,,,,,,,,,,,,,,,,,,,,,,,,,,,,,,,,,,0.0012449009086547558,1.0397859781231704,,0.0,-0.0,-0.005694529184462116,0.0,0.013207547169811318,-0.002160760587726962,-0.0,0.0,-0.0,0.0065430752453652374,0.0,0.003043478260869592
2026-01-27,12品种独立等权,,,,,,,,,,,,,,,,,,,,,,,,,,,,,,,,,,,,,,,,,,,,,,,,,,,,,,,-0.0008486270609057803,1.0389035876045847,,0.0,0.0,-0.009100101112234471,0.0,0.0,-0.0,-0.0,-0.0,-0.0,-0.0010834236186348933,0.0,-0.0
2026-01-28,12品种独立等权,,,,,,,,,,,,,,,,,,,,,,,,,,,,,,,,,,,,,,,,,,,,,,,,,,,,,,,0.0012191934124291075,1.0401702120147411,,0.0,0.0,0.0,0.0,-0.006345177664974666,0.0,0.0,0.015190972222222321,0.0,0.005784526391901634,0.0,-0.0
2026-01-29,12品种独立等权,,,,,,,,,,,,,,,,,,,,,,,,,,,,,,,,,,,,,,,,,,,,,,,,,,,,,,,0.01152513065783417,1.052158309614598,,0.05870366776634972,-0.0,0.0,0.0,0.01979565772669223,0.026884089907448283,-0.0,0.0055579307396322886,0.02017114914425422,0.007189072609633307,0.0,0.0
2026-01-30,12品种独立等权,,,,,,,,,,,,,,,,,,,,,,,,,,,,,,,,,,,,,,,,,,,,,,,,,,,,,,,-0.008045343672916991,1.0436933344154333,,-0.04976629089909268,-0.0,-0.0,-0.0,-0.008766437069505306,-0.008154506437768272,0.011627906976744207,-0.013605442176870763,-0.019772318753744744,-0.012491077801570327,-0.0,0.004384042086803985
2026-02-02,12品种独立等权,,,,,,,,,,,,,,,,,,,,,,,,,,,,,,,,,,,,,,,,,,,,,,,,,,,,,,,-0.0072002646636137035,1.0361784661799927,,-0.04918981481481477,-0.0,-0.0,-0.0,-0.010739102969046121,-0.012115967113803583,0.03377609108159396,-0.02931034482758621,-0.023227383863080653,-0.0,-0.0,0.004403346543372932
2026-02-03,12品种独立等权,,,,,,,,,,,,,,,,,,,,,,,,,,,,,,,,,,,,,,,,,,,,,,,,,,,,,,,-0.0026306133049493843,1.0334526813205576,,0.060052749036315634,0.0,0.0,-0.0844536981955184,-0.007024265644955285,0.0227770477441962,-0.011390416339355891,-0.0,0.0,-0.0,-0.008875083203905065,-0.0026536930561698036
2026-02-04,12品种独立等权,,,,,,,,,,,,,,,,,,,,,,,,,,,,,,,,,,,,,,,,,,,,,,,,,,,,,,,-0.004716787220249254,1.0285781049205724,,0.0,-0.006089878202435894,0.0030048076923077094,-0.0438113697452871,0.0,0.03554603854389726,-0.013203883495145563,-0.014241210502892843,-0.01266996291718181,0.0014668133480014722,-0.00483835495931384,-0.0017644464049404451
2026-02-05,12品种独立等权,,,,,,,,,,,,,,,,,,,,,,,,,,,,,,,,,,,,,,,,,,,,,,,,,,,,,,,0.007296578229158098,1.0360832055279245,,-0.0,0.02379461490294299,0.019690576652601988,0.03147937286502589,-0.0,-0.03060380479735314,-0.0,0.023694602896007,0.012816600549282908,-0.002937936099889793,0.01050558108995403,-0.0008806693086746975
2026-02-06,12品种独立等权,,,,,,,,,,,,,,,,,,,,,,,,,,,,,,,,,,,,,,,,,,,,,,,,,,,,,,,-0.0014751315046388769,1.0345548465500232,,-0.0,0.002993371819542401,-0.0038942406230784155,0.014144118072637935,-0.0,-0.028583617747440226,0.0,-0.008539325842696677,0.005873261205564195,-0.0014646649578908821,0.0017695200176951476,0.0
2026-02-09,12品种独立等权,,,,,,,,,,,,,,,,,,,,,,,,,,,,,,,,,,,,,,,,,,,,,,,,,,,,,,,-0.005324915844059845,1.02904592905608,,-0.017382617382617482,-0.009650439631138763,-0.0030624744793792402,-0.032858767842072645,0.0,0.0,0.0,0.005793226381461625,-0.010261194029850706,0.002193784277879307,0.001329492576999769,-0.0
2026-02-10,12品种独立等权,,,,,,,,,,,,,,,,,,,,,,,,,,,,,,,,,,,,,,,,,,,,,,,,,,,,,,,0.0028925545115842575,1.0320225005007988,,0.00274941084053415,-0.002548853016142827,0.002442499491145944,0.004192052862497131,0.0,0.02441150828247607,0.0,-0.0044822949350067365,-0.005540166204986097,0.0,0.008209451963612113,0.005277044854881341
2026-02-11,12品种独立等权,,,,,,,,,,,,,,,,,,,,,,,,,,,,,,,,,,,,,,,,,,,,,,,,,,,,,,,-0.00015270059322721372,1.0318649100527484,,-0.006104765655770006,0.0,-0.005509079779636883,0.0,0.0,-0.004021447721179516,0.0,-0.0031236055332439783,0.0,0.0,0.0038031319910514227,0.013123359580052396
2026-02-12,12品种独立等权,,,,,,,,,,,,,,,,,,,,,,,,,,,,,,,,,,,,,,,,,,,,,,,,,,,,,,,0.0019701938183121492,1.0338978839198674,,-0.0014679976512037562,-0.0,-0.0012175324675325339,-0.0,-0.0,0.0031152647975077885,-0.0,0.007562277580071219,-0.0,0.0,0.01392319784414997,0.0017271157167531026
2026-02-13,12品种独立等权,,,,,,,,,,,,,,,,,,,,,,,,,,,,,,,,,,,,,,,,,,,,,,,,,,,,,,,0.0010213659671334159,1.0349538720319944,,-0.0,-0.0,-0.0,-0.0,-0.0,-0.0008928571428572507,-0.0,-0.0,-0.0,0.0035842293906809264,0.009565019357777316,0.0
2026-02-24,12品种独立等权,,,,,,,,,,,,,,,,,,,,,,,,,,,,,,,,,,,,,,,,,,,,,,,,,,,,,,,0.001433292637930535,1.0364372637973756,,0.0,0.01590371803137769,0.0,0.0,-0.0,0.017395182872435355,0.0,0.0,0.0,-0.006785714285714284,-0.014486088756035853,0.005172413793103514
2026-02-25,12品种独立等权,,,,,,,,,,,,,,,,,,,,,,,,,,,,,,,,,,,,,,,,,,,,,,,,,,,,,,,0.00048059032007032504,1.0369353655137168,,0.0,0.00846202665538387,0.0,0.0,0.0,-0.022242396731729563,-0.0,-0.0,0.0,0.017979144192736385,-0.0027198549410698547,0.004288164665523064
2026-02-26,12品种独立等权,,,,,,,,,,,,,,,,,,,,,,,,,,,,,,,,,,,,,,,,,,,,,,,,,,,,,,,0.004049624464911121,1.0411345643384327,,-0.0,0.0004195510803439717,-0.0,-0.0,-0.0,0.03197158081705154,-0.0,-0.0,-0.0,0.0010596962204167948,0.015144665461121143,0.0
2026-02-27,12品种独立等权,,,,,,,,,,,,,,,,,,,,,,,,,,,,,,,,,,,,,,,,,,,,,,,,,,,,,,,-0.00033193687136581773,1.0407889733884754,,0.0,-0.00041937513105472224,0.0,0.0,0.0,-0.0032110091743118296,-0.0,-0.0,0.0,-0.0003528581510232609,0.0,0.0
2026-03-02,12品种独立等权,,,,,,,,,,,,,,,,,,,,,,,,,,,,,,,,,,,,,,,,,,,,,,,,,,,,,,,0.0021645392242372052,1.0430418019455285,,-0.0,0.026431718061673992,0.0,0.0,0.0,-0.0004572473708275293,0.0,0.0,0.0,-0.0,0.0,0.0
2026-03-03,12品种独立等权,,,,,,,,,,,,,,,,,,,,,,,,,,,,,,,,,,,,,,,,,,,,,,,,,,,,,,,-0.004421198037764408,1.0384303075774608,,-0.0,-0.022889842632331958,-0.0,-0.0,-0.0,-0.030164533820840944,0.0,0.0,-0.0,0.0,0.0,-0.0
2026-03-04,12品种独立等权,,,,,,,,,,,,,,,,,,,,,,,,,,,,,,,,,,,,,,,,,,,,,,,,,,,,,,,0.0031025587394547896,1.04165209860355,,-0.0,0.037230704873457476,0.0,-0.0,-0.0,-0.0,0.0,-0.0,-0.0,-0.0,0.0,0.0
2026-03-05,12品种独立等权,,,,,,,,,,,,,,,,,,,,,,,,,,,,,,,,,,,,,,,,,,,,,,,,,,,,,,,-0.0005204621636562915,1.0411099580985337,,-0.0,0.000806614236741332,0.0,-0.0,0.0,0.007748404740200554,0.0,-0.025851938895417148,0.011051373954599764,0.0,0.0,0.0
2026-03-06,12品种独立等权,,,,,,,,,,,,,,,,,,,,,,,,,,,,,,,,,,,,,,,,,,,,,,,,,,,,,,,0.0031262226786219296,1.0443646996604805,,-0.0,-0.0012089462018940456,-0.0,-0.0,0.0,0.01582994120307557,0.0,0.039806996381182236,-0.016913319238900604,0.0,0.0,0.0
2026-03-09,12品种独立等权,,,,,,,,,,,,,,,,,,,,,,,,,,,,,,,,,,,,,,,,,,,,,,,,,,,,,,,0.011661626717502982,1.056543690944858,,-0.0,0.009078071414161837,0.0,-0.0,0.0,0.040071237756010625,0.0,0.09435421500386698,-0.0035640035640036594,0.0,0.0,0.0
2026-03-10,12品种独立等权,,,,,,,,,,,,,,,,,,,,,,,,,,,,,,,,,,,,,,,,,,,,,,,,,,,,,,,-0.012827151197286835,1.0429912452745689,,0.0,-0.0017992802878848968,-0.0,0.0,-0.0,-0.03981164383561642,-0.0,-0.09929328621908129,-0.013021604024859412,-0.0,-0.0,-0.0
2026-03-11,12品种独立等权,,,,,,,,,,,,,,,,,,,,,,,,,,,,,,,,,,,,,,,,,,,,,,,,,,,,,,,0.002793872783168542,1.0459052301278244,,-0.0,0.01301822551572207,-0.0,0.0,0.0,0.020508247882300434,0.0,0.0,0.0,0.0,0.0,0.0
2026-03-12,12品种独立等权,,,,,,,,,,,,,,,,,,,,,,,,,,,,,,,,,,,,,,,,,,,,,,,,,,,,,,,0.0007342308470324466,1.0466731660108568,,-0.0,0.001383946223803889,-0.0,-0.0,0.0,0.00742682394058547,0.0,0.0,-0.0,-0.0,0.0,0.0
2026-03-13,12品种独立等权,,,,,,,,,,,,,,,,,,,,,,,,,,,,,,,,,,,,,,,,,,,,,,,,,,,,,,,0.0009677887948145633,1.0476861245727551,,-0.0,-0.010069101678183645,-0.0,-0.0,0.0,0.021682567215958404,-0.0,0.0,-0.0,0.0,0.0,-0.0
2026-03-16,12品种独立等权,,,,,,,,,,,,,,,,,,,,,,,,,,,,,,,,,,,,,,,,,,,,,,,,,,,,,,,0.00021222410865875027,1.0479084688266969,,-0.0,0.0,-0.0,-0.0,-0.0,0.002546689303905003,0.0,0.0,0.0,-0.0,0.0,-0.0
2026-03-17,12品种独立等权,,,,,,,,,,,,,,,,,,,,,,,,,,,,,,,,,,,,,,,,,,,,,,,,,,,,,,,0.0004110606419652681,1.0483392227546136,,-0.0,-0.0,-0.0,-0.0,0.0,-0.0042337002540220325,0.00916642795760525,0.0,-0.0,-0.0,-0.0,0.0
2026-03-18,12品种独立等权,,,,,,,,,,,,,,,,,,,,,,,,,,,,,,,,,,,,,,,,,,,,,,,,,,,,,,,0.005082495079200287,1.0536674016955965,,-0.0,0.0076030412164865835,-0.0,-0.0,-0.0,-0.0,0.018502457357617796,0.0,0.023809523809523836,0.011074918566775227,-0.0,-0.0
2026-03-19,12品种独立等权,,,,,,,,,,,,,,,,,,,,,,,,,,,,,,,,,,,,,,,,,,,,,,,,,,,,,,,0.003313474691541187,1.0571587019644166,,-0.0,0.025000000000000022,-0.0,-0.0,0.004315659679408168,0.0,-0.006480117820323983,0.0,0.01890243902439026,-0.0019762845849802257,0.0,0.0
2026-03-20,12品种独立等权,,,,,,,,,,,,,,,,,,,,,,,,,,,,,,,,,,,,,,,,,,,,,,,,,,,,,,,0.0034552995772311377,1.0608115019803805,,0.0,0.006617038875103343,0.0,-0.0,-0.009907120743034126,0.0,0.02692420251682759,-0.0,0.005593536357986317,0.004273504273504258,0.007962433646386269,0.0
2026-03-23,12品种独立等权,,,,,,,,,,,,,,,,,,,,,,,,,,,,,,,,,,,,,,,,,,,,,,,,,,,,,,,-0.01531332327238911,1.0445669525194863,,-0.0,0.01935886761032468,-0.0,-0.0,-0.0042918454935623185,-0.10119555935098212,-0.07278195488721795,0.0,-0.009062499999999973,0.007263123142951522,-0.023050010290183165,0.0
2026-03-24,12品种独立等权,,,,,,,,,,,,,,,,,,,,,,,,,,,,,,,,,,,,,,,,,,,,,,,,,,,,,,,0.007743008102761452,1.0526550428967214,,0.0,-0.002971768202080227,0.0,0.0,-0.006105006105006083,-0.0,0.06167647883375382,-0.0,-0.004955094456488007,0.015297638842700412,0.029973848320257512,-0.0
2026-03-25,12品种独立等权,,,,,,,,,,,,,,,,,,,,,,,,,,,,,,,,,,,,,,,,,,,,,,,,,,,,,,,0.003131842959124368,1.0559517931812041,,0.0,-0.009947089947089927,-0.0,0.0,0.02123786407766992,-0.0,0.015237526142814484,-0.0,-0.012634822804314272,0.009793988517392771,0.013894649523019442,-0.0
2026-03-26,12品种独立等权,,,,,,,,,,,,,,,,,,,,,,,,,,,,,,,,,,,,,,,,,,,,,,,,,,,,,,,-0.004163241281407974,1.0515556110846553,,-0.002510722878962257,0.005658005029337776,0.005886200130804431,-0.0,-0.013019218846869185,-0.0,-0.028216019417475646,0.0,0.0,-0.006821282401091366,-0.010935856992639437,0.0
2026-03-27,12品种独立等权,,,,,,,,,,,,,,,,,,,,,,,,,,,,,,,,,,,,,,,,,,,,,,,,,,,,,,,-0.0022017679118797504,1.049240329682612,,0.006082852648138459,0.0,0.013437364542696173,0.0026908170846804413,0.006119951040391647,-0.0,-0.014458542342874026,-0.029356652092442204,0.0,0.005081300813008172,-0.016018306636155666,-0.0
2026-03-30,12品种独立等权,,,,,,,,,,,,,,,,,,,,,,,,,,,,,,,,,,,,,,,,,,,,,,,,,,,,,,,0.0054289658899156585,1.0549366196427827,,-0.0017721255081830645,0.033006058073950184,0.006843455945252375,0.016241763963711353,-0.0012315270935960854,-0.0,0.015706806282722474,-0.006978155339805836,0.0033313143549364987,-0.0,0.0,-0.0
2026-03-31,12品种独立等权,,,,,,,,,,,,,,,,,,,,,,,,,,,,,,,,,,,,,,,,,,,,,,,,,,,,,,,0.0074188159861363805,1.0627630003009492,,-0.004385964912280715,0.006066734074823055,-0.002548853016142716,0.0051434652372694956,0.006150061500615034,0.0539538714991763,-0.0,0.027116601385959616,-0.009960760639903365,0.0074906367041198685,-0.0,0.0
2026-04-01,12品种独立等权,,,,,,,,,,,,,,,,,,,,,,,,,,,,,,,,,,,,,,,,,,,,,,,,,,,,,,,0.011844343986986675,1.0753507308531556,,0.017726033144535247,-0.008643216080401972,0.002981260647359374,0.03242819331438107,-0.004950495049504955,0.029603831084022647,-0.0,0.0665840817590585,0.006402439024390194,-0.0,-0.0,-0.0
2026-04-02,12品种独立等权,,,,,,,,,,,,,,,,,,,,,,,,,,,,,,,,,,,,,,,,,,,,,,,,,,,,,,,-0.008588777844674841,1.066114782320749,,-0.01185200453468005,0.0024330900243310083,0.002123142250530785,-0.027915456047399423,0.008620689655172376,-0.015253476895468854,0.0,-0.0769741207697412,0.015752802181157266,0.0,0.0,0.0
2026-04-03,12品种独立等权,,,,,,,,,,,,,,,,,,,,,,,,,,,,,,,,,,,,,,,,,,,,,,,,,,,,,,,0.003001824216311113,1.0693150714916866,,0.0038589904046724133,-0.0024271844660194164,-0.0004237288135593431,0.009005841098673528,0.03602484472049694,0.016791869200176723,0.0,-0.036352433764633485,0.009543692215925992,-0.0,-0.0,-0.0
2026-04-07,12品种独立等权,,,,,,,,,,,,,,,,,,,,,,,,,,,,,,,,,,,,,,,,,,,,,,,,,,,,,,,-0.003013248398545628,1.0660929595649735,,0.003220779220779235,-0.0012165450121655041,0.005934718100890191,0.0012391093901258365,0.0019329896907216426,0.0035955056179775013,-0.0,-0.05618311533888232,0.005317577548005881,0.0,0.0,-0.0
2026-04-08,12品种独立等权,,,,,,,,,,,,,,,,,,,,,,,,,,,,,,,,,,,,,,,,,,,,,,,,,,,,,,,0.014272272008427372,1.0813085282701542,,0.017191383595691834,0.0,0.0,0.026801253045596996,0.010329244673983218,-0.010825439783491264,-0.0,0.12130593864339989,0.006464883925947795,-0.0,-0.0,0.0
2026-04-09,12品种独立等权,,,,,,,,,,,,,,,,,,,,,,,,,,,,,,,,,,,,,,,,,,,,,,,,,,,,,,,-0.002226265884442589,1.0789012479831095,,-0.004174302586031353,0.009685230024213065,-0.0,-0.019472693032015154,0.021526418786692814,-0.0,0.0,-0.02658552210121723,0.0008759124087591719,0.0,-0.008570234113712383,0.0
2026-04-10,12品种独立等权,,,,,,,,,,,,,,,,,,,,,,,,,,,,,,,,,,,,,,,,,,,,,,,,,,,,,,,0.0014297334031743159,1.0804437891360774,,0.006441059196401255,-0.0052974735126325445,-0.0,0.006760649944301367,-0.004666666666666597,-0.01949860724233987,-0.0,0.02839313572542901,-0.0,0.0020195220464489516,0.003005181347150221,0.0
2026-04-13,12品种独立等权,,,,,,,,,,,,,,,,,,,,,,,,,,,,,,,,,,,,,,,,,,,,,,,,,,,,,,,0.0009910363269348132,1.0815145481803223,,0.01188541243397001,-0.006688285366842406,0.0016938386618674528,-0.0,-0.013271400132714106,0.009469696969697017,-0.0,0.0,-0.0,0.0010077258985556892,0.007795447458684102,-0.0
2026-04-14,12品种独立等权,,,,,,,,,,,,,,,,,,,,,,,,,,,,,,,,,,,,,,,,,,,,,,,,,,,,,,,0.0011112428842258344,1.0827163735261744,,0.01586186125890965,-0.005033219247030374,-0.009119830328738088,-0.009028177113283409,0.006548788474132317,-0.0,-0.0,-0.0,0.003274784161952926,-0.0010067114093960106,0.011837418814163003,0.0
2026-04-15,12品种独立等权,,,,,,,,,,,,,,,,,,,,,,,,,,,,,,,,,,,,,,,,,,,,,,,,,,,,,,,-0.0001337065806048162,1.0825716072221054,,0.008894159501926957,-0.0,0.0031525851197982124,-0.005148078493949715,-0.007251153592616966,0.0,0.0,0.0,-0.0035842293906809264,0.0,0.0023322378882646433,-0.0
2026-04-16,12品种独立等权,,,,,,,,,,,,,,,,,,,,,,,,,,,,,,,,,,,,,,,,,,,,,,,,,,,,,,,-0.0019812165094960457,1.0804267984811653,,0.0061710255656772794,0.0,-0.008011806873286842,-0.003080586634411908,-0.024214659685863893,0.0,0.0,0.0,-0.0002976190476191576,0.004702720859926179,0.0009563277016257921,0.0
2026-04-17,12品种独立等权,,,,,,,,,,,,,,,,,,,,,,,,,,,,,,,,,,,,,,,,,,,,,,,,,,,,,,,4.4553482103850316e-05,1.080474935257196,,-0.003796728971962593,-0.0,-0.004810709056682683,0.007046632124352303,-0.0,-0.0,0.0012543116964565115,0.0,0.010413567390657574,-0.0,-0.00957243139757491,0.0
2026-04-20,12品种独立等权,,,,,,,,,,,,,,,,,,,,,,,,,,,,,,,,,,,,,,,,,,,,,,,,,,,,,,,0.0003208974379731629,1.0808216568957143,,0.002833968533177078,-0.0,0.0,-0.0008918236845600891,0.010276172125883054,0.030587275693311655,-0.012527403695584138,-0.0,-0.027059530968129852,0.0,0.0006321112515802474,0.0
