trade_date,沪铅_close_return,沪铅_daily_return,沪铅_position,沪铅_equity_curve,沪铅_long_signal,沪铅_short_signal,沪铅_exit_long_signal,沪铅_exit_short_signal,沪铝_close_return,沪铝_daily_return,沪铝_position,沪铝_equity_curve,沪铝_long_signal,沪铝_short_signal,沪铝_exit_long_signal,沪铝_exit_short_signal,棕榈油_close_return,棕榈油_daily_return,棕榈油_position,棕榈油_equity_curve,棕榈油_long_signal,棕榈油_short_signal,棕榈油_exit_long_signal,棕榈油_exit_short_signal,纯碱_close_return,纯碱_daily_return,纯碱_position,纯碱_equity_curve,纯碱_long_signal,纯碱_short_signal,纯碱_exit_long_signal,纯碱_exit_short_signal,菜粕_close_return,菜粕_daily_return,菜粕_position,菜粕_equity_curve,菜粕_long_signal,菜粕_short_signal,菜粕_exit_long_signal,菜粕_exit_short_signal,PVC_close_return,PVC_daily_return,PVC_position,PVC_equity_curve,PVC_long_signal,PVC_short_signal,PVC_exit_long_signal,PVC_exit_short_signal,焦煤_close_return,焦煤_daily_return,焦煤_position,焦煤_equity_curve,焦煤_long_signal,焦煤_short_signal,焦煤_exit_long_signal,焦煤_exit_short_signal,棉花_close_return,棉花_daily_return,棉花_position,棉花_equity_curve,棉花_long_signal,棉花_short_signal,棉花_exit_long_signal,棉花_exit_short_signal,热卷_close_return,热卷_daily_return,热卷_position,热卷_equity_curve,热卷_long_signal,热卷_short_signal,热卷_exit_long_signal,热卷_exit_short_signal,portfolio_daily_return,portfolio_equity_curve
2025-07-22,0.0,0.0,0,1.0,False,False,False,False,0.0,0.0,0,1.0,False,False,False,False,0.0,0.0,0,1.0,False,False,False,False,0.0,0.0,0,1.0,False,False,False,False,0.0,0.0,0,1.0,False,False,False,False,0.0,0.0,0,1.0,False,False,False,False,0.0,0.0,0,1.0,False,False,False,False,0.0,0.0,0,1.0,False,False,False,False,0.0,0.0,0,1.0,False,False,False,False,0.0,1.0
2025-07-23,-0.00295857988165682,-0.0,0,1.0,False,False,False,False,-0.0052631578947368585,-0.0,0,1.0,False,False,False,False,0.007618194039883397,0.0,0,1.0,False,False,False,False,-0.026909090909090883,-0.0,0,1.0,False,False,False,False,0.008040935672514626,0.0,0,1.0,False,False,False,False,-0.020722433460076073,-0.0,0,1.0,False,False,False,False,0.0829756795422032,0.0,0,1.0,False,False,False,False,-0.0031634446397188487,-0.0,0,1.0,False,False,False,False,-0.011216566005176842,-0.0,0,1.0,False,False,False,False,0.0,1.0
2025-07-24,0.002373887240356032,0.0,0,1.0,False,False,False,True,-0.0014430014430014682,-0.0,0,1.0,False,False,False,True,0.012230375806092875,0.0,0,1.0,False,False,False,True,0.05231689088191338,0.0,0,1.0,False,False,False,True,-0.027556200145032683,-0.0,0,1.0,False,False,True,False,0.016889924286546343,0.0,0,1.0,False,False,False,True,0.05548216644649928,0.0,0,1.0,False,False,False,True,-0.0014104372355430161,-0.0,0,1.0,False,False,True,False,0.005235602094240788,0.0,0,1.0,False,False,False,True,0.0,1.0
2025-07-25,0.00384843102427479,0.0,0,1.0,False,False,False,True,0.0,0.0,0,1.0,False,False,False,True,-0.018453427065026395,-0.0,0,1.0,False,False,True,False,0.022727272727272707,0.0,0,1.0,False,False,False,True,-0.0026099925428784143,-0.0,0,1.0,False,False,True,False,0.025773195876288568,0.0,0,1.0,False,False,False,True,0.05047976637463503,0.0,0,1.0,False,False,False,True,0.0007062146892655718,0.0,0,1.0,False,False,True,False,0.01475694444444442,0.0,0,1.0,False,False,True,False,0.0,1.0
2025-07-28,-0.0023591860808021003,-0.0,0,1.0,False,False,False,True,-0.006984585741811156,-0.0,0,1.0,False,False,True,False,0.0011190689346463056,0.0,0,1.0,False,False,True,False,-0.08611111111111114,-0.0,0,1.0,False,False,True,False,-0.005607476635513975,-0.0,0,1.0,False,False,True,False,-0.041689931137167346,-0.0,0,1.0,False,False,True,False,-0.12589356632247817,-0.0,0,1.0,False,False,True,False,-0.006704304869442512,-0.0,0,1.0,False,False,True,False,-0.031365839749073254,-0.0,0,1.0,False,False,True,False,0.0,1.0
2025-07-29,-0.000886786875554213,-0.0,0,1.0,False,False,False,True,-0.00048508367693422816,-0.0,0,1.0,False,False,True,False,0.0026827632461434714,0.0,0,1.0,False,False,True,False,0.001519756838905817,0.0,0,1.0,False,False,True,False,0.0,0.0,0,1.0,False,False,True,False,0.008351136142940474,0.0,0,1.0,False,False,True,False,0.0181735574738755,0.0,0,1.0,False,False,True,False,-0.010657193605683846,-0.0,0,1.0,False,False,True,False,0.031204003532528723,0.0,0,1.0,False,False,True,False,0.0,1.0
2025-07-30,-0.0005917159763313418,-0.0,0,1.0,False,False,False,True,0.0009706381946128495,0.0,-1,1.0,False,True,True,False,0.0013377926421405117,0.0,0,1.0,False,False,True,False,-0.00531107738998482,-0.0,0,1.0,False,False,True,False,0.02819548872180455,0.0,0,1.0,False,False,True,False,-0.006355932203389814,-0.0,-1,1.0,False,True,True,False,0.09995537706381086,0.0,-1,1.0,False,True,True,False,-0.012208258527827698,-0.0,0,1.0,False,False,True,False,-0.005709391949757392,-0.0,0,1.0,False,False,True,False,0.0,1.0
2025-07-31,-0.009177027827116602,-0.0,0,1.0,False,False,True,False,-0.005575757575757567,0.005575757575757567,-1,1.0055757575757576,False,False,True,False,-0.009129369850812696,-0.0,0,1.0,False,False,True,False,-0.04881769641495037,-0.0,0,1.0,False,False,True,False,-0.013162705667276065,-0.0,0,1.0,False,False,False,True,-0.02287264973832137,0.02287264973832137,-1,1.0228726497383214,False,False,True,False,-0.07910750507099396,0.07910750507099396,-1,1.079107505070994,False,True,True,False,-0.007633587786259555,-0.0,0,1.0,False,False,True,False,-0.0267011197243755,-0.0,0,1.0,False,False,True,False,0.011950656931674766,1.0119506569316747
2025-08-01,0.0,0.0,0,1.0,False,False,True,False,0.0,-0.0,-1,1.0055757575757576,False,False,True,False,0.0011235955056179137,0.0,0,1.0,False,False,True,False,0.0072173215717723505,0.0,0,1.0,False,False,True,False,-0.008892182289736983,-0.0,0,1.0,False,False,False,True,-0.005157706804205464,0.005157706804205464,-1,1.0281483269637124,False,False,True,False,-0.037444933920704804,0.037444933920704804,-1,1.1195146142917138,False,False,True,False,-0.004761904761904745,-0.0,0,1.0,False,False,True,False,0.003244837758112018,0.0,0,1.0,False,False,True,False,0.004733626747212252,1.0167408536281854
2025-08-04,0.0008963250672244794,0.0,0,1.0,False,False,True,False,0.0007313505607020598,-0.0007313505607020598,-1,1.0048403291816261,False,False,True,False,-0.008080808080808133,-0.0,0,1.0,False,False,True,False,-0.0023885350318471055,-0.0,0,1.0,False,False,True,False,0.0011214953271028172,0.0,0,1.0,False,False,False,True,-0.006779661016949157,0.006779661016949157,-1,1.0351188240956697,False,False,True,False,0.04439359267734555,-0.04439359267734555,-1,1.0698153385085118,False,False,True,False,0.0161943319838056,0.0,0,1.0,False,False,True,False,0.004704498676859847,0.0,0,1.0,False,False,True,False,-0.004260586913455384,1.0124089408528416
2025-08-05,0.0014925373134329067,0.0,0,1.0,False,False,True,False,0.001705237515225333,-0.001705237515225333,0,1.0031268377554943,False,False,False,True,0.025571396243494027,0.0,0,1.0,False,False,True,False,0.014365522745410919,0.0,0,1.0,False,False,False,True,0.017176997759521972,0.0,0,1.0,False,False,False,True,0.012246536839991995,-0.012246536839991995,-1,1.0224422032826128,False,False,True,False,0.0359333917616127,-0.0359333917616127,0,1.0313732448373032,False,False,False,True,0.0010865628395508864,0.0,0,1.0,False,False,True,False,0.01170617500731641,0.0,0,1.0,False,False,True,False,-0.005542796235203336,1.0067973643869963
2025-08-06,0.004769001490313007,0.0,0,1.0,False,False,True,False,0.0043774319066147704,0.0,0,1.0031268377554943,False,False,False,True,-0.010370697263901163,-0.0,0,1.0,False,False,False,True,0.07789142407553107,0.0,0,1.0,False,False,False,True,0.007709251101321479,0.0,0,1.0,False,False,False,True,0.0017850059500197357,-0.0017850059500197357,-1,1.0206171378662021,False,False,True,False,0.03299492385786795,0.0,0,1.0313732448373032,False,False,False,True,0.0021707670043416005,0.0,0,1.0,False,False,False,True,-0.0017356089094591187,-0.0,0,1.0,False,False,True,False,-0.00019833399444663731,1.006597682244119
2025-08-07,0.0011865915158706386,0.0,0,1.0,False,False,False,True,0.004842615012106588,0.0,1,1.0031268377554943,True,False,False,True,-0.0022296544035674826,-0.0,0,1.0,False,False,False,True,-0.00948905109489051,-0.0,0,1.0,False,False,False,True,-0.002185792349726823,-0.0,0,1.0,False,False,False,True,-0.0009899029895070743,0.0009899029895070743,-1,1.021627449822118,False,False,True,False,0.006961506961506991,0.0,0,1.0313732448373032,False,False,False,True,-0.0010830324909747446,-0.0,0,1.0,False,False,False,True,-0.0031874818893073975,-0.0,0,1.0,False,False,False,True,0.00010998922105634159,1.006708397139106
2025-08-08,-0.001777777777777767,-0.0,0,1.0,False,False,False,True,-0.00313253012048198,-0.00313253012048198,1,0.9999845127215613,True,False,False,True,0.003351955307262511,0.0,0,1.0,False,False,False,True,-0.018422991893883522,-0.0,0,1.0,False,False,False,True,-0.0850675428988682,-0.0,0,1.0,False,False,False,True,-0.010503369005152585,0.010503369005152585,0,1.0323579799133928,False,False,False,True,-0.0020333468889792705,-0.0,0,1.0313732448373032,False,False,False,True,-0.0025298156848572173,-0.0,1,1.0,True,False,False,True,-0.0034883720930232176,-0.0,0,1.0,False,False,False,True,0.0008189820982967339,1.0075328732945679
2025-08-11,0.002374591867022824,0.0,1,1.0,True,False,False,True,0.0007251631617113397,0.0007251631617113397,1,1.000709664652469,False,False,False,True,0.02650334075723837,0.0,0,1.0,False,False,False,True,0.009759759759759845,0.0,0,1.0,False,False,False,True,-0.02035115722266556,-0.0,0,1.0,False,False,False,True,0.003404766673342774,0.0,0,1.0323579799133928,False,False,False,True,0.023634881825590925,0.0,0,1.0313732448373032,False,False,False,True,0.005797101449275255,0.005797101449275255,1,1.0057971014492753,True,False,False,True,0.010793465577596306,0.0,0,1.0,False,False,False,True,0.0007246960678873994,1.0082630284061118
2025-08-12,0.0017767249037607957,0.0017767249037607957,1,1.0017767249037608,False,False,False,True,0.0016908212560386993,0.0016908212560386993,1,1.0024016858245868,False,False,False,True,0.019310045563028844,0.0,0,1.0,False,False,False,True,0.0475836431226766,0.0,0,1.0,False,False,False,True,0.04358452138492863,0.0,0,1.0,False,False,True,False,0.007385229540918248,0.0,1,1.0323579799133928,True,False,False,True,0.04538216560509545,0.0,0,1.0313732448373032,False,False,False,True,0.007204610951008661,0.007204610951008661,1,1.0130434782608695,False,False,False,True,0.0054834054834054236,0.0,0,1.0,False,False,False,True,0.0011857952345342396,1.0094586219003527
2025-08-13,0.000886786875554213,0.000886786875554213,1,1.002665087355641,False,False,False,True,0.0026525198938991412,0.0026525198938991412,1,1.0050605762379146,False,False,False,True,0.010004257130693972,0.0,0,1.0,False,False,False,True,-0.018452803406671436,-0.0,0,1.0,False,False,False,True,0.049180327868852514,0.0,-1,1.0,False,True,True,False,0.023776500891618868,0.023776500891618868,1,1.0569038403432736,True,False,False,True,-0.051789794364051844,-0.0,0,1.0313732448373032,False,False,False,True,0.010729613733905685,0.010729613733905685,1,1.0239130434782608,False,False,False,True,-0.009471871412169874,-0.0,0,1.0,False,False,False,True,0.004227269043886434,1.0137258750837963
2025-08-14,-0.00945067926757237,-0.00945067926757237,0,0.9931892212022505,False,False,True,False,-0.003607503607503615,-0.003607503607503615,0,1.0014348165833766,False,False,True,False,-0.012855637513171758,-0.0,0,1.0,False,False,False,True,0.012292118582791112,0.0,0,1.0,False,False,True,False,-0.030505952380952328,0.030505952380952328,-1,1.0305059523809523,False,False,True,False,-0.008322043739113605,-0.008322043739113605,0,1.0481082403558997,False,False,True,False,-0.02489959839357425,-0.0,0,1.0313732448373032,False,False,True,False,0.0017692852087756172,0.0017692852087756172,1,1.0257246376811593,False,False,False,True,-0.005505650536076545,-0.0,0,1.0,False,False,True,False,0.0012105567750598173,1.0149530478099325
2025-08-15,0.004770423375074495,0.0,0,0.9931892212022505,False,False,True,False,0.0016895969104513409,0.0,0,1.0014348165833766,False,False,True,False,0.00982066609735277,0.0,0,1.0,False,False,False,True,-0.0035714285714285587,-0.0,0,1.0,False,False,False,True,-0.023023791250959325,0.023023791250959325,-1,1.0542321063114424,False,False,True,False,-0.005269320843091285,-0.0,0,1.0481082403558997,False,False,True,False,0.01317957166392092,0.0,-1,1.0313732448373032,False,True,True,False,-0.0024726245143058545,-0.0024726245143058545,1,1.0231884057971015,False,False,False,True,0.002039627039627012,0.0,0,1.0,False,False,True,False,0.0022834629707392745,1.0172706555116455
2025-08-18,-0.004451038575667643,-0.0,-1,0.9931892212022505,False,True,True,False,-0.00746987951807232,-0.0,-1,1.0014348165833766,False,True,True,False,0.013107822410147962,0.0,0,1.0,False,False,False,True,-0.006451612903225823,-0.0,0,1.0,False,False,False,True,0.01728201099764326,-0.01728201099764326,-1,1.0360128554560994,False,False,True,False,-0.00843633509907793,-0.0,0,1.0481082403558997,False,False,False,True,-0.03455284552845528,0.03455284552845528,-1,1.0670101252483484,False,True,True,False,0.0003541076487252326,0.0003541076487252326,1,1.0235507246376812,False,False,False,True,-0.005815644082582172,-0.0,0,1.0,False,False,True,False,0.001958326908837472,1.0192628040099048
2025-08-19,0.0029806259314455463,-0.0029806259314455463,-1,0.9902288956547028,False,True,True,False,-0.002427773731488281,0.002427773731488281,-1,1.0038660737248755,False,False,True,False,0.005843071786310494,0.0,0,1.0,False,False,False,True,-0.02020202020202022,-0.0,0,1.0,False,False,True,False,0.00540540540540535,-0.00540540540540535,-1,1.0304127859671477,False,False,True,False,-0.010486743173723778,-0.0,0,1.0481082403558997,False,False,False,True,0.005894736842105175,-0.005894736842105175,-1,1.0607203813521477,False,False,True,False,-0.001769911504424737,-0.001769911504424737,0,1.0217391304347827,False,False,True,False,-0.0008774495466510324,-0.0,0,1.0,False,False,True,False,-0.0015136562168769475,1.0177199905299839
2025-08-20,-0.005943536404160454,0.005943536404160454,-1,0.9961143571444782,False,False,True,False,-0.00048673643222196805,0.00048673643222196805,-1,1.0043546919160289,False,False,True,False,-0.00892116182572611,-0.0,0,1.0,False,False,True,False,-0.03608247422680411,-0.0,0,1.0,False,False,True,False,0.008832565284178084,-0.008832565284178084,-1,1.021311597765441,False,False,True,False,0.0013997200559887624,0.0,0,1.0481082403558997,False,False,True,False,-0.02678945165341151,0.02678945165341151,-1,1.0891364987261694,False,False,True,False,-0.0031914893617021045,-0.0,0,1.0217391304347827,False,False,True,False,-0.004098360655737654,-0.0,0,1.0,False,False,True,False,0.002709684356179539,1.020477690467294
2025-08-21,0.0011958146487294208,-0.0011958146487294208,-1,0.9949231890043951,False,False,True,False,0.0026783540297052877,-0.0026783540297052877,-1,1.0016646744796822,False,False,True,False,-0.00565208289721586,-0.0,0,1.0,False,False,True,False,-0.0022918258212375475,-0.0,-1,1.0,False,True,True,False,-0.025123715264560365,0.025123715264560365,-1,1.046970739544093,False,False,True,False,-0.0007987220447284171,-0.0,0,1.0481082403558997,False,False,True,False,-0.013333333333333308,0.013333333333333308,-1,1.1036583187091848,False,False,True,False,-0.001778726431874822,-0.0,-1,1.0217391304347827,False,True,True,False,-0.007936507936507908,-0.0,0,1.0,False,False,True,False,0.003842542213273218,1.0243989190706182
2025-08-22,0.002090176171991587,-0.002090176171991587,0,0.9928436242617763,False,False,False,True,0.0019426906265176402,-0.0019426906265176402,0,0.9997187499056567,False,False,False,True,0.00968421052631574,0.0,0,1.0,False,False,True,False,0.015313935681470214,-0.015313935681470214,-1,0.9846860643185298,False,False,True,False,-0.007028504490433463,0.007028504490433463,0,1.0543293780883312,False,False,False,True,0.002997601918465209,0.0,0,1.0481082403558997,False,False,False,True,0.013077593722754965,-0.013077593722754965,-1,1.0892251236083672,False,False,True,False,0.0,-0.0,-1,1.0217391304347827,False,True,True,False,-0.004148148148148123,-0.0,0,1.0,False,False,True,False,-0.002821765745811216,1.0215083052907388
2025-08-25,0.005065554231227676,0.0,0,0.9928436242617763,False,False,False,True,0.0067862336403297085,0.0,0,0.9997187499056567,False,False,False,True,-0.0010425354462051395,-0.0,0,1.0,False,False,True,False,0.008295625942684737,-0.008295625942684737,-1,0.9765174770579689,False,False,True,False,0.001572945340149401,0.0,0,1.0543293780883312,False,False,False,True,0.00557880055788007,0.0,0,1.0481082403558997,False,False,True,False,0.0460413080895008,-0.0460413080895008,0,1.0390757741134897,False,False,False,True,0.006414825374198241,-0.006414825374198241,-1,1.0151848523350584,False,False,True,False,0.00833085391252597,0.0,0,1.0,False,False,True,False,-0.0067501954895981976,1.0146129245357782
2025-08-26,0.0038541357841683777,0.0,0,0.9928436242617763,False,False,False,True,-0.0026480500722195766,-0.0,1,0.9997187499056567,True,False,False,True,-0.008557712377374238,-0.0,0,1.0,False,False,True,False,-0.01944652206432307,0.01944652206432307,-1,0.9955073457217739,False,False,True,False,-0.00824499411071844,-0.0,0,1.0543293780883312,False,False,False,True,-0.009510600356647525,-0.0,0,1.0481082403558997,False,False,True,False,-0.04524886877828049,-0.0,0,1.0390757741134897,False,False,False,True,-0.0014164305949008194,0.0014164305949008194,0,1.0166227912193857,False,False,False,True,-0.006491590439657746,-0.0,0,1.0,False,False,False,True,0.0023181058510248764,1.01696490469267
2025-08-27,-0.002362669816893037,-0.0,1,0.9928436242617763,True,False,False,True,0.004586048756939354,0.004586048756939354,1,1.0043035088359504,True,False,False,True,0.0,0.0,0,1.0,False,False,True,False,-0.0030511060259343914,0.0030511060259343914,0,0.9985447441831675,False,False,False,True,-0.009897070467141722,-0.0,0,1.0543293780883312,False,False,True,False,-0.010002000400080036,-0.0,0,1.0481082403558997,False,False,True,False,-0.005601034037053032,-0.0,0,1.0390757741134897,False,False,False,True,-0.0017730496453900457,-0.0,0,1.0166227912193857,False,False,False,True,-0.005346005346005378,-0.0,0,1.0,False,False,False,True,0.0008485727536526384,1.0178278734022133
2025-08-28,0.001184132622853662,0.001184132622853662,1,0.994019282786657,False,False,False,True,-0.0028832292167226825,-0.0028832292167226825,1,1.0014078716168175,False,False,False,True,-0.009052631578947423,-0.0,0,1.0,False,False,True,False,0.003060443764345777,0.0,0,0.9985447441831675,False,False,False,True,-0.007197121151539365,-0.0,0,1.0543293780883312,False,False,True,False,-0.0006061830672863255,-0.0,0,1.0481082403558997,False,False,True,False,0.018197573656845822,0.0,0,1.0390757741134897,False,False,False,True,-0.000355239786856143,-0.0,0,1.0166227912193857,False,False,False,True,0.006867721707972452,0.0,1,1.0,True,False,False,True,-0.00018878851042989118,1.0176357191941197
2025-08-29,-0.0017740981667652145,-0.0017740981667652145,1,0.9922557949993359,False,False,False,True,-0.00048192771084332175,-0.00048192771084332175,1,1.0009252654136287,False,False,False,True,-0.010410027618440565,-0.0,0,1.0,False,False,True,False,-0.011441647597253968,-0.0,1,0.9985447441831675,True,False,False,True,0.012082158679017407,0.0,0,1.0543293780883312,False,False,True,False,-0.007885159725030344,-0.0,0,1.0481082403558997,False,False,True,False,-0.020425531914893602,-0.0,0,1.0390757741134897,False,False,False,True,0.012082444918265711,0.0,0,1.0166227912193857,False,False,False,True,-0.00771055753262162,-0.00771055753262162,1,0.9922894424673784,True,False,False,True,-0.0011073981566922396,1.0165087912745
2025-09-01,-0.001481042654028486,-0.001481042654028486,0,0.990786221843235,False,False,True,False,-0.004580520732883286,-0.004580520732883286,0,0.9963405064833348,False,False,True,False,0.007299270072992803,0.0,0,1.0,False,False,True,False,-0.019290123456790154,-0.019290123456790154,0,0.9792826927907453,False,False,True,False,0.0,0.0,0,1.0543293780883312,False,False,True,False,-0.0026492765437130528,-0.0,0,1.0481082403558997,False,False,True,False,-0.028236316246741944,-0.0,0,1.0390757741134897,False,False,True,False,-0.015098314606741603,-0.0,0,1.0166227912193857,False,False,True,False,-0.01285116557083088,-0.01285116557083088,0,0.9795373665480427,False,False,True,False,-0.004244761379392534,1.012193954015485
2025-09-02,-0.00029664787896765965,-0.0,0,0.990786221843235,False,False,True,False,0.0036328408815693436,0.0,0,0.9963405064833348,False,False,True,False,0.004049445865302648,0.0,0,1.0,False,False,True,False,-0.0031471282454760274,-0.0,0,0.9792826927907453,False,False,True,False,-0.005173099880620757,-0.0,0,1.0543293780883312,False,False,False,True,-0.001225991009399241,-0.0,0,1.0481082403558997,False,False,True,False,-0.00536432722396063,-0.0,0,1.0390757741134897,False,False,True,False,0.0014260249554367554,0.0,0,1.0166227912193857,False,False,True,False,-0.001513775355737157,-0.0,0,0.9795373665480427,False,False,True,False,0.0,1.012193954015485
2025-09-03,0.0008902077151335952,0.0,0,0.990786221843235,False,False,True,False,-0.0004826254826254539,-0.0,-1,0.9963405064833348,False,True,True,False,-0.00573126724686901,-0.0,0,1.0,False,False,False,True,0.00710339384372527,0.0,0,0.9792826927907453,False,False,True,False,0.008399999999999963,0.0,0,1.0543293780883312,False,False,False,True,-0.0020458265139116083,-0.0,0,1.0481082403558997,False,False,True,False,-0.00584269662921344,-0.0,0,1.0390757741134897,False,False,True,False,-0.003915984336062661,-0.0,0,1.0166227912193857,False,False,True,False,0.0003032140691328067,0.0,0,0.9795373665480427,False,False,True,False,0.0,1.012193954015485
2025-09-04,-0.00029647198339755043,-0.0,0,0.990786221843235,False,False,True,False,-0.005070014485755725,0.005070014485755725,-1,1.0013919672839504,False,False,True,False,0.0023484201537147253,0.0,0,1.0,False,False,False,True,0.0007836990595611049,0.0,0,0.9792826927907453,False,False,False,True,-0.0007933359777866356,-0.0,0,1.0543293780883312,False,False,False,True,0.0010250102501025982,0.0,0,1.0481082403558997,False,False,False,True,-0.010397830018083143,-0.0,0,1.0390757741134897,False,False,True,False,0.0014295925661187425,0.0,0,1.0166227912193857,False,False,True,False,0.004243710215216634,0.0,0,0.9795373665480427,False,False,True,False,0.0005633349428617472,1.0127641582387352
2025-09-05,0.0023724792408066353,0.0,0,0.990786221843235,False,False,False,True,0.004367871875758267,-0.004367871875758267,-1,0.9970180154734406,False,False,True,False,0.014483493077742216,0.0,0,1.0,False,False,False,True,0.019577133907595856,0.0,0,0.9792826927907453,False,False,False,True,0.012306470821754623,0.0,0,1.0543293780883312,False,False,False,True,0.0061437640794592685,0.0,0,1.0481082403558997,False,False,False,True,0.05847418912745539,0.0,0,1.0390757741134897,False,False,False,True,-0.0007137758743754885,-0.0,0,1.0166227912193857,False,False,True,False,0.008149713250830137,0.0,0,0.9795373665480427,False,False,True,False,-0.0004853190973064741,1.0122726444516745
2025-09-08,-0.0002958579881656709,-0.0,0,0.990786221843235,False,False,False,True,0.0012080212611742525,-0.0012080212611742525,-1,0.995813596512975,False,False,True,False,-0.006298551333193347,-0.0,1,1.0,True,False,False,True,-0.00691244239631339,-0.0,1,0.9792826927907453,True,False,False,True,-0.0031372549019608176,-0.0,0,1.0543293780883312,False,False,False,True,-0.004681457358029717,-0.0,0,1.0481082403558997,False,False,False,True,-0.01294777729823049,-0.0,0,1.0390757741134897,False,False,False,True,-0.00821428571428573,-0.0,0,1.0166227912193857,False,False,True,False,0.00359281437125758,0.0,0,0.9795373665480427,False,False,False,True,-0.00013422458457491694,1.0121367725764965
2025-09-09,0.0020716188221368004,0.0,0,0.990786221843235,False,False,False,True,0.0014478764478764727,-0.0014478764478764727,0,0.9943717814601086,False,False,False,True,0.0021128248468202937,0.0021128248468202937,1,1.0021128248468203,False,False,False,True,-0.011600928074245953,-0.011600928074245953,1,0.967922104707326,True,False,False,True,0.0031471282454760274,0.0,0,1.0543293780883312,False,False,False,True,-0.00879345603271986,-0.0,0,1.0481082403558997,False,False,False,True,-0.01749016178399654,-0.0,1,1.0390757741134897,True,False,False,True,-0.003601008282319018,-0.0,0,1.0166227912193857,False,False,True,False,-0.0008949880668257526,-0.0,0,0.9795373665480427,False,False,False,True,-0.001215108852811348,1.0109069162238828
2025-09-10,-0.007974010632014195,-0.0,0,0.990786221843235,False,False,True,False,0.001927710843373509,0.0,0,0.9943717814601086,False,False,False,True,-0.025511279780729534,-0.025511279780729534,0,0.9765476442002958,False,False,True,False,0.0023474178403755097,0.0023474178403755097,1,0.9701942223240098,False,False,False,True,-0.00666666666666671,-0.0,0,1.0543293780883312,False,False,False,True,0.00206313183412421,0.0,0,1.0481082403558997,False,False,False,True,-0.00578549176680021,-0.00578549176680021,1,1.0330642097772746,False,False,False,True,0.0014456089627756796,0.0,0,1.0166227912193857,False,False,True,False,-0.002090176171991587,-0.0,0,0.9795373665480427,False,False,False,True,-0.0032165948563504707,1.007655238236908
2025-09-11,0.006251860672819243,0.0,0,0.990786221843235,False,False,True,False,0.006012506012506025,0.0,0,0.9943717814601086,False,False,False,True,0.009303331890956335,0.0,0,0.9765476442002958,False,False,True,False,0.004683840749414525,0.004683840749414525,1,0.9747384575573775,False,False,False,True,0.01342281879194629,0.0,0,1.0543293780883312,False,False,False,True,0.006382540662960734,0.0,0,1.0481082403558997,False,False,False,True,0.021933751119068923,0.021933751119068923,1,1.055723183044547,False,False,False,True,-0.001443522194153779,-0.0,0,1.0166227912193857,False,False,True,False,-0.002393776181927043,-0.0,0,0.9795373665480427,False,False,False,True,0.002957510207609272,1.0106353888897446
2025-09-12,0.008284023668639007,0.0,0,0.990786221843235,False,False,False,True,0.009801577814965379,0.0,0,0.9943717814601086,False,False,False,True,-0.0036441586280814287,-0.0,0,0.9765476442002958,False,False,True,False,0.002331002331002363,0.002331002331002363,0,0.9770105751740614,False,False,True,False,-0.014024152707440618,-0.0,0,1.0543293780883312,False,False,True,False,-0.002454991816693952,-0.0,0,1.0481082403558997,False,False,False,True,0.0026281208935610145,0.0026281208935610145,1,1.0584977511997231,False,False,False,True,0.0018070112034693775,0.0,0,1.0166227912193857,False,False,True,False,0.008998200359928044,0.0,0,0.9795373665480427,False,False,True,False,0.0005510136916181531,1.0111922628262568
2025-09-15,0.007042253521126751,0.0,0,0.990786221843235,False,False,False,True,-0.004498106060606077,-0.0,0,0.9943717814601086,False,False,False,True,0.013554216867469826,0.0,0,0.9765476442002958,False,False,True,False,0.013953488372093092,0.0,0,0.9770105751740614,False,False,True,False,-0.010667720268668468,-0.0,0,1.0543293780883312,False,False,True,False,0.00922887612797374,0.0,0,1.0481082403558997,False,False,False,True,0.03757099169943201,0.03757099169943201,1,1.0982665614239153,False,False,False,True,0.0018037518037516964,0.0,0,1.0166227912193857,False,False,False,True,0.001783590963139181,0.0,0,0.9795373665480427,False,False,True,False,0.004174554633270223,1.0154135401721653
2025-09-16,-0.006118881118881148,-0.0,0,0.990786221843235,False,False,False,True,-0.0019024970273483488,-0.0,0,0.9943717814601086,False,False,False,True,0.006368074718743344,0.0,0,0.9765476442002958,False,False,False,True,0.023700305810397504,0.0,0,0.9770105751740614,False,False,False,True,0.005591054313099031,0.0,0,1.0543293780883312,False,False,True,False,0.007925218451534155,0.0,0,1.0481082403558997,False,False,False,True,0.044631578947368356,0.044631578947368356,1,1.1472839321653616,False,False,False,True,0.0007202016564638036,0.0,0,1.0166227912193857,False,False,False,True,0.00949554896142435,0.0,0,0.9795373665480427,False,False,False,True,0.004959064327485373,1.0204490412368787
2025-09-17,0.0026385224274405594,0.0,0,0.990786221843235,False,False,False,True,-0.0021443888491780028,-0.0,0,0.9943717814601086,False,False,True,False,-0.0061168529846024056,-0.0,0,0.9765476442002958,False,False,False,True,-0.0037341299477221535,-0.0,0,0.9770105751740614,False,False,False,True,-0.023034154090548098,-0.0,-1,1.0543293780883312,False,True,True,False,0.0026209677419355426,0.0,1,1.0481082403558997,True,False,False,True,-0.006045949214026569,-0.006045949214026569,1,1.140347511777421,False,False,False,True,-0.00035984166966529507,-0.0,1,1.0166227912193857,True,False,False,True,-0.003527336860670194,-0.0,0,0.9795373665480427,False,False,False,True,-0.000671772134891841,1.0197635320058986
2025-09-18,0.002631578947368318,0.0,0,0.990786221843235,False,False,False,True,-0.007402101241642756,-0.0,0,0.9943717814601086,False,False,True,False,-0.012733446519524572,-0.0,0,0.9765476442002958,False,False,False,True,-0.020989505247376306,-0.0,0,0.9770105751740614,False,False,False,True,0.004065040650406582,-0.004065040650406582,-1,1.0500434863074841,False,False,True,False,-0.010054293183189178,-0.010054293183189178,1,1.0375702528196449,False,False,False,True,-0.023925385239253805,-0.023925385239253805,1,1.1130642582515218,False,False,False,True,-0.008999280057595427,-0.008999280057595427,1,1.0074739180082681,False,False,False,True,-0.010619469026548645,-0.0,0,0.9795373665480427,False,False,False,True,-0.005227111014493888,1.0144331148155714
2025-09-19,0.0020414114902302938,0.0,0,0.990786221843235,False,False,False,True,0.0004811161895597049,0.0,-1,0.9943717814601086,False,True,True,False,0.0012897678417884695,0.0,0,0.9765476442002958,False,False,False,True,0.009188361408882129,0.0,0,0.9770105751740614,False,False,True,False,0.021052631578947434,-0.021052631578947434,-1,1.027937307648379,False,False,True,False,0.005484460694698434,0.005484460694698434,0,1.0432607660892226,False,False,True,False,0.023680930619027762,0.023680930619027762,1,1.1394226557256957,False,False,False,True,-0.0032691609153651102,-0.0032691609153651102,0,1.0041803236522657,False,False,True,False,0.005963029218843063,0.0,0,0.9795373665480427,False,False,True,False,0.0005381776466015169,1.0149790600419375
2025-09-22,-0.0008731082654248601,-0.0,0,0.990786221843235,False,False,True,False,-0.0024044241404184152,0.0024044241404184152,-1,0.9967626729760022,False,True,True,False,0.00472305710605414,0.0,0,0.9765476442002958,False,False,True,False,-0.01896813353566007,-0.0,0,0.9770105751740614,False,False,True,False,0.0023790642347343294,-0.0023790642347343294,0,1.0254917787642037,False,False,False,True,-0.00242424242424244,-0.0,0,1.0432607660892226,False,False,True,False,-0.011769480519480569,-0.011769480519480569,0,1.1260122429756774,False,False,True,False,-0.008017492711370311,-0.0,0,1.0041803236522657,False,False,True,False,0.001778304682868992,0.0,0,0.9795373665480427,False,False,False,True,-0.0013049022904218315,1.0136546115417586
2025-09-23,-0.004660646664724766,-0.0,0,0.990786221843235,False,False,True,False,-0.002892263195950817,0.002892263195950817,-1,0.9996455729701483,False,False,True,False,-0.03269230769230769,-0.0,0,0.9765476442002958,False,False,True,False,-0.015467904098994567,-0.0,-1,0.9770105751740614,False,True,True,False,-0.03204113924050633,-0.0,0,1.0254917787642037,False,False,False,True,-0.00951802349129205,-0.0,0,1.0432607660892226,False,False,True,False,0.0,0.0,-1,1.1260122429756774,False,True,True,False,-0.005143277002204294,-0.0,0,1.0041803236522657,False,False,True,False,-0.011834319526627168,-0.0,0,0.9795373665480427,False,False,True,False,0.00032136257732786857,1.0139803622002441
2025-09-24,-0.0011706175007316633,-0.0,0,0.990786221843235,False,False,True,False,0.0009668842156151936,-0.0009668842156151936,-1,0.9986790314444339,False,False,True,False,0.007952286282306265,0.0,0,0.9765476442002958,False,False,True,False,0.02670856245090336,-0.02670856245090336,-1,0.950916027211832,False,True,True,False,-0.021250510829587288,-0.0,0,1.0254917787642037,False,False,True,False,0.0057248006542629515,0.0,-1,1.0432607660892226,False,True,True,False,0.005749486652977476,-0.005749486652977476,-1,1.1195382506135996,False,False,True,False,0.0011078286558345862,0.0,0,1.0041803236522657,False,False,True,False,0.005089820359281516,0.0,0,0.9795373665480427,False,False,True,False,-0.0037138814799440034,1.0102145593120417
2025-09-25,0.0014649868151186407,0.0,0,0.990786221843235,False,False,True,False,0.0028978507606858273,-0.0028978507606858273,-1,0.9957850086534817,False,False,True,False,0.01051939513477973,0.0,0,0.9765476442002958,False,False,True,False,0.006120887528691554,-0.006120887528691554,0,0.9450955771600382,False,False,False,True,0.0204592901878915,0.0,0,1.0254917787642037,False,False,True,False,0.003252693636918158,-0.003252693636918158,-1,1.0398673584337177,False,False,True,False,0.008166598611678344,-0.008166598611678344,-1,1.1103954310904178,False,False,True,False,-0.001844337882700109,-0.0,0,1.0041803236522657,False,False,True,False,0.00029788501638372544,0.0,0,0.9795373665480427,False,False,True,False,-0.002270892281997098,1.007920470866139
2025-09-26,0.001170275014628519,0.0,0,0.990786221843235,False,False,True,False,-0.0009631591620514746,0.0009631591620514746,0,0.996744108108,False,False,False,True,0.0015181088700932932,0.0,0,0.9765476442002958,False,False,False,True,-0.016730038022813698,-0.0,0,0.9450955771600382,False,False,False,True,-0.015957446808510634,-0.0,0,1.0254917787642037,False,False,True,False,-0.007700101317122621,0.007700101317122621,-1,1.047874442450026,False,False,True,False,-0.030781692993114618,0.030781692993114618,-1,1.1445752823512003,False,False,True,False,-0.009238728750923908,-0.0,0,1.0041803236522657,False,False,True,False,-0.013400833829660508,-0.0,0,0.9795373665480427,False,False,True,False,0.00438277260803208,1.0123379570969258
2025-09-29,-0.01490356516656921,-0.0,0,0.990786221843235,False,False,True,False,-0.000723065798987732,-0.0,0,0.996744108108,False,False,False,True,-0.0002165439584235207,-0.0,0,0.9765476442002958,False,False,False,True,-0.011600928074245953,-0.0,0,0.9450955771600382,False,False,False,True,0.00457380457380463,0.0,0,1.0254917787642037,False,False,True,False,-0.00020420665713705155,0.00020420665713705155,-1,1.048088425387018,False,False,True,False,-0.035520267446719545,0.035520267446719545,-1,1.1852309024932193,False,False,True,False,-0.0041029466616934185,-0.0,0,1.0041803236522657,False,False,True,False,-0.007244189556293357,-0.0,0,0.9795373665480427,False,False,True,False,0.003969386011539622,1.016356317222777
2025-09-30,0.005043013942450214,0.0,0,0.990786221843235,False,False,True,False,-0.002411963338157297,-0.0,0,0.996744108108,False,False,False,True,-0.0006497725795971965,-0.0,0,0.9765476442002958,False,False,False,True,-0.017996870109546204,-0.0,0,0.9450955771600382,False,False,False,True,0.0020695364238410008,0.0,0,1.0254917787642037,False,False,True,False,-0.011642156862745057,0.011642156862745057,-1,1.0602904352414013,False,False,True,False,-0.024263431542461023,0.024263431542461023,-1,1.2139886713578727,False,False,True,False,-0.010112359550561778,-0.0,0,1.0041803236522657,False,False,True,False,-0.01094557616296743,-0.0,0,0.9795373665480427,False,False,True,False,0.003989509822800675,1.0204110807338027
2025-10-09,0.010330578512396604,0.0,0,0.990786221843235,False,False,False,False,0.019825918762089056,0.0,0,0.996744108108,False,False,False,False,0.03706111833550074,0.0,0,0.9765476442002958,False,False,False,False,-0.003984063745019917,-0.0,0,0.9450955771600382,False,False,False,False,0.0057827344072696185,0.0,0,1.0254917787642037,False,False,False,False,-0.014465798718743539,0.014465798718743539,-1,1.0756283832610125,False,False,False,False,0.03374777975133214,-0.03374777975133214,-1,1.173019249056275,False,False,False,False,0.006053726825576922,0.0,0,1.0041803236522657,False,False,False,False,0.01014448201660012,0.0,0,0.9795373665480427,False,False,False,False,-0.002142442336954289,1.0182249088333413
2025-10-10,0.0014607069821794827,0.0,0,0.990786221843235,False,False,False,False,-0.005215742057847361,-0.0,0,0.996744108108,False,False,False,False,-0.01379310344827589,-0.0,0,0.9765476442002958,False,False,False,False,-0.008000000000000007,-0.0,0,0.9450955771600382,False,False,False,False,-0.018069815195071892,-0.0,0,1.0254917787642037,False,False,False,False,-0.007129377227930389,0.007129377227930389,-1,1.0832969437623492,False,False,False,False,-0.002577319587628857,0.002577319587628857,-1,1.1760424945435335,False,False,False,False,0.002256487401278706,0.0,0,1.0041803236522657,False,False,False,False,-0.00030432136335967197,-0.0,0,0.9795373665480427,False,False,False,False,0.0010785218683954717,1.0193230866644631
2025-10-13,-0.0026254375729287682,-0.0,0,0.990786221843235,False,False,False,True,-0.004528122020972303,-0.0,0,0.996744108108,False,False,False,True,-0.007840644204280545,-0.0,0,0.9765476442002958,False,False,False,True,0.005645161290322553,0.0,0,0.9450955771600382,False,False,True,False,0.0004182350480970154,0.0,0,1.0254917787642037,False,False,False,True,-0.0029567053854276937,0.0029567053854276937,-1,1.0864999336699885,False,False,True,False,-0.012919896640826822,0.012919896640826822,-1,1.1912368420182562,False,False,True,False,-0.0018761726078799779,-0.0,0,1.0041803236522657,False,False,False,True,-0.007305936073059405,-0.0,0,0.9795373665480427,False,False,False,True,0.0017640668918060573,1.0211212407737014
2025-10-14,-0.002632348639953208,-0.0,0,0.990786221843235,False,False,False,True,-0.00047881254488868485,-0.0,0,0.996744108108,False,False,True,False,-0.0036309269542930123,-0.0,0,0.9765476442002958,False,False,True,False,-0.010425020048115519,-0.0,0,0.9450955771600382,False,False,True,False,-0.018394648829431426,-0.0,0,1.0254917787642037,False,False,True,False,-0.00614276636305866,0.00614276636305866,-1,1.093174048916002,False,False,True,False,0.00654450261780104,-0.00654450261780104,-1,1.1834407893872467,False,False,True,False,-0.0026315789473684292,-0.0,0,1.0041803236522657,False,False,False,True,-0.006133088009812937,-0.0,0,0.9795373665480427,False,False,False,True,-4.463736163804219e-05,1.0210756606156006
2025-10-15,0.0035190615835776207,0.0,0,0.990786221843235,False,False,False,True,0.0028742514970059307,0.0,0,0.996744108108,False,False,True,False,-0.0008574490889603492,-0.0,0,0.9765476442002958,False,False,True,False,-0.0016207455429497752,-0.0,0,0.9450955771600382,False,False,False,True,0.0038330494037479568,0.0,0,1.0254917787642037,False,False,True,False,-0.0031969309462915874,0.0031969309462915874,-1,1.0966688508626645,False,False,True,False,-0.0021673168617252214,0.0021673168617252214,0,1.1860056805649393,False,False,False,True,0.0003769317753485879,0.0,0,1.0041803236522657,False,False,False,True,-0.008947855600123455,-0.0,0,0.9795373665480427,False,False,False,True,0.0005960275342240898,1.0216842498238536
2025-10-16,-0.0005844535359439407,-0.0,0,0.990786221843235,False,False,False,True,0.002866013852400373,0.0,0,0.996744108108,False,False,True,False,-0.0010727311735678757,-0.0,0,0.9765476442002958,False,False,True,False,0.0024350649350648457,0.0,0,0.9450955771600382,False,False,False,True,0.002969876962240159,0.0,0,1.0254917787642037,False,False,True,False,0.0036348086380157962,-0.0036348086380157962,0,1.092682669450506,False,False,False,True,0.029973935708079935,0.0,0,1.1860056805649393,False,False,False,True,0.0037678975131876236,0.0,0,1.0041803236522657,False,False,False,True,0.002179327521793173,0.0,0,0.9795373665480427,False,False,False,True,-0.0004038676264461996,1.0212716246309
2025-10-17,-0.0014619883040936088,-0.0,0,0.990786221843235,False,False,True,False,-0.004048582995951455,-0.0,0,0.996744108108,False,False,True,False,-0.00042955326460480947,-0.0,-1,0.9765476442002958,False,True,True,False,-0.021052631578947323,-0.0,0,0.9450955771600382,False,False,False,True,-0.024534686971235176,-0.0,0,1.0254917787642037,False,False,True,False,-0.0012782275244993535,-0.0,0,1.092682669450506,False,False,False,True,-0.005482918599746922,-0.0,0,1.1860056805649393,False,False,False,True,0.0011261261261261701,0.0,0,1.0041803236522657,False,False,False,True,-0.004659832246039164,-0.0,0,0.9795373665480427,False,False,True,False,0.0,1.0212716246309
2025-10-20,-0.0008784773060028783,-0.0,0,0.990786221843235,False,False,True,False,0.0,0.0,0,0.996744108108,False,False,True,False,0.0010743446497636366,-0.0010743446497636366,-1,0.97549849546351,False,False,True,False,0.008271298593879317,0.0,0,0.9450955771600382,False,False,True,False,0.019080659150043422,0.0,0,1.0254917787642037,False,False,True,False,0.002986348122866911,0.0,1,1.092682669450506,True,False,False,True,0.031382527565733565,0.0,0,1.1860056805649393,False,False,False,True,0.009748781402324713,0.0,0,1.0041803236522657,False,False,False,True,0.0034332084893882175,0.0,0,0.9795373665480427,False,False,False,True,-0.00011937162775151518,1.0211497137746912
2025-10-21,0.0058616647127784915,0.0,0,0.990786221843235,False,False,True,False,0.0026303204208513176,0.0,0,0.996744108108,False,False,False,True,-0.0025756600128783447,0.0025756600128783447,-1,0.9780110479308983,False,False,True,False,-0.007383100902379036,-0.0,0,0.9450955771600382,False,False,True,False,-0.012340425531914945,-0.0,0,1.0254917787642037,False,False,False,True,-0.0006380263717566947,-0.0006380263717566947,1,1.0919855090914352,True,False,False,True,-0.032072368421052655,-0.0,0,1.1860056805649393,False,False,False,True,0.005569996286669099,0.0,0,1.0041803236522657,False,False,False,True,0.0012441679626749025,0.0,0,0.9795373665480427,False,False,False,True,0.00021529262679129444,1.021369559778917
2025-10-22,0.0008741258741258306,0.0,0,0.990786221843235,False,False,False,True,0.003815883615549742,0.0,0,0.996744108108,False,False,False,True,-0.01398751882935223,0.01398751882935223,-1,0.9916909958791461,False,False,True,False,0.01074380165289246,0.0,0,0.9450955771600382,False,False,True,False,-0.006031882809134026,-0.0,0,1.0254917787642037,False,False,False,True,0.004256224728665714,0.004256224728665714,1,1.0966332448185747,False,False,False,True,0.027612574341546292,0.0,0,1.1860056805649393,False,False,False,True,-0.00036927621861149174,-0.0,0,1.0041803236522657,False,False,False,True,0.008698353525939728,0.0,0,0.9795373665480427,False,False,False,True,0.0020270826175575493,1.0234399602596471
2025-10-23,0.022707423580786035,0.0,0,0.990786221843235,False,False,False,True,0.005702066999287325,0.0,0,0.996744108108,False,False,False,True,-0.0034919249236141647,0.0034919249236141647,-1,0.9951539063841801,False,False,True,False,0.009811937857726827,0.0,0,0.9450955771600382,False,False,False,True,0.01387082791504124,0.0,0,1.0254917787642037,False,False,True,False,0.002331002331002363,0.002331002331002363,1,1.0991894994685014,False,False,False,True,0.04051260851591576,0.0,0,1.1860056805649393,False,False,False,True,0.002955301071296601,0.0,0,1.0041803236522657,False,False,False,True,0.0027717893440097896,0.0,0,0.9795373665480427,False,False,False,True,0.0006469919171796142,1.0241021176416538
2025-10-24,0.0017079419299743659,0.0,0,0.990786221843235,False,False,False,True,0.0028348688873138794,0.0,0,0.996744108108,False,False,False,True,-0.0010950503723171634,0.0010950503723171634,-1,0.9962436500398791,False,False,True,False,-0.004858299595141724,-0.0,1,0.9450955771600382,True,False,False,True,-0.005985463873450225,-0.0,0,1.0254917787642037,False,False,False,True,-0.0046511627906976605,-0.0046511627906976605,1,1.094076990168648,False,False,False,True,-0.007945967421533529,-0.0,0,1.1860056805649393,False,False,False,True,-0.0025782688766113893,-0.0,0,1.0041803236522657,False,False,False,True,-0.0018427518427518441,-0.0,0,0.9795373665480427,False,False,False,True,-0.00039512360204227746,1.023697470724072
2025-10-27,-0.004262574595055413,-0.0,0,0.990786221843235,False,False,False,True,0.006360424028268641,0.0,0,0.996744108108,False,False,False,True,-0.0024117518088138112,0.0024117518088138112,-1,0.998646342464882,False,False,True,False,0.013832384052074875,0.013832384052074875,1,0.9581685021492332,True,False,False,True,0.004301075268817289,0.0,0,1.0254917787642037,False,False,False,True,0.008071367884451952,0.008071367884451952,1,1.102907688050213,False,False,False,True,0.012014417300760805,0.0,0,1.1860056805649393,False,False,True,False,0.0018463810930575697,0.0,0,1.0041803236522657,False,False,True,False,0.015076923076922988,0.0,0,0.9795373665480427,False,False,False,True,0.002701722638371182,1.0264632173555706
2025-10-28,-0.009417808219178037,-0.0,0,0.990786221843235,False,False,False,True,-0.010299625468164764,-0.0,0,0.996744108108,False,False,False,True,-0.015604395604395638,0.015604395604395638,-1,1.0142296150615868,False,False,True,False,-0.005617977528089901,-0.005617977528089901,1,0.9527855330360353,False,False,False,True,0.026124197002141303,0.0,0,1.0254917787642037,False,False,False,True,-0.006321112515802807,-0.006321112515802807,1,1.0959360844595039,False,False,False,True,-0.017016224772457456,-0.0,0,1.1860056805649393,False,False,True,False,0.0,0.0,-1,1.0041803236522657,False,True,True,False,0.0018187329493786208,0.0,0,0.9795373665480427,False,False,False,True,0.0004072561733892144,1.0268812508375955
2025-10-29,0.0,0.0,0,0.990786221843235,False,False,True,False,0.007332071901608339,0.0,0,0.996744108108,False,False,False,True,-0.01294931904442953,0.01294931904442953,-1,1.0273631979313282,False,False,True,False,0.01614205004035507,0.01614205004035507,1,0.9681654447880294,False,False,False,True,-0.00959933222036724,-0.0,0,1.0254917787642037,False,False,False,True,0.012510602205258792,0.012510602205258792,1,1.1096469048545656,False,False,False,True,0.048309178743961345,0.0,0,1.1860056805649393,False,False,False,True,0.004054552156284474,-0.004054552156284474,-1,1.000108822155703,False,True,True,False,0.012102874432677657,0.0,0,0.9795373665480427,False,False,False,True,0.004171935459306547,1.031165333140462
2025-10-30,-0.00028810141169688386,-0.0,0,0.990786221843235,False,False,True,False,-0.002347969006809114,-0.0,0,0.996744108108,False,False,True,False,-0.001583352182764064,0.001583352182764064,-1,1.028989875693264,False,False,True,False,-0.019062748212867353,-0.019062748212867353,1,0.9497095506856364,False,False,False,True,0.01179941002949847,0.0,0,1.0254917787642037,False,False,False,True,-0.0018848167539267102,-0.0018848167539267102,1,1.1075554237773528,False,False,False,True,-0.010752688172043001,-0.0,0,1.1860056805649393,False,False,False,True,-0.001468428781204123,0.001468428781204123,-1,1.0015774107344926,False,True,True,False,-0.008071748878923812,-0.0,0,0.9795373665480427,False,False,False,True,-0.001988420444758431,1.0291149429101194
2025-10-31,0.002305475504322807,0.0,0,0.990786221843235,False,False,True,False,0.0025888444339845496,0.0,0,0.996744108108,False,False,True,False,-0.0072496601721794285,0.0072496601721794285,-1,1.0364497026126533,False,False,True,False,-0.0080971659919028,-0.0080971659919028,0,0.9420195948096394,False,False,True,False,-0.005414410662224034,-0.0,0,1.0254917787642037,False,False,False,True,-0.013638271086865328,-0.013638271086865328,1,1.0924502826641493,False,False,False,True,-0.0015527950310558758,-0.0,0,1.1860056805649393,False,False,True,False,-0.0003676470588235281,0.0003676470588235281,0,1.0019456377237332,False,False,False,True,-0.003013863773357439,-0.0,0,0.9795373665480427,False,False,False,True,-0.00156868109419613,1.0275005897554215
2025-11-03,0.0017251293847038163,0.0,0,0.990786221843235,False,False,True,False,0.014084507042253502,0.0,0,0.996744108108,False,False,True,False,-0.011410314924691911,0.011410314924691911,-1,1.048275920123067,False,False,True,False,-0.018775510204081636,-0.0,0,0.9420195948096394,False,False,True,False,0.04313232830820768,0.0,0,1.0254917787642037,False,False,False,True,-0.00446713465220161,-0.00446713465220161,0,1.0875701601506529,False,False,True,False,-0.001166407465007735,-0.0,0,1.1860056805649393,False,False,True,False,0.00036778227289446797,0.0,0,1.0019456377237332,False,False,True,False,-0.003929866989117237,-0.0,0,0.9795373665480427,False,False,True,False,0.0007714644747211446,1.0282932699581728
2025-11-04,-0.0002870264064294137,-0.0,0,0.990786221843235,False,False,True,False,-0.006249999999999978,-0.0,0,0.996744108108,False,False,False,True,-0.005540166204986097,0.005540166204986097,-1,1.0540835429492335,False,False,True,False,-0.010815307820299491,-0.0,0,0.9420195948096394,False,False,True,False,0.002408671216378888,0.0,0,1.0254917787642037,False,False,False,True,-0.002136752136752129,-0.0,-1,1.0875701601506529,False,True,True,False,-0.02452316076294281,-0.0,-1,1.1860056805649393,False,True,True,False,-0.004779411764705865,-0.0,0,1.0019456377237332,False,False,True,False,-0.009104704097116834,-0.0,0,0.9795373665480427,False,False,True,False,0.000615574022776233,1.0289262605829548
2025-11-05,0.003445305770887197,0.0,0,0.990786221843235,False,False,False,True,-0.0013976240391334604,-0.0,0,0.996744108108,False,False,True,False,-0.003017641597028775,0.003017641597028775,0,1.0572643892951805,False,False,False,True,0.005046257359125228,0.0,0,0.9420195948096394,False,False,True,False,0.01601922306768122,0.0,0,1.0254917787642037,False,False,False,True,-0.006852248394004334,0.006852248394004334,-1,1.0950224610339123,False,True,True,False,0.012370311252992927,-0.012370311252992927,-1,1.1713344211485333,False,False,True,False,0.005910602142593202,0.0,0,1.0019456377237332,False,False,True,False,-0.003675344563552785,-0.0,-1,0.9795373665480427,False,True,True,False,-0.000277824584662202,1.0286403995719604
2025-11-06,-0.0025751072961373023,-0.0,0,0.990786221843235,False,False,False,True,0.010730114299043692,0.0,0,0.996744108108,False,False,True,False,0.016530849825378446,0.0,0,1.0572643892951805,False,False,False,True,0.010041841004184038,0.0,0,0.9420195948096394,False,False,True,False,0.004729996058336683,0.0,0,1.0254917787642037,False,False,False,True,-0.0017248814144027458,0.0017248814144027458,-1,1.0969112449253031,False,False,True,False,0.017343318880567615,-0.017343318880567615,-1,1.1510195947667692,False,False,True,False,-0.0007344840249724482,-0.0,0,1.0019456377237332,False,False,True,False,0.0009222256378726978,-0.0009222256378726978,-1,0.9786340120753578,False,False,True,False,-0.0018378514560041742,1.0267499113159024
2025-11-07,-0.0005737234652897216,-0.0,0,0.990786221843235,False,False,True,False,-0.0018462958689129394,-0.0,0,0.996744108108,False,False,False,True,-0.008245533669262506,-0.0,0,1.0572643892951805,False,False,False,True,0.0024855012427507095,0.0,0,0.9420195948096394,False,False,True,False,-0.003923107100823886,-0.0,0,1.0254917787642037,False,False,False,True,-0.0041036717062634676,0.0041036717062634676,-1,1.1014126085653853,False,False,True,False,-0.015885315769081698,0.015885315769081698,-1,1.1693039044860398,False,False,True,False,-0.0018375597206908845,-0.0,0,1.0019456377237332,False,False,True,False,-0.0033783783783783994,0.0033783783783783994,-1,0.981940208062099,False,False,True,False,0.002596373983747063,1.0294157380734577
2025-11-10,0.0048794489092995885,0.0,0,0.990786221843235,False,False,True,False,0.0046242774566473965,0.0,0,0.996744108108,False,False,True,False,0.0034642032332563577,0.0,0,1.0572643892951805,False,False,False,True,0.013223140495867813,0.0,0,0.9420195948096394,False,False,False,True,-0.004726270185112291,-0.0,0,1.0254917787642037,False,False,True,False,0.0006506180871828082,-0.0006506180871828082,-1,1.1006960096008014,False,False,True,False,-0.0035433070866142113,0.0035433070866142113,-1,1.1734471072972108,False,False,True,False,0.0,0.0,0,1.0019456377237332,False,False,True,False,0.002157164869029282,-0.002157164869029282,-1,0.9798220011417802,False,False,True,False,8.172490337801343e-05,1.0294998669751876
2025-11-11,-0.0037132247929163587,-0.0,0,0.990786221843235,False,False,False,True,-0.002761795166858483,-0.0,0,0.996744108108,False,False,True,False,0.009205983889528202,0.0,0,1.0572643892951805,False,False,False,True,-0.00897226753670477,-0.0,0,0.9420195948096394,False,False,False,True,-0.01068460625247325,-0.0,0,1.0254917787642037,False,False,True,False,-0.00910273081924573,0.00910273081924573,-1,1.1107153490900155,False,False,True,False,-0.041485578822599734,0.041485578822599734,-1,1.222128239761141,False,False,True,False,-0.0014727540500736325,-0.0,0,1.0019456377237332,False,False,True,False,-0.0030750307503074614,0.0030750307503074614,-1,0.982834983925119,False,False,True,False,0.00596259337690588,1.0356383560635394
2025-11-12,0.013188073394495348,0.0,0,0.990786221843235,False,False,False,True,0.009923840295407382,0.0,0,0.996744108108,False,False,False,True,-0.0029646522234891837,-0.0,0,1.0572643892951805,False,False,False,True,-0.0008230452674896638,-0.0,1,0.9420195948096394,True,False,False,True,-0.0023999999999999577,-0.0,-1,1.0254917787642037,False,True,True,False,0.0019685039370078705,-0.0019685039370078705,-1,1.1085289015524367,False,False,True,False,0.004946413849958864,-0.004946413849958864,-1,1.2160830877095608,False,False,True,False,-0.0033185840707964376,-0.0,0,1.0019456377237332,False,False,True,False,0.004009870450339292,-0.004009870450339292,0,0.978893942965518,False,False,False,True,-0.0012138653597006696,1.0343812305379365
2025-11-13,0.0,0.0,0,0.990786221843235,False,False,False,True,0.007769652650822634,0.0,0,0.996744108108,False,False,False,True,0.0009149130832570851,0.0,0,1.0572643892951805,False,False,False,True,0.020593080724876422,0.020593080724876422,1,0.9614186803699697,False,False,False,True,-0.000801924619085792,0.000801924619085792,-1,1.0263141458682647,False,False,True,False,0.001091464745688775,-0.001091464745688775,0,1.1073189813368152,False,False,False,True,-0.004101722723543921,0.004101722723543921,-1,1.2210711233441367,False,False,True,False,-0.0018497965223824853,-0.0,0,1.0019456377237332,False,False,True,False,-0.0003072196620583778,-0.0,0,0.978893942965518,False,False,False,True,0.0027116959246463734,1.037186157905317
2025-11-14,-0.009337860780984752,-0.0,0,0.990786221843235,False,False,False,True,-0.00952380952380949,-0.0,0,0.996744108108,False,False,False,True,-0.012340036563071255,-0.0,0,1.0572643892951805,False,False,True,False,-0.01049233252623083,-0.01049233252623083,1,0.951331155878598,False,False,False,True,-0.0008025682182986049,0.0008025682182986049,-1,1.0271378329837288,False,False,True,False,0.004797208896641925,0.0,1,1.1073189813368152,True,False,False,True,-0.018121911037891292,0.018121911037891292,-1,1.243199265612317,False,False,True,False,-0.002965159377316562,-0.0,0,1.0019456377237332,False,False,True,False,0.0006146281499692652,0.0,1,0.978893942965518,True,False,False,True,0.0009369051922176741,1.0381579030019548
2025-11-17,-0.00856898029134534,-0.0,0,0.990786221843235,False,False,True,False,-0.005265567765567747,-0.0,0,0.996744108108,False,False,True,False,0.004164738546968971,0.0,0,1.0572643892951805,False,False,False,True,0.004078303425774976,0.004078303425774976,0,0.9552109729906642,False,False,True,False,-0.016465863453815288,0.016465863453815288,-1,1.0440505442898866,False,False,True,False,-0.0015190972222222099,-0.0015190972222222099,1,1.1056368561481524,True,False,False,True,0.015100671140939603,-0.015100671140939603,-1,1.2244261223396478,False,False,True,False,-0.0003717472118959231,-0.0,0,1.0019456377237332,False,False,True,False,0.014127764127764175,0.014127764127764175,1,0.9927235256978318,False,False,False,True,0.002005795849354736,1.0402402358147709
2025-11-18,-0.007202535292422985,-0.0,-1,0.990786221843235,False,True,True,False,-0.011967779056386685,-0.0,0,0.996744108108,False,False,True,False,0.003225806451612856,0.0,0,1.0572643892951805,False,False,True,False,-0.01380991064175463,-0.0,0,0.9552109729906642,False,False,True,False,-0.007349938750510376,0.007349938750510376,-1,1.0517242518428542,False,False,True,False,-0.017604868506846283,-0.017604868506846283,1,1.0861722646793412,False,False,False,True,-0.04214876033057846,0.04214876033057846,-1,1.2760341655126413,False,False,True,False,-0.0037188545927854255,-0.0,0,1.0019456377237332,False,False,True,False,-0.0048455481526347155,-0.0048455481526347155,1,0.9879132360518097,False,False,False,True,0.003005364713511982,1.043366537113064
2025-11-19,0.0011607661056296514,-0.0011607661056296514,-1,0.9896361507789945,False,True,True,False,0.004891684136967056,0.0,-1,0.996744108108,False,True,True,False,0.01653651814423518,0.0,0,1.0572643892951805,False,False,True,False,-0.02635914332784184,-0.0,0,0.9552109729906642,False,False,True,False,-0.00493624023035788,0.00493624023035788,-1,1.056915815406044,False,False,True,False,-0.006194690265486691,-0.006194690265486691,0,1.0794437639246905,False,False,True,False,-0.016824849007765263,0.016824849007765263,-1,1.297503247676141,False,False,True,False,0.006718924972004547,0.0,0,1.0019456377237332,False,False,False,True,-0.002738892270237381,-0.002738892270237381,1,0.9852074481259222,False,False,False,True,0.0012963045107521579,1.0447190578614916
2025-11-20,-0.0017391304347825765,0.0017391304347825765,-1,0.9913572571281755,False,False,True,False,-0.0018544274455262189,0.0018544274455262189,-1,0.9985924977382421,False,False,True,False,-0.023271577044735703,-0.0,0,1.0572643892951805,False,False,False,True,-0.02030456852791873,-0.0,-1,0.9552109729906642,False,True,True,False,-0.0028937577511368717,0.0028937577511368717,-1,1.0599742737391744,False,False,True,False,-0.00801424755120217,-0.0,0,1.0794437639246905,False,False,True,False,-0.022817025010969716,0.022817025010969716,-1,1.327108411730182,False,False,True,False,-0.0014831294030404063,-0.0,0,1.0019456377237332,False,False,False,True,-0.0030515715593530945,-0.0030515715593530945,1,0.9822010170971583,False,False,False,True,0.0029169743425624763,1.0477664765484596
2025-11-21,-0.003193960511033711,0.003193960511033711,-1,0.9945236130597697,False,False,True,False,-0.008824895494658591,0.008824895494658591,-1,1.0074049721725322,False,False,True,False,-0.011103400416377474,-0.0,0,1.0572643892951805,False,False,True,False,0.010362694300518172,-0.010362694300518172,-1,0.9453124136850614,False,False,True,False,0.007877280265339959,-0.007877280265339959,-1,1.0516245593108808,False,False,True,False,0.0,0.0,0,1.0794437639246905,False,False,True,False,-0.009429726088908796,0.009429726088908796,-1,1.3396226805430844,False,False,True,False,-0.00037133308577796953,-0.0,1,1.0019456377237332,True,False,False,True,0.0009182736455464191,0.0009182736455464191,0,0.9831029464057875,False,False,True,False,0.0004585423526988208,1.048246921853695
2025-11-24,-0.0017477424992717872,0.0017477424992717872,-1,0.9962617842448436,False,False,True,False,0.0018744142455482393,-0.0018744142455482393,-1,1.005516677941656,False,False,True,False,-0.007485380116959095,-0.0,0,1.0572643892951805,False,False,True,False,0.011111111111111072,-0.011111111111111072,-1,0.934808942421894,False,False,True,False,0.006170300287947406,-0.006170300287947406,0,1.0451357199897524,False,False,False,True,0.008976660682226134,0.0,0,1.0794437639246905,False,False,True,False,-0.005893019038984537,0.005893019038984537,-1,1.3475171025045802,False,False,True,False,0.00928677563150071,0.00928677563150071,1,1.0112504820562345,True,False,False,True,0.007645259938837912,0.0,0,0.9831029464057875,False,False,True,False,-0.00024758760831663135,1.047987388905388
2025-11-25,-0.005252407353370292,0.005252407353370292,-1,1.001494556966293,False,False,True,False,0.003975678203928856,-0.003975678203928856,-1,1.0015190672014764,False,False,True,False,-0.014847984916332768,-0.0,0,1.0572643892951805,False,False,True,False,-0.008453085376162295,0.008453085376162295,-1,0.9427109622225864,False,False,True,False,-0.00613246116107935,-0.0,1,1.0451357199897524,True,False,False,True,-0.0011120996441280617,-0.0,0,1.0794437639246905,False,False,False,True,-0.009575923392612817,0.009575923392612817,-1,1.3604208230483998,False,False,True,False,0.004416635995583285,0.004416635995583285,1,1.015716807335835,False,False,False,True,0.004248861911987811,0.0,0,0.9831029464057875,False,False,True,False,0.002635819323755537,1.0507496943161168
2025-11-26,0.0011733646230565054,-0.0011733646230565054,0,1.000319438682965,False,False,False,True,-0.0004658746797111535,0.0004658746797111535,0,1.0019856495761335,False,False,False,True,0.009569377990430672,0.0,0,1.0572643892951805,False,False,True,False,0.0017050298380221207,-0.0017050298380221207,0,0.9411036119033663,False,False,False,True,0.0032908268202385127,0.0032908268202385127,1,1.048575080647884,True,False,False,True,-0.00044533511467381715,-0.0,0,1.0794437639246905,False,False,False,True,-0.0013812154696132284,0.0013812154696132284,0,1.362299857334378,False,False,False,True,-0.0014657383657017409,-0.0014657383657017409,1,1.0142280322426347,False,False,False,True,-0.0015110305228165366,-0.0,0,0.9831029464057875,False,False,True,False,8.819823808694751e-05,1.0508423685878259
2025-11-27,-0.006445941986522152,-0.0,0,1.000319438682965,False,False,True,False,0.002097413190398578,0.0,0,1.0019856495761335,False,False,False,True,0.010426540284360186,0.0,0,1.0572643892951805,False,False,True,False,0.0008510638297871687,0.0,0,0.9411036119033663,False,False,False,True,0.012300123001230068,0.012300123001230068,1,1.0614726831158776,False,False,False,True,0.006237469369570148,0.0,1,1.0794437639246905,True,False,False,True,-0.012448132780082943,-0.0,0,1.362299857334378,False,False,False,True,0.0011009174311926717,0.0011009174311926717,1,1.0153446135625348,False,False,False,True,-0.0033292978208232515,-0.0,0,0.9831029464057875,False,False,True,False,0.0014890044924914154,1.0524070775955534
2025-11-28,0.007962253022707255,0.0,0,1.000319438682965,False,False,True,False,0.005116279069767415,0.0,1,1.0019856495761335,True,False,False,True,0.011491557223264559,0.0,0,1.0572643892951805,False,False,False,True,0.0008503401360544505,0.0,1,0.9411036119033663,True,False,False,True,-0.021871202916160404,-0.021871202916160404,1,1.038256998673489,False,False,False,True,0.007084348018596476,0.007084348018596476,1,1.0870909192148368,True,False,False,True,-0.0037348272642390157,-0.0,0,1.362299857334378,False,False,False,True,0.006231671554252305,0.006231671554252305,1,1.0216719077086358,False,False,False,True,0.0027330701488004205,0.0,0,0.9831029464057875,False,False,False,True,-0.0009505759270346248,1.0514066847621502
2025-12-01,-0.0008777062609712782,-0.0,0,1.000319438682965,False,False,True,False,0.011800092549745456,0.011800092549745456,1,1.0138091729746486,False,False,False,True,0.0030141432877348606,0.0,0,1.0572643892951805,False,False,False,True,-0.000849617672047609,-0.000849617672047609,1,0.9403040336434654,False,False,False,True,-0.004968944099378869,-0.004968944099378869,1,1.0330979576862915,False,False,False,True,0.0008793141349747735,0.0008793141349747735,1,1.0880468136261052,False,False,False,True,0.024367385192127555,0.0,0,1.362299857334378,False,False,False,True,0.0029143897996357637,0.0029143897996357637,1,1.0246494578950363,False,False,False,True,0.007571168988491861,0.0,0,0.9831029464057875,False,False,False,True,0.0010861371903255017,1.0525486566646272
2025-12-02,0.007906295754026349,0.0,0,1.000319438682965,False,False,True,False,0.002058083695403612,0.002058083695403612,1,1.0158956771037984,False,False,False,True,0.007859454461396131,0.0,1,1.0572643892951805,True,False,False,True,0.005952380952380931,0.005952380952380931,0,0.9459010814627717,False,False,True,False,0.004161464835622075,0.004161464835622075,0,1.037397158508956,False,False,True,False,0.0048319789150010894,0.0048319789150010894,1,1.0933042328880807,False,False,False,True,0.003202195791399909,0.0,0,1.362299857334378,False,False,False,True,0.002542680711950629,0.002542680711950629,1,1.0272548143081366,False,False,False,True,-0.0015028554253080362,-0.0,0,0.9831029464057875,False,False,False,True,0.00217184323448426,1.0548346273435696
2025-12-03,0.0,0.0,0,1.000319438682965,False,False,False,True,0.001369237790963096,0.001369237790963096,1,1.017286679856565,False,False,False,True,0.0011467889908256534,0.0011467889908256534,1,1.0584768484572162,True,False,False,True,-0.015215553677092153,-0.0,0,0.9459010814627717,False,False,True,False,-0.0016576875259013413,-0.0,0,1.037397158508956,False,False,True,False,-0.007431693989071064,-0.007431693989071064,1,1.0851791303923004,False,False,False,True,-0.02371181030551761,-0.0,0,1.362299857334378,False,False,False,True,-0.0014492753623188692,-0.0014492753623188692,0,1.0257660392149364,False,False,True,False,0.0006020469596628164,0.0,0,0.9831029464057875,False,False,False,True,-0.0007072158410667982,1.0540886315854063
2025-12-04,0.0020337013364322143,0.0,1,1.000319438682965,True,False,False,True,0.005469462169553241,0.005469462169553241,1,1.022850690867631,False,False,False,True,-0.007331042382588748,-0.007331042382588748,1,1.0507171098201875,False,False,False,True,-0.0025751072961373023,-0.0,0,0.9459010814627717,False,False,True,False,-0.00581154005811535,-0.0,0,1.037397158508956,False,False,True,False,-0.0090288482713059,-0.0090288482713059,0,1.0753812126768005,False,False,True,False,0.019617001401214473,0.0,0,1.362299857334378,False,False,False,True,0.0007256894049347817,0.0,0,1.0257660392149364,False,False,True,False,0.002406738868832692,0.0,0,0.9831029464057875,False,False,False,True,-0.0012100476093712675,1.052813134156691
2025-12-05,0.0026094520150767853,0.0026094520150767853,1,1.0029297242579567,True,False,False,True,0.015412511332729029,0.015412511332729029,1,1.038615388732318,False,False,False,True,0.01200092314793455,0.01200092314793455,1,1.0633266851053595,False,False,False,True,-0.02151462994836484,-0.0,0,0.9459010814627717,False,False,True,False,-0.007515657620041805,-0.0,0,1.037397158508956,False,False,True,False,-0.016444444444444484,-0.0,0,1.0753812126768005,False,False,True,False,0.044434264773247856,0.0,0,1.362299857334378,False,False,False,True,-0.0029006526468455807,-0.0,0,1.0257660392149364,False,False,True,False,-0.0036014405762304635,-0.0,0,0.9831029464057875,False,False,False,True,0.0033358762773044847,1.056325188515359
2025-12-08,0.0028918449971082616,0.0028918449971082616,1,1.0058300415635033,True,False,False,True,-0.0022321428571429047,-0.0022321428571429047,1,1.0362970508110405,False,False,False,True,-0.007753705815279344,-0.007753705815279344,0,1.0550819628035164,False,False,True,False,-0.0035180299032542273,-0.0,0,0.9459010814627717,False,False,True,False,-0.01472444257467398,-0.0,0,1.037397158508956,False,False,True,False,0.0011296882060551905,0.0,0,1.0753812126768005,False,False,True,False,-0.04078947368421049,-0.0,0,1.362299857334378,False,False,False,True,0.0,0.0,0,1.0257660392149364,False,False,True,False,-0.008734939759036164,-0.0,0,0.9831029464057875,False,False,True,False,-0.000788222630590443,1.0554925690965085
2025-12-09,-0.009803921568627416,-0.009803921568627416,1,0.9959689627246454,False,False,False,True,-0.023489932885906062,-0.023489932885906062,0,1.0119545026376269,False,False,True,False,-0.00850379223167086,-0.0,0,1.0550819628035164,False,False,True,False,-0.007060900264783787,-0.0,0,0.9459010814627717,False,False,True,False,-0.010674637062339842,-0.0,0,1.037397158508956,False,False,True,False,-0.014443692168810696,-0.0,-1,1.0753812126768005,False,True,True,False,-0.010059442158207643,-0.0,0,1.362299857334378,False,False,False,True,-0.0007272727272726875,-0.0,0,1.0257660392149364,False,False,True,False,-0.01185050136736554,-0.0,0,0.9831029464057875,False,False,True,False,-0.003699317161614831,1.0515879673216928
2025-12-10,-0.0032032615026208466,-0.0032032615026208466,0,0.9927786136885444,False,False,True,False,0.007560137457044647,0.0,0,1.0119545026376269,False,False,True,False,-0.011590171534538674,-0.0,-1,1.0550819628035164,False,True,True,False,-0.027555555555555555,-0.0,0,0.9459010814627717,False,False,True,False,0.00517911091929224,0.0,0,1.037397158508956,False,False,True,False,-0.008930615983512746,0.008930615983512746,-1,1.0849850293231014,False,False,True,False,-0.011547344110854452,-0.0,0,1.362299857334378,False,False,False,True,0.0029112081513829047,0.0,0,1.0257660392149364,False,False,True,False,0.009225092250922495,0.0,-1,0.9831029464057875,False,True,True,False,0.0006363727200991,1.0522571692168807
2025-12-11,0.002337131171487039,0.0,0,0.9927786136885444,False,False,True,False,-0.0009095043201454711,-0.0,-1,1.0119545026376269,False,True,True,False,0.013367729831144537,-0.013367729831144537,-1,1.0409779121750453,False,False,True,False,0.00822669104204743,0.0,0,0.9459010814627717,False,False,True,False,-0.0025762129669385514,-0.0,0,1.037397158508956,False,False,True,False,-0.01201478743068396,0.01201478743068396,-1,1.0980208938158929,False,False,True,False,-0.032710280373831724,-0.0,0,1.362299857334378,False,False,True,False,0.005079825834542806,0.0,0,1.0257660392149364,False,False,False,True,-0.013406459475929333,0.013406459475929333,-1,0.9962828762174435,False,False,True,False,0.001339279675052084,1.0536664358565406
2025-12-12,-0.0017487612940834119,-0.0,0,0.9927786136885444,False,False,True,False,0.00910332271279013,-0.00910332271279013,-1,1.0027423542294556,False,False,True,False,-0.010414255959268703,0.010414255959268703,-1,1.0518189226003816,False,False,True,False,0.020852221214868516,0.0,0,0.9459010814627717,False,False,False,True,0.010331467929401539,0.0,0,1.037397158508956,False,False,False,True,-0.013096351730589317,0.013096351730589317,-1,1.112400961648842,False,False,True,False,-0.017874396135265647,-0.0,0,1.362299857334378,False,False,True,False,0.0,0.0,0,1.0257660392149364,False,False,False,True,-0.0018529956763434496,0.0018529956763434496,-1,0.9981289840794896,False,False,True,False,0.001806697850379038,1.055570092741219
2025-12-15,-0.005547445255474459,-0.0,0,0.9927786136885444,False,False,True,False,-0.011276499774469984,0.011276499774469984,-1,1.0140497781607754,False,False,True,False,-0.007015902712815714,0.007015902712815714,-1,1.0591983818328443,False,False,True,False,0.026642984014209503,0.0,0,0.9459010814627717,False,False,False,True,-0.002556455048998707,-0.0,0,1.037397158508956,False,False,False,True,0.02251184834123232,-0.02251184834123232,0,1.0873587599055623,False,False,False,True,0.043777668470241116,0.0,-1,1.362299857334378,False,True,True,False,0.010108303249097395,0.0,0,1.0257660392149364,False,False,False,True,0.00030940594059414295,-0.00030940594059414295,-1,0.9978201570423362,False,False,True,False,-0.000503205754948974,1.0550389237957996
2025-12-16,-0.01086318261890784,-0.0,0,0.9927786136885444,False,False,True,False,-0.003421532846715314,0.003421532846715314,-1,1.017519382784957,False,False,True,False,-0.009656146961846468,0.009656146961846468,-1,1.069426157069572,False,False,True,False,0.01211072664359869,0.0,0,0.9459010814627717,False,False,False,True,0.007689021785561634,0.0,1,1.037397158508956,True,False,False,True,0.08203939745075317,0.0,0,1.0873587599055623,False,False,False,True,0.006126295947219695,-0.006126295947219695,0,1.3539540052394925,False,False,False,True,-0.0032165832737669486,-0.0,0,1.0257660392149364,False,False,False,True,0.004021033096195392,-0.004021033096195392,0,0.9938078891668181,False,False,False,True,0.0003255945294607438,1.0553824386977555
2025-12-17,-0.006233303650934996,-0.0,0,0.9927786136885444,False,False,True,False,0.003204394598306237,-0.003204394598306237,-1,1.0142588491710889,False,False,True,False,-0.008085612366230732,0.008085612366230732,-1,1.0780731224299442,False,False,True,False,0.0,0.0,1,0.9459010814627717,True,False,False,True,-0.011869436201780381,-0.011869436201780381,1,1.0250838391201258,True,False,False,True,0.002355964874705574,0.0,0,1.0873587599055623,False,False,False,True,-0.005152224824355955,-0.0,0,1.3539540052394925,False,False,False,True,-0.0014342058085334841,-0.0,0,1.0257660392149364,False,False,False,True,-0.00030807147258160583,-0.0,0,0.9938078891668181,False,False,False,True,-0.0007764687148728763,1.0545629672518804
2025-12-18,0.0026881720430107503,0.0,0,0.9927786136885444,False,False,True,False,0.0018252338580879712,-0.0018252338580879712,-1,1.0124075895787166,False,False,True,False,0.0031167585710860646,-0.0031167585710860646,-1,1.0747130287853532,False,False,True,False,0.01965811965811959,0.01965811965811959,1,0.9644957181069116,False,False,False,True,0.0038610038610038533,0.0038610038610038533,1,1.0290416917808212,False,False,False,True,0.005982905982905962,0.0,1,1.0873587599055623,True,False,False,True,0.06073446327683607,0.0,0,1.3539540052394925,False,False,False,True,0.0025134649910232287,0.0,0,1.0257660392149364,False,False,False,True,0.00986132511556237,0.0,1,0.9938078891668181,True,False,False,True,0.002064125676661045,1.056739717750241
2025-12-19,0.005659815311289895,0.0,0,0.9927786136885444,False,False,True,False,0.010475973582327436,-0.010475973582327436,-1,1.001801634415742,False,False,True,False,-0.009082217973231388,0.009082217973231388,-1,1.0844738067714534,False,False,True,False,-0.014249790444258226,-0.014249790444258226,1,0.9507518562395038,False,False,False,True,-0.007264957264957239,-0.007264957264957239,0,1.0215657478661742,False,False,True,False,-0.011894647408666081,-0.011894647408666081,1,1.0744250108497613,False,False,False,True,-0.016422547714158853,-0.0,0,1.3539540052394925,False,False,False,True,0.003939828080229191,0.0,0,1.0257660392149364,False,False,True,False,-0.0024412572474824534,-0.0024412572474824534,1,0.9913817484547843,True,False,False,True,-0.004138267552717783,1.052366646064607
2025-12-22,0.0023696682464455776,0.0,0,0.9927786136885444,False,False,False,True,0.0015776425512734615,-0.0015776425512734615,0,1.0002211495293525,False,False,False,True,0.014712976362759367,-0.014712976362759367,0,1.0685179692863933,False,False,False,True,-0.005952380952380931,-0.005952380952380931,1,0.9450926189999829,False,False,False,True,0.0060266896254843605,0.0,0,1.0215657478661742,False,False,True,False,-0.01311263972484955,-0.01311263972484955,1,1.0603364627711207,False,False,False,True,0.005415162454873723,0.0,0,1.3539540052394925,False,False,False,True,0.0039243667499107016,0.0,0,1.0257660392149364,False,False,True,False,0.002447231569287167,0.002447231569287167,1,0.993807889166818,False,False,False,True,-0.0036564897802195714,1.0485186781782279
2025-12-23,0.004432624113475114,0.0,1,0.9927786136885444,True,False,False,True,-0.0011251125112511362,-0.0,0,1.0002211495293525,False,False,False,True,0.008557166627050083,0.0,0,1.0685179692863933,False,False,False,True,0.0051325919589393365,0.0051325919589393365,0,0.9499433937767151,False,False,True,False,0.005134788189987249,0.0,0,1.0215657478661742,False,False,True,False,0.032019167937268556,0.032019167937268556,1,1.0942875540425985,False,False,False,True,0.01032315978456011,0.0,0,1.3539540052394925,False,False,False,True,0.004975124378109541,0.0,0,1.0257660392149364,False,False,False,True,0.0012206286237412822,0.0012206286237412822,1,0.9950209595228349,False,False,False,True,0.0042635987244387975,1.0529891410770589
2025-12-24,0.013533392174168934,0.013533392174168934,1,1.0062142760097192,True,False,False,True,0.006082451002477951,0.0,1,1.0002211495293525,True,False,False,True,0.0002356823002591657,0.0,1,1.0685179692863933,True,False,False,True,0.007659574468085184,0.0,0,0.9499433937767151,False,False,True,False,-0.002128565346956157,-0.0,0,1.0215657478661742,False,False,True,False,0.009075559307724745,0.009075559307724745,1,1.104218825639017,False,False,False,True,0.005775211017325699,0.0,0,1.3539540052394925,False,False,False,True,0.0028288543140029265,0.0,0,1.0257660392149364,False,False,False,True,0.0012191405059434057,0.0012191405059434057,1,0.9962340298788518,False,False,False,True,0.0026475657764263427,1.055776999089923
2025-12-25,0.005224963715529718,0.005224963715529718,1,1.011471709091918,False,False,False,True,-0.0024630541871921707,-0.0024630541871921707,1,0.997757550638886,False,False,False,True,0.006361922714420265,0.006361922714420265,1,1.0753157980259627,False,False,False,True,0.0,0.0,0,0.9499433937767151,False,False,True,False,0.0034129692832765013,0.0,0,1.0215657478661742,False,False,True,False,-0.005019870320016717,-0.005019870320016717,0,1.098675790329388,False,False,True,False,-0.007067137809187329,-0.0,0,1.3539540052394925,False,False,True,False,0.005289139633286366,0.0,0,1.0257660392149364,False,False,False,True,-0.0015220700152207556,-0.0015220700152207556,0,0.9947176919338306,False,False,True,False,0.00028687687861337106,1.0560798770999338
2025-12-26,0.013860814322841364,0.013860814322841364,1,1.025491530644448,False,False,False,True,0.005836139169472565,0.005836139169472565,1,1.0035806025618066,False,False,False,True,0.0030437836572232424,0.0030437836572232424,1,1.078588826678348,False,False,False,True,0.013513513513513598,0.0,0,0.9499433937767151,False,False,True,False,0.01658163265306123,0.0,0,1.0215657478661742,False,False,False,True,0.0157662392264033,0.0,0,1.098675790329388,False,False,True,False,-0.007562277580071219,-0.0,0,1.3539540052394925,False,False,True,False,0.019642230796211857,0.0,0,1.0257660392149364,False,False,False,True,0.0009146341463415197,0.0,0,0.9947176919338306,False,False,True,False,0.002526748572170797,1.0587483254214942
2025-12-29,-0.0037026488180005313,-0.0037026488180005313,1,1.021694495640638,False,False,False,True,0.00736442758312883,0.00736442758312883,1,1.010971399233206,False,False,False,True,-0.006535947712418277,-0.006535947712418277,1,1.0715392265039798,False,False,False,True,-0.015833333333333366,-0.0,0,0.9499433937767151,False,False,False,True,-0.0016729401923881726,-0.0,0,1.0215657478661742,False,False,False,True,-0.011382450331125837,-0.0,0,1.098675790329388,False,False,False,False,-0.02465262214253694,-0.0,0,1.3539540052394925,False,False,True,False,-0.0068799449604403096,-0.0,0,1.0257660392149364,False,False,False,True,0.0012183978068840418,0.0,0,0.9947176919338306,False,False,True,False,-0.0003193521052544421,1.0584102119148362
2025-12-30,0.0008576329331047017,0.0008576329331047017,1,1.022570734487671,False,False,False,True,-0.00022153300841820656,-0.00022153300841820656,1,1.010747435697709,False,False,False,True,0.017152255639097724,0.017152255639097724,1,1.089918541244297,False,False,False,True,0.02709568162574083,0.0,0,0.9499433937767151,False,False,False,True,0.006702974444909859,0.0,0,1.0215657478661742,False,False,False,True,0.006908101318819249,0.0,0,1.098675790329388,False,False,True,False,0.028952205882353033,0.0,-1,1.3539540052394925,False,True,True,False,0.008659508139937655,0.0,0,1.0257660392149364,False,False,False,True,-0.0015211439002129623,-0.0,0,0.9947176919338306,False,False,True,False,0.00197648395153158,1.060502142712823
2025-12-31,-0.00856898029134534,-0.00856898029134534,0,1.0138083460173397,False,False,True,False,0.01595391092399745,0.01595391092399745,1,1.0268728102534892,False,False,False,True,-0.008547008547008517,-0.008547008547008517,1,1.080602998156739,False,False,False,True,-0.0032976092333057982,-0.0,0,0.9499433937767151,False,False,False,True,-0.01581356637536413,-0.0,0,1.0215657478661742,False,False,True,False,-0.0010395010395010118,-0.0,0,1.098675790329388,False,False,True,False,-0.004019651630192023,0.004019651630192023,-1,1.3593964286638585,False,False,True,False,0.001717032967033072,0.0,0,1.0257660392149364,False,False,False,True,-0.003656307129798919,-0.0,0,0.9947176919338306,False,False,True,False,0.00031750819064840167,1.0608388608293344
2026-01-05,0.002304811293575293,0.0,0,1.0138083460173397,False,False,True,False,0.03140676117775354,0.03140676117775354,1,1.0591235593650492,False,False,False,True,-0.011183597390493905,-0.011183597390493905,0,1.0685179692863935,False,False,True,False,-0.026468155500413593,-0.0,0,0.9499433937767151,False,False,True,False,-0.0016913319238900382,-0.0,0,1.0215657478661742,False,False,True,False,-0.008532778355879289,-0.0,0,1.098675790329388,False,False,True,False,-0.030941704035874484,0.030941704035874484,-1,1.4014584706270001,False,False,True,False,0.004799451491258155,0.0,0,1.0257660392149364,False,False,True,False,-0.006727828746177389,-0.0,0,0.9947176919338306,False,False,True,False,0.005684985313681569,1.0668697141733319
2026-01-06,0.0071859729807415285,0.0,-1,1.0138083460173397,False,True,True,False,0.03171917953055625,0.03171917953055625,1,1.092718089689591,False,False,False,True,0.001413760603204528,0.0,0,1.0685179692863935,False,False,True,False,0.011045029736618472,0.0,0,0.9499433937767151,False,False,True,False,0.01228293096145694,0.0,0,1.0215657478661742,False,False,True,False,0.03253568429890841,0.0,0,1.098675790329388,False,False,True,False,0.01434521055067095,-0.01434521055067095,-1,1.3813542537878345,False,False,True,False,0.013647219379051556,0.0,0,1.0257660392149364,False,False,True,False,0.00461822660098532,0.0,0,0.9947176919338306,False,False,True,False,0.0019304409977650334,1.0689292432088457
2026-01-07,0.01769406392694073,-0.01769406392694073,-1,0.9958699563332428,False,False,True,False,0.0006148800983807323,0.0006148800983807323,1,1.0933899802960816,False,False,False,True,0.007294117647058895,0.0,0,1.0685179692863935,False,False,True,False,0.06806722689075628,0.0,0,0.9499433937767151,False,False,False,True,0.012133891213389036,0.0,0,1.0215657478661742,False,False,True,False,0.010774547672291135,0.0,0,1.098675790329388,False,False,False,True,0.06204379562043805,-0.06204379562043805,0,1.2956497927863995,False,False,False,True,0.012117132278693932,0.0,0,1.0257660392149364,False,False,True,False,0.021146184492798037,0.0,0,0.9947176919338306,False,False,False,True,-0.008791442160999783,1.0595318135929739
2026-01-08,-0.025799214806505932,0.025799214806505932,-1,1.0215626192560299,False,False,True,False,-0.02642359688652196,-0.02642359688652196,1,1.0644986842169757,False,False,False,True,0.005839757066105955,0.0,0,1.0685179692863935,False,False,True,False,-0.025177025963807997,-0.0,0,0.9499433937767151,False,False,False,True,-0.02521703183133528,-0.0,0,1.0215657478661742,False,False,True,False,-0.013475462590506804,-0.0,0,1.098675790329388,False,False,False,True,0.022336769759450092,0.0,0,1.2956497927863995,False,False,False,True,-0.019620884602593924,-0.0,0,1.0257660392149364,False,False,True,False,-0.004501800720288163,-0.0,0,0.9947176919338306,False,False,False,True,-6.937578666844758e-05,1.0594583077399056
2026-01-09,0.0014392630972941411,-0.0014392630972941411,-1,1.0200923218765596,False,False,True,False,0.026088786029875966,0.026088786029875966,0,1.0922701626185969,False,False,True,False,0.008128193218764457,0.0,0,1.0685179692863935,False,False,True,False,-0.0088781275221953,-0.0,0,0.9499433937767151,False,False,False,True,-0.008481764206955011,-0.0,0,1.0215657478661742,False,False,True,False,-0.0016309887869521145,-0.0,0,1.098675790329388,False,False,True,False,0.004621848739495782,0.0,0,1.2956497927863995,False,False,False,True,-0.004409769335142477,-0.0,0,1.0257660392149364,False,False,True,False,-0.00693397648477545,-0.0,0,0.9947176919338306,False,False,False,True,0.0027388358813979804,1.0623599901679888
2026-01-12,0.004599022707674649,-0.004599022707674649,0,1.0154008941243249,False,False,False,True,0.010867336477342615,0.0,0,1.0922701626185969,False,False,True,False,0.004837595024187902,0.0,0,1.0685179692863935,False,False,False,True,0.008957654723126929,0.0,0,0.9499433937767151,False,False,False,True,-0.0034217279726261873,-0.0,0,1.0215657478661742,False,False,True,False,0.008780886256891884,0.0,0,1.098675790329388,False,False,True,False,0.03554997908824764,0.0,1,1.2956497927863995,True,False,False,True,-0.0034071550255536653,-0.0,0,1.0257660392149364,False,False,True,False,0.005160898603521646,0.0,0,0.9947176919338306,False,False,False,True,-0.000511002523074961,1.0618171215325989
2026-01-13,-0.006580829756795414,-0.0,0,1.0154008941243249,False,False,True,False,-0.011156186612576113,-0.0,0,1.0922701626185969,False,False,True,False,0.0061898211829436445,0.0,0,1.0685179692863935,False,False,False,True,-0.021791767554479424,-0.0,0,0.9499433937767151,False,False,False,True,-0.006866952789699621,-0.0,0,1.0215657478661742,False,False,True,False,-0.010526315789473717,-0.0,0,1.098675790329388,False,False,True,False,-0.03796445880452337,-0.03796445880452337,1,1.2464611496030709,False,False,False,True,0.009230769230769154,0.0,0,1.0257660392149364,False,False,True,False,-0.0024161884627000862,-0.0,0,0.9947176919338306,False,False,False,True,-0.004218273200502597,1.057338086825003
2026-01-14,0.0014400921658985766,0.0,0,1.0154008941243249,False,False,True,False,0.009025641025641074,0.0,0,1.0922701626185969,False,False,True,False,-0.0034176349965823194,-0.0,0,1.0685179692863935,False,False,False,True,0.008250825082508184,0.0,0,0.9499433937767151,False,False,True,False,-0.010803802938634366,-0.0,0,1.0215657478661742,False,False,True,False,-0.0020458265139116083,-0.0,0,1.098675790329388,False,False,True,False,0.0046179680940385825,0.0046179680940385825,1,1.2522172674223966,False,False,False,True,0.003387533875338855,0.0,0,1.0257660392149364,False,False,True,False,0.0009082652134422275,0.0,0,0.9947176919338306,False,False,True,False,0.0005131075660042869,1.0578806149971776
2026-01-15,0.009490940465918918,0.0,0,1.0154008941243249,False,False,False,True,-0.008944907501524657,-0.0,0,1.0922701626185969,False,False,True,False,-0.01943301326017377,-0.0,0,1.0685179692863935,False,False,True,False,-0.023731587561374834,-0.0,0,0.9499433937767151,False,False,True,False,-0.002621231979030192,-0.0,0,1.0215657478661742,False,False,True,False,-0.0020500205002049743,-0.0,0,1.098675790329388,False,False,True,False,-0.007521938988717114,-0.007521938988717114,0,1.2427981655362272,False,False,True,False,-0.009115462525320694,-0.0,0,1.0257660392149364,False,False,True,False,0.0003024803387778885,0.0,0,0.9947176919338306,False,False,True,False,-0.000835770998746346,1.056996469059027
2026-01-16,-0.004273504273504258,-0.0,0,1.0154008941243249,False,False,False,True,-0.018461538461538418,-0.0,0,1.0922701626185969,False,False,True,False,0.011191419911401157,0.0,0,1.0685179692863935,False,False,True,False,-0.0008382229673092878,-0.0,-1,0.9499433937767151,False,True,True,False,-0.012264564169951808,-0.0,0,1.0215657478661742,False,False,True,False,-0.013352506162695121,-0.0,0,1.098675790329388,False,False,True,False,-0.013894736842105293,-0.0,0,1.2427981655362272,False,False,True,False,-0.005792163543441253,-0.0,0,1.0257660392149364,False,False,True,False,0.002419110976715988,0.0,0,0.9947176919338306,False,False,False,True,0.0,1.056996469059027
2026-01-19,-0.01659513590844064,-0.0,0,1.0154008941243249,False,False,False,True,0.006896551724137945,0.0,0,1.0922701626185969,False,False,True,False,-0.0029974636845745417,-0.0,0,1.0685179692863935,False,False,True,False,0.0,-0.0,-1,0.9499433937767151,False,False,True,False,-0.015077605321507814,-0.0,0,1.0215657478661742,False,False,True,False,-0.0004164064126587208,-0.0,0,1.098675790329388,False,False,True,False,0.002988898377455085,0.0,-1,1.2427981655362272,False,True,True,False,-0.0030843043180260876,-0.0,0,1.0257660392149364,False,False,True,False,-0.004826546003016574,-0.0,0,0.9947176919338306,False,False,False,True,0.0,1.056996469059027
2026-01-20,0.002327611288914788,0.0,0,1.0154008941243249,False,False,True,False,-0.00581154005811535,-0.0,0,1.0922701626185969,False,False,True,False,0.011563367252543921,0.0,-1,1.0685179692863935,False,True,True,False,-0.012583892617449632,0.012583892617449632,-1,0.9618973794366569,False,False,True,False,0.0036019810895993043,0.0,0,1.0215657478661742,False,False,True,False,0.0012497396375754644,0.0,0,1.098675790329388,False,False,False,True,-0.04299702000851424,0.04299702000851424,-1,1.296234783126333,False,False,True,False,-0.0013750429700928324,-0.0,0,1.0257660392149364,False,False,True,False,-0.006971809639284676,-0.0,0,0.9947176919338306,False,False,True,False,0.00617565695844043,1.0635241166582183
2026-01-21,-0.0063860667634252355,-0.0,0,1.0154008941243249,False,False,True,False,0.008559498956158595,0.0,0,1.0922701626185969,False,False,True,False,0.009602194787379892,-0.009602194787379892,-1,1.05825785161149,False,False,True,False,-0.011894647408666081,0.011894647408666081,-1,0.9733388096083758,False,False,True,False,-0.0004486316733961493,-0.0,0,1.0215657478661742,False,False,True,False,-0.013313917204077375,-0.0,0,1.098675790329388,False,False,False,True,0.004448398576512469,-0.004448398576512469,-1,1.290468614162248,False,False,True,False,0.000688468158347666,0.0,0,1.0257660392149364,False,False,True,False,0.0030525030525030417,0.0,0,0.9947176919338306,False,False,True,False,-0.0002395495505806977,1.063269349934041
2026-01-22,0.0014607069821794827,0.0,0,1.0154008941243249,False,False,True,False,-0.00413992962119647,-0.0,0,1.0922701626185969,False,False,True,False,0.0126811594202898,-0.0126811594202898,0,1.0448379150874314,False,False,False,True,0.018916595012897774,-0.018916595012897774,-1,0.9549265535366782,False,False,True,False,0.009874326750448859,0.0,0,1.0215657478661742,False,False,False,True,0.02234872443601099,0.0,0,1.098675790329388,False,False,False,True,0.0022143489813994943,-0.0022143489813994943,-1,1.2876110663009497,False,False,True,False,0.013415892672858698,0.0,0,1.0257660392149364,False,False,True,False,0.000304321363359783,0.0,0,0.9947176919338306,False,False,False,True,-0.0037569003793985634,1.059274752909871
2026-01-23,-0.0026254375729287682,-0.0,-1,1.0154008941243249,False,True,True,False,0.00976927873622957,0.0,0,1.0922701626185969,False,False,False,True,-0.003801431127012478,-0.0,0,1.0448379150874314,False,False,False,True,0.010970464135021007,-0.010970464135021007,0,0.9444505660295248,False,False,False,True,-0.00666666666666671,-0.0,0,1.0215657478661742,False,False,False,True,0.014848422355124846,0.0,0,1.098675790329388,False,False,False,True,0.0225364560318162,-0.0225364560318162,-1,1.2585928761191782,False,False,True,False,-0.002376103190767087,-0.0,0,1.0257660392149364,False,False,False,True,0.005476118040766753,0.0,0,0.9947176919338306,False,False,True,False,-0.0037229911296485785,1.0553310824009268
2026-01-26,-0.001462415911085091,0.001462415911085091,-1,1.0168858325480223,False,False,True,False,-0.003087690407575172,-0.0,0,1.0922701626185969,False,False,False,True,0.020426487093153867,0.0,0,1.0448379150874314,False,False,False,True,0.005843071786310494,0.0,1,0.9444505660295248,True,False,False,True,0.015212527964205913,0.0,1,1.0215657478661742,True,False,False,True,0.007722007722007707,0.0,0,1.098675790329388,False,False,False,True,0.002160760587726962,-0.002160760587726962,0,1.255873358236466,False,False,False,True,-0.003062266076896858,-0.0,0,1.0257660392149364,False,False,False,True,-0.0009077155824508409,-0.0,0,0.9947176919338306,False,False,True,False,-7.759385296020789e-05,1.0552491951960945
2026-01-27,-0.004100761570005829,0.004100761570005829,-1,1.0210558388912188,False,False,True,False,0.003716704521990577,0.0,0,1.0922701626185969,False,False,False,True,0.016058073031236297,0.0,0,1.0448379150874314,False,False,False,True,-0.009128630705394158,-0.009128630705394158,1,0.9358290255927408,True,False,False,True,0.0008814455707359947,0.0008814455707359947,1,1.0224662024698463,False,False,False,True,-0.009679370840895318,-0.0,0,1.098675790329388,False,False,False,True,-0.03708495040965931,-0.0,0,1.255873358236466,False,False,False,True,-0.005802047781570008,-0.0,0,1.0257660392149364,False,False,False,True,-0.003937007874015741,-0.0,0,0.9947176919338306,False,False,False,True,-0.000460713729405815,1.0547630274039232
2026-01-28,-0.0002941176470587781,0.0002941176470587781,-1,1.021356149432069,False,False,True,False,0.054926969759308886,0.0,0,1.0922701626185969,False,False,False,True,0.0034639532366314008,0.0,0,1.0448379150874314,False,False,False,True,0.003350083752093891,0.003350083752093891,1,0.9389641312061169,False,False,False,True,0.011448701012769735,0.011448701012769735,1,1.0341721123175858,False,False,False,True,0.00040724903278355207,0.0,0,1.098675790329388,False,False,False,True,0.016121809225257522,0.0,1,1.255873358236466,True,False,False,True,0.025746652935118464,0.0,0,1.0257660392149364,False,False,False,True,-0.002736394040741885,-0.0,0,0.9947176919338306,False,False,False,True,0.001676989156880267,1.0565318535639578
2026-01-29,0.011179758752574376,-0.011179758752574376,0,1.0099376340809603,False,False,False,True,-0.0019500780031200815,-0.0,0,1.0922701626185969,False,False,False,True,0.009924487594390463,0.0,0,1.0448379150874314,False,False,False,True,0.02170283806343898,0.02170283806343898,1,0.9593423176930609,False,False,False,True,0.012189812799303423,0.012189812799303423,1,1.0467784767689974,False,False,False,True,-0.0036637492367188607,-0.0,0,1.098675790329388,False,False,False,True,0.026884089907448283,0.026884089907448283,1,1.2896363705116642,False,False,False,True,-0.002008032128514081,-0.0,0,1.0257660392149364,False,False,False,True,0.008536585365853666,0.0,0,0.9947176919338306,False,False,False,True,0.005510775779735145,1.0623541637130969
2026-01-30,-0.018620890311317972,-0.0,0,1.0099376340809603,False,False,False,True,-0.0402500976944119,-0.0,0,1.0922701626185969,False,False,False,True,-0.013031403546250764,-0.0,0,1.0448379150874314,False,False,True,False,-0.016339869281045805,-0.016339869281045805,1,0.9436667896261808,False,False,False,True,-0.01634408602150539,-0.01634408602150539,1,1.0296698392992245,False,False,False,True,0.034320735444330897,0.0,0,1.098675790329388,False,False,False,True,-0.008154506437768272,-0.008154506437768272,1,1.2791200224259467,False,False,False,True,-0.01609657947686116,-0.0,0,1.0257660392149364,False,False,False,True,-0.006045949214026569,-0.0,0,0.9947176919338306,False,False,False,True,-0.004537606860035496,1.0575336181720452
2026-02-02,-0.010969463385710032,-0.0,0,1.0099376340809603,False,False,True,False,-0.062092833876221554,-0.0,0,1.0922701626185969,False,False,True,False,-0.024458874458874513,-0.0,0,1.0448379150874314,False,False,True,False,-0.0008305647840531893,-0.0008305647840531893,0,0.9428830132228367,False,False,True,False,-0.00480979449059904,-0.00480979449059904,0,1.0247173389790272,False,False,True,False,-0.009678056488248044,-0.0,0,1.098675790329388,False,False,False,True,-0.012115967113803583,-0.012115967113803583,1,1.2636222462996263,False,False,False,True,-0.006475800954328537,-0.0,0,1.0257660392149364,False,False,True,False,-0.00821167883211682,-0.0,0,0.9947176919338306,False,False,True,False,-0.001972925154272868,1.0554471834952643
2026-02-03,-0.0023980815347721673,-0.0,0,1.0099376340809603,False,False,True,False,0.03364445409159966,0.0,-1,1.0922701626185969,False,True,True,False,0.008875083203905065,0.0,-1,1.0448379150874314,False,True,True,False,-0.0016625103906899863,-0.0,0,0.9428830132228367,False,False,True,False,-0.011862917398945516,-0.0,0,1.0247173389790272,False,False,True,False,0.011368169126446004,0.0,0,1.098675790329388,False,False,False,True,0.0227770477441962,0.0227770477441962,1,1.2924038305342214,False,False,False,True,0.005145797598627766,0.0,0,1.0257660392149364,False,False,True,False,0.0012266176019626318,0.0,0,0.9947176919338306,False,False,True,False,0.0025307830826884667,1.0581182913719254
2026-02-04,-0.0030048076923077094,-0.0,0,1.0099376340809603,False,False,True,False,0.006089878202435894,-0.006089878202435894,-1,1.0856183703640947,False,False,True,False,0.00483835495931384,-0.00483835495931384,-1,1.039782618379289,False,True,True,False,0.023313905079100694,0.0,0,0.9428830132228367,False,False,False,True,-0.0008892841262783113,-0.0,-1,1.0247173389790272,False,True,True,False,0.016564780122263922,0.0,0,1.098675790329388,False,False,False,True,0.03554603854389726,0.03554603854389726,1,1.3383436669086712,False,False,False,True,0.0020477815699657675,0.0,0,1.0257660392149364,False,False,True,False,0.0027565084226646164,0.0,0,0.9947176919338306,False,False,True,False,0.002735311709127503,1.061012574723957
2026-02-05,-0.002109704641350185,-0.0,0,1.0099376340809603,False,False,True,False,-0.02379461490294299,0.02379461490294299,-1,1.1114502414184688,False,False,True,False,-0.01050558108995403,0.01050558108995403,-1,1.0507061389925976,False,False,True,False,-0.016273393002441017,-0.0,0,0.9428830132228367,False,False,False,True,-0.004005340453938633,0.004005340453938633,-1,1.0288216807906923,False,True,True,False,-0.019980601357904915,-0.0,0,1.098675790329388,False,False,False,True,-0.03060380479735314,-0.03060380479735314,1,1.2973852585748245,False,False,False,True,-0.00476839237057225,-0.0,0,1.0257660392149364,False,False,True,False,-0.003359804520464249,-0.0,0,0.9947176919338306,False,False,True,False,0.0008557479610536126,1.0619205340714293
2026-02-06,-0.0027182120205375693,-0.0,0,1.0099376340809603,False,False,True,False,-0.002993371819542401,0.002993371819542401,-1,1.1147772252499544,False,False,True,False,-0.0017695200176951476,0.0017695200176951476,-1,1.05256538453826,False,False,True,False,-0.01571546732837059,-0.0,0,0.9428830132228367,False,False,True,False,0.00044682752457547714,-0.00044682752457547714,-1,1.028361974945835,False,False,True,False,-0.014053840063341205,-0.0,0,1.098675790329388,False,False,True,False,-0.028583617747440226,-0.028583617747440226,0,1.2603012942725578,False,False,True,False,-0.002053388090349051,-0.0,0,1.0257660392149364,False,False,True,False,-0.003677597303095359,-0.0,0,0.9947176919338306,False,False,True,False,-0.002696394826086462,1.0590571770376442
2026-02-09,0.004542701393094983,0.0,0,1.0099376340809603,False,False,False,True,0.009650439631138763,-0.009650439631138763,-1,1.1040191349355113,False,False,True,False,-0.001329492576999769,0.001329492576999769,-1,1.0539647624038107,False,False,True,False,-0.007563025210084007,-0.0,-1,0.9428830132228367,False,True,True,False,-0.00044662795891026175,0.00044662795891026175,-1,1.0288212701557262,False,False,True,False,0.0022083918891788734,0.0,0,1.098675790329388,False,False,True,False,0.00746596398770305,0.0,0,1.2603012942725578,False,False,True,False,0.0,0.0,0,1.0257660392149364,False,False,False,True,-0.0036911719470932303,-0.0,0,0.9947176919338306,False,False,True,False,-0.0008749243439143036,1.0581305821318567
2026-02-10,0.006331022007838305,0.0,0,1.0099376340809603,False,False,False,True,0.002548853016142827,-0.002548853016142827,0,1.1012051524335515,False,False,False,True,-0.008209451963612113,0.008209451963612113,-1,1.0626172354921046,False,False,True,False,-0.008467400508044065,0.008467400508044065,-1,0.9508667813280259,False,True,True,False,0.002680965147453085,-0.002680965147453085,-1,1.0260630361874803,False,False,True,False,-0.0042067307692307265,-0.0,-1,1.098675790329388,False,True,True,False,-0.02441150828247607,-0.0,-1,1.2603012942725578,False,True,True,False,0.005144032921810648,0.0,0,1.0257660392149364,False,False,False,True,-0.005866008027168856,-0.0,0,0.9947176919338306,False,False,True,False,0.0012718927008955852,1.0594764106958647
2026-02-11,0.0038945476333134277,0.0,1,1.0099376340809603,True,False,False,True,0.005508474576271238,0.0,0,1.1012051524335515,False,False,False,True,-0.0038031319910514227,0.0038031319910514227,-1,1.0666585090946472,False,False,True,False,0.005977796754910392,-0.005977796754910392,-1,0.9451826929682512,False,False,True,False,0.019607843137254832,-0.019607843137254832,0,1.0059441531249806,False,False,False,True,0.003822168577750862,-0.003822168577750862,-1,1.0944764662464554,False,False,True,False,0.004021447721179516,-0.004021447721179516,-1,1.2552330585047058,False,True,True,False,0.0061412487205732,0.0,0,1.0257660392149364,False,False,False,True,0.00248447204968949,0.0,0,0.9947176919338306,False,False,True,False,-0.003291791577782687,1.0559888351702766
2026-02-12,-0.003282602208296015,-0.003282602208296015,1,1.0066224105730848,True,False,False,True,-0.001685630004214067,-0.0,0,1.1012051524335515,False,False,False,True,-0.01392319784414997,0.01392319784414997,-1,1.0815098065489182,False,False,True,False,-0.01358234295415961,0.01358234295415961,-1,0.9580204884584822,False,False,True,False,0.006555944055943952,0.0,0,1.0059441531249806,False,False,False,True,-0.010420841683366766,0.010420841683366766,-1,1.1058818322273807,False,False,True,False,-0.0031152647975077885,0.0031152647975077885,-1,1.2591434418645333,False,False,True,False,0.003051881993896277,0.0,1,1.0257660392149364,True,False,False,True,-0.0030978934324659146,-0.0,0,0.9947176919338306,False,False,True,False,0.0041954494523209025,1.0604191829504488
2026-02-13,0.0,0.0,1,1.0066224105730848,False,False,False,True,-0.017940059096665295,-0.0,0,1.1012051524335515,False,False,False,True,-0.009565019357777316,0.009565019357777316,-1,1.0918544687841847,False,False,True,False,-0.0103270223752151,0.0103270223752151,-1,0.9679139874787076,False,False,True,False,0.002605297438124099,0.0,1,1.0059441531249806,True,False,False,True,-0.006682867557715633,0.006682867557715633,-1,1.11327229404664,False,False,True,False,0.0008928571428572507,-0.0008928571428572507,-1,1.2580192066485827,False,False,True,False,-0.0033806626098715764,-0.0033806626098715764,1,1.0222982703196863,False,False,False,True,0.0012430080795524656,0.0,0,0.9947176919338306,False,False,True,False,0.00247793217088658,1.063046829758507
2026-02-24,-0.00179640718562879,-0.00179640718562879,1,1.0048141068415164,False,False,False,False,0.01590371803137769,0.0,0,1.1012051524335515,False,False,False,False,0.014486088756035853,-0.014486088756035853,-1,1.0760377680407025,False,False,False,False,0.016521739130434865,-0.016521739130434865,-1,0.9519223650768854,False,False,False,False,-0.00822867042009523,-0.00822867042009523,1,0.9976665702278934,False,False,False,False,0.008766564729867588,-0.008766564729867588,-1,1.103512720418912,False,False,False,False,-0.017395182872435355,0.017395182872435355,-1,1.279902680805271,False,False,False,False,0.036974219810040676,0.036974219810040676,1,1.0600969512779108,False,False,False,False,-0.008379888268156388,-0.0,0,0.9947176919338306,False,False,False,False,0.0005077702733793007,1.0635866133378684
2026-02-25,0.0038992201559688855,0.0038992201559688855,1,1.0087320982599146,False,False,False,False,0.00846202665538387,0.0,0,1.1012051524335515,False,False,False,False,0.0027198549410698547,-0.0027198549410698547,-1,1.0731111014005192,False,False,False,False,0.018819503849443864,-0.018819503849443864,-1,0.9340076584629493,False,False,False,False,0.009606986899563408,0.009606986899563408,1,1.0072511398982051,False,False,False,False,0.0030315278900565623,-0.0030315278900565623,-1,1.1001673908299299,False,False,False,False,0.022242396731729563,-0.022242396731729563,-1,1.2514345776007958,False,False,False,False,0.006215243702976769,0.006215243702976769,1,1.0666857121788857,False,False,False,False,0.012832550860719882,0.0,0,0.9947176919338306,False,False,False,False,-0.003010203628198976,1.060385001055495
2026-02-26,0.0035853002688974733,0.0035853002688974733,1,1.0123487057230514,False,False,False,True,0.0004195510803439717,0.0,0,1.1012051524335515,False,False,False,True,-0.015144665461121143,0.015144665461121143,0,1.0893630100338454,False,False,False,True,0.0,-0.0,0,0.9340076584629493,False,False,False,True,-0.00692041522491349,-0.00692041522491349,0,1.000280543774342,False,False,True,False,-0.021761031634092265,0.021761031634092265,0,1.1241081682245768,False,False,False,True,-0.03197158081705154,0.03197158081705154,-1,1.2914449193358124,False,False,True,False,-0.0019505851755526882,-0.0019505851755526882,1,1.0646050508417357,False,False,False,True,-0.005562422744128548,-0.0,0,0.9947176919338306,False,False,False,True,0.007065730864521804,1.0678773960857288
2026-02-27,0.002679368859779707,0.002679368859779707,1,1.015061161320404,False,False,False,True,-0.00041937513105472224,-0.0,0,1.1012051524335515,False,False,False,True,0.007574018820289297,0.0,0,1.0893630100338454,False,False,False,True,0.0025188916876575096,0.0,0,0.9340076584629493,False,False,False,True,-0.003919860627177751,-0.0,0,1.000280543774342,False,False,True,False,-0.012976313079299695,-0.0,0,1.1241081682245768,False,False,True,False,0.0032110091743118296,-0.0032110091743118296,-1,1.2872980778517067,False,False,True,False,0.002931596091205302,0.002931596091205302,1,1.0677260428474609,False,False,False,True,-0.0009322560596644047,-0.0,0,0.9947176919338306,False,False,False,True,0.0002666617529636866,1.0681621581441194
2026-03-02,0.0032660332541567527,0.0032660332541567527,1,1.0183763848282794,False,False,False,True,0.026431718061673992,0.0,0,1.1012051524335515,False,False,False,True,0.01343963553530747,0.0,0,1.0893630100338454,False,False,False,True,-0.005025125628140725,-0.0,0,0.9340076584629493,False,False,False,True,0.003498032356799241,0.0,0,1.000280543774342,False,False,True,False,0.015859766277128484,0.0,0,1.1241081682245768,False,False,True,False,0.0004572473708275293,-0.0004572473708275293,-1,1.2867094641901378,False,False,True,False,-0.011042546281260113,-0.011042546281260113,1,1.055935628603611,False,False,False,True,0.0012441679626749025,0.0,0,0.9947176919338306,False,False,False,True,-0.0009148622664367655,1.0671849368911976
2026-03-03,-0.0032554010062149086,-0.0032554010062149086,1,1.015061161320404,False,False,False,True,-0.022889842632331958,-0.0,0,1.1012051524335515,False,False,False,True,0.010788941335131419,0.0,0,1.0893630100338454,False,False,False,True,0.025252525252525304,0.0,0,0.9340076584629493,False,False,False,True,0.006535947712418277,0.0,0,1.000280543774342,False,False,True,False,0.014585045193097779,0.0,0,1.1241081682245768,False,False,False,True,0.030164533820840944,-0.030164533820840944,0,1.2478964730399782,False,False,False,True,0.0019704433497536034,0.0019704433497536034,0,1.0580162899407608,False,False,True,False,0.0,0.0,0,0.9947176919338306,False,False,False,True,-0.003494387941922472,1.0634557787159238
2026-03-04,0.0,0.0,0,1.015061161320404,False,False,True,False,0.037230704873457476,0.0,0,1.1012051524335515,False,False,False,True,0.0008894818768068191,0.0,0,1.0893630100338454,False,False,False,True,-0.012315270935960632,-0.0,0,0.9340076584629493,False,False,False,True,-0.00303030303030305,-0.0,0,1.000280543774342,False,False,False,True,0.01133832759667941,0.0,1,1.1241081682245768,True,False,False,True,-0.02661934338952976,-0.0,0,1.2478964730399782,False,False,False,True,-0.0032776138970829205,-0.0,-1,1.0580162899407608,False,True,True,False,-0.0021745883814849876,-0.0,0,0.9947176919338306,False,False,False,True,0.0,1.0634557787159238
2026-03-05,-0.0038598574821853138,-0.0,0,1.015061161320404,False,False,True,False,0.000806614236741332,0.0,0,1.1012051524335515,False,False,False,True,0.007553876916240876,0.0,0,1.0893630100338454,False,False,False,True,0.018287614297589405,0.0,0,0.9340076584629493,False,False,False,True,0.0065132435953103585,0.0,0,1.000280543774342,False,False,False,True,0.004204204204204309,0.004204204204204309,1,1.128834148511407,True,False,False,True,0.007748404740200554,0.0,1,1.2478964730399782,True,False,False,True,0.002959552778691199,-0.002959552778691199,-1,1.054885034889966,False,False,True,False,-0.0009339975093399788,-0.0,0,0.9947176919338306,False,False,False,True,0.00013829460283479002,1.0636028489104736
2026-03-06,0.0,0.0,-1,1.015061161320404,False,True,True,False,-0.0012089462018940456,-0.0,0,1.1012051524335515,False,False,False,True,0.016317530319735374,0.0,0,1.0893630100338454,False,False,False,True,0.013877551020408108,0.0,0,0.9340076584629493,False,False,False,True,0.02415875754961183,0.0,0,1.000280543774342,False,False,False,True,0.05183413078149912,0.05183413078149912,1,1.1873462853959695,True,False,False,True,0.01582994120307557,0.01582994120307557,1,1.2676506008357264,False,False,False,True,0.0029508196721310664,-0.0029508196721310664,-1,1.051772259377176,False,False,True,False,0.006544094733561767,0.0,0,0.9947176919338306,False,False,False,True,0.007190361368049292,1.0712505377462267
2026-03-09,-0.002086438152011927,0.002086438152011927,-1,1.0171790236540081,False,True,True,False,0.009078071414161837,0.0,0,1.1012051524335515,False,False,False,True,0.054458667823823026,0.0,0,1.0893630100338454,False,False,False,True,0.027375201288244666,0.0,0,0.9340076584629493,False,False,False,True,0.024852569502948674,0.0,0,1.000280543774342,False,False,False,True,0.0360121304018195,0.0360121304018195,1,1.2301051546577653,False,False,False,True,0.040071237756010625,0.040071237756010625,1,1.3184469294533645,False,False,False,True,-0.0006538084341287664,0.0006538084341287664,0,1.0524599169511395,False,False,False,True,0.01238390092879249,0.0,0,0.9947176919338306,False,False,False,True,0.008758179415996757,1.0806327421552913
2026-03-10,-0.005376344086021501,0.005376344086021501,-1,1.0226477280822555,False,False,True,False,-0.0017992802878848968,-0.0,0,1.1012051524335515,False,False,False,True,-0.02654320987654324,-0.0,0,1.0893630100338454,False,False,False,True,-0.0321316614420063,-0.0,0,0.9340076584629493,False,False,False,True,-0.012741471434443041,-0.0,0,1.000280543774342,False,False,False,True,-0.043358946212952776,-0.043358946212952776,1,1.1767690914206832,False,False,False,True,-0.03981164383561642,-0.03981164383561642,1,1.265957389881805,False,False,False,True,0.0022898266274125056,0.0,0,1.0524599169511395,False,False,False,True,-0.004281345565749217,-0.0,0,0.9947176919338306,False,False,False,True,-0.008643805106949743,1.0712919633399123
2026-03-11,0.0018018018018017834,-0.0018018018018017834,-1,1.0208051195631884,False,False,True,False,0.01301822551572207,0.0,0,1.1012051524335515,False,False,False,True,0.00676389769604735,0.0,0,1.0893630100338454,False,False,True,False,0.0161943319838056,0.0,0,0.9340076584629493,False,False,False,True,0.032472939217318864,0.0,0,1.000280543774342,False,False,False,True,0.06540447504302915,0.06540447504302915,0,1.2537350560919154,False,False,True,False,0.020508247882300434,0.020508247882300434,1,1.2919199578419311,False,False,False,True,0.012728459530026104,0.0,0,1.0524599169511395,False,False,False,True,0.003992628992629088,0.0,0,0.9947176919338306,False,False,False,True,0.0093456579026142,1.0813038915431068
2026-03-12,-0.003896882494004772,0.003896882494004772,-1,1.0247830771634046,False,False,True,False,0.001383946223803889,0.0,0,1.1012051524335515,False,False,False,True,0.016586185177409174,0.0,0,1.0893630100338454,False,False,False,True,0.0007968127490038945,0.0,0,0.9340076584629493,False,False,False,True,0.004838709677419395,0.0,0,1.000280543774342,False,False,False,True,0.008795548375515994,0.0,0,1.2537350560919154,False,False,True,False,0.00742682394058547,0.00742682394058547,1,1.3015148199141517,False,False,False,True,0.0019336126329358994,0.0,0,1.0524599169511395,False,False,False,True,0.0018354236769655419,0.0,0,0.9947176919338306,False,False,False,True,0.0012581896038433601,1.0826643768580415
2026-03-13,-0.0036111947035810665,0.0036111947035810665,-1,1.0284837683839765,False,False,True,False,-0.010069101678183645,-0.0,0,1.1012051524335515,False,False,True,False,0.00867410161090465,0.0,0,1.0893630100338454,False,False,False,True,0.01671974522292996,0.0,0,0.9340076584629493,False,False,False,True,0.03972712680577839,0.0,0,1.000280543774342,False,False,False,True,0.0185053380782918,0.0,0,1.2537350560919154,False,False,True,False,0.021682567215958404,0.021682567215958404,1,1.3297350024795063,False,False,False,True,-0.008362817626246355,-0.0,0,1.0524599169511395,False,False,False,True,0.006106870229007688,0.0,0,0.9947176919338306,False,False,False,True,0.002810417991059941,1.085707116301043
2026-03-16,-0.014497130776200517,0.014497130776200517,-1,1.0433938320754386,False,False,True,False,0.00398883127243721,0.0,0,1.1012051524335515,False,False,True,False,0.024774774774774855,0.0,0,1.0893630100338454,False,False,True,False,-0.01644479248238062,-0.0,0,0.9340076584629493,False,False,True,False,-0.04206869934388269,-0.0,0,1.000280543774342,False,False,True,False,0.021837875611460555,0.0,0,1.2537350560919154,False,False,True,False,0.002546689303905003,0.002546689303905003,1,1.3331214243873488,False,False,False,True,0.004216672072656413,0.0,0,1.0524599169511395,False,False,True,False,0.0012139605462822,0.0,0,0.9947176919338306,False,False,False,True,0.001893757786678391,1.0877631826065903
2026-03-17,0.017468587189702678,-0.017468587189702678,-1,1.0251672159466307,False,False,True,False,-0.007151370679380209,-0.0,0,1.1012051524335515,False,False,True,False,-0.005594405594405605,-0.0,0,1.0893630100338454,False,False,True,False,-0.010350318471337605,-0.0,0,0.9340076584629493,False,False,True,False,0.001208702659145855,0.0,0,1.000280543774342,False,False,True,False,0.008890408616857526,0.0,0,1.2537350560919154,False,False,False,True,-0.0042337002540220325,-0.0042337002540220325,0,1.3274773878742778,False,False,True,False,-0.004198966408268778,-0.0,0,1.0524599169511395,False,False,True,False,0.004243710215216634,0.0,0,0.9947176919338306,False,False,True,False,-0.002411365271524968,1.0851401882444094
2026-03-18,0.003012048192771122,-0.003012048192771122,0,1.0220793628865505,False,False,False,True,-0.0076030412164865835,-0.0,-1,1.1012051524335515,False,True,True,False,-0.02632107695398833,-0.0,0,1.0893630100338454,False,False,True,False,-0.02574416733708773,-0.0,-1,0.9340076584629493,False,True,True,False,-0.016901408450704203,-0.0,0,1.000280543774342,False,False,True,False,-0.028130825283850247,-0.0,0,1.2537350560919154,False,False,False,True,-0.01658163265306123,-0.0,0,1.3274773878742778,False,False,False,True,-0.013298734998378192,-0.0,0,1.0524599169511395,False,False,True,False,-0.0009055236945366696,-0.0,0,0.9947176919338306,False,False,False,True,-0.00033467202141901353,1.0847770221840867
2026-03-19,-0.014114114114114118,-0.0,0,1.0220793628865505,False,False,False,True,-0.025000000000000022,0.025000000000000022,-1,1.1287352812443903,False,False,True,False,0.010730499380932734,0.0,0,1.0893630100338454,False,False,True,False,0.004954582989264988,-0.004954582989264988,-1,0.9293800400064856,False,False,True,False,0.0,0.0,0,1.000280543774342,False,False,True,False,0.021795989537924942,0.0,0,1.2537350560919154,False,False,False,True,0.0025940337224383825,0.0,0,1.3274773878742778,False,False,True,False,-0.0039447731755424265,-0.0,0,1.0524599169511395,False,False,True,False,-0.0024169184290030454,-0.0,0,0.9947176919338306,False,False,True,False,0.0022272685567483372,1.0871931119366804
2026-03-20,-0.007614986293024706,-0.0,0,1.0220793628865505,False,False,True,False,-0.006617038875103343,0.006617038875103343,-1,1.1362041664800853,False,False,True,False,-0.007962433646386269,-0.0,0,1.0893630100338454,False,False,True,False,-0.01232539030402624,0.01232539030402624,-1,0.9408350117403369,False,False,True,False,-0.008186655751125649,-0.0,0,1.000280543774342,False,False,True,False,0.0025597269624573205,0.0,0,1.2537350560919154,False,False,True,False,0.009918068132815927,0.0,0,1.3274773878742778,False,False,True,False,0.00429042904290422,0.0,0,1.0524599169511395,False,False,True,False,-0.0015142337976983278,-0.0,0,0.9947176919338306,False,False,True,False,0.0021047143532366202,1.0894813428841137
2026-03-23,0.006445672191528473,0.0,0,1.0220793628865505,False,False,False,True,-0.01935886761032468,0.01935886761032468,-1,1.1581997925172725,False,False,True,False,0.023050010290183165,0.0,0,1.0893630100338454,False,False,True,False,0.04492512479201327,-0.04492512479201327,-1,0.898567881429207,False,False,True,False,-0.009905076351630182,-0.0,0,1.000280543774342,False,False,True,False,0.06400000000000006,0.0,0,1.2537350560919154,False,False,False,True,0.10119555935098212,0.0,0,1.3274773878742778,False,False,False,True,0.0042720999014129735,0.0,0,1.0524599169511395,False,False,True,False,0.010009099181073733,0.0,0,0.9947176919338306,False,False,True,False,-0.0028406952424098434,1.0863864584166885
2026-03-24,0.0015248551387618825,0.0,0,1.0220793628865505,False,False,False,True,0.002971768202080227,-0.002971768202080227,-1,1.1547578912022136,False,False,True,False,-0.029973848320257512,-0.0,0,1.0893630100338454,False,False,True,False,-0.01273885350318471,0.01273885350318471,0,0.9100146060334007,False,False,False,True,-0.014172571904960352,-0.0,0,1.000280543774342,False,False,True,False,-0.06366981282994721,-0.0,0,1.2537350560919154,False,False,False,True,-0.031019775106630454,-0.0,0,1.3274773878742778,False,False,False,True,-0.004253926701570654,-0.0,0,1.0524599169511395,False,False,True,False,-0.0018018018018017834,-0.0,0,0.9947176919338306,False,False,False,True,0.0010852317001227203,1.0875654394399463
2026-03-25,0.00456760048721061,0.0,0,1.0220793628865505,False,False,False,True,0.009947089947089927,-0.009947089947089927,-1,1.1432714105913133,False,False,True,False,-0.013894649523019442,-0.0,0,1.0893630100338454,False,False,True,False,0.003225806451612856,0.0,0,0.9100146060334007,False,False,False,True,-0.010993657505285359,-0.0,0,1.000280543774342,False,False,True,False,-0.025627883136852936,-0.0,0,1.2537350560919154,False,False,True,False,-0.006802721088435382,-0.0,0,1.3274773878742778,False,False,False,True,0.008215576733486607,0.0,0,1.0524599169511395,False,False,False,True,-0.003309265944644979,-0.0,0,0.9947176919338306,False,False,True,False,-0.0011052322163433252,1.0863634270788958
2026-03-26,-0.002121855107608317,-0.0,0,1.0220793628865505,False,False,False,True,-0.005658005029337776,0.005658005029337776,0,1.149740045982337,False,False,False,True,0.010935856992639437,0.0,0,1.0893630100338454,False,False,True,False,-0.015273311897106123,-0.0,0,0.9100146060334007,False,False,False,True,0.0021376656690894613,0.0,0,1.000280543774342,False,False,True,False,-0.009293354374890428,-0.0,0,1.2537350560919154,False,False,True,False,-0.008863819500402936,-0.0,0,1.3274773878742778,False,False,False,True,0.0052151238591917615,0.0,0,1.0524599169511395,False,False,False,True,-0.0024147298520977856,-0.0,0,0.9947176919338306,False,False,True,False,0.0006286672254819751,1.0870463881604626
2026-03-27,0.005771567436209102,0.0,0,1.0220793628865505,False,False,False,True,0.008851422550052668,0.0,0,1.149740045982337,False,False,False,True,0.016018306636155666,0.0,0,1.0893630100338454,False,False,False,True,0.0032653061224490187,0.0,0,0.9100146060334007,False,False,False,True,-0.012372013651877123,-0.0,0,1.000280543774342,False,False,True,False,-0.006194690265486691,-0.0,-1,1.2537350560919154,False,True,True,False,-0.00894308943089428,-0.0,0,1.3274773878742778,False,False,True,False,-0.001621271076523989,-0.0,0,1.0524599169511395,False,False,False,True,-0.0018154311649016819,-0.0,0,0.9947176919338306,False,False,True,False,0.0,1.0870463881604626
2026-03-30,-0.0036242826940501294,-0.0,0,1.0220793628865505,False,False,False,True,0.033006058073950184,0.0,1,1.149740045982337,True,False,False,True,0.016584766584766486,0.0,0,1.0893630100338454,False,False,False,True,-0.017900732302685074,-0.0,0,0.9100146060334007,False,False,True,False,0.002159827213822796,0.0,0,1.000280543774342,False,False,True,False,-0.01139804096170971,0.01139804096170971,-1,1.2680251796163826,False,False,True,False,-0.004101722723543921,-0.0,0,1.3274773878742778,False,False,True,False,-0.0006495615459565229,-0.0,0,1.0524599169511395,False,False,False,True,0.0027280994240679313,0.0,0,0.9947176919338306,False,False,True,False,0.0012664489957455232,1.088423076967077
2026-03-31,0.0003031221582296961,0.0,0,1.0220793628865505,False,False,False,True,0.006066734074823055,0.006066734074823055,1,1.1567152130964866,True,False,False,True,-0.006445115810674751,-0.0,0,1.0893630100338454,False,False,False,True,-0.024855012427506207,-0.0,0,0.9100146060334007,False,False,True,False,-0.009051724137930983,-0.0,0,1.000280543774342,False,False,True,False,-0.035669248784002905,0.035669248784002905,-1,1.3132546852124993,False,False,True,False,-0.0539538714991763,-0.0,-1,1.3274773878742778,False,True,True,False,-0.005849853753656209,-0.0,0,1.0524599169511395,False,False,True,False,-0.004232164449818665,-0.0,0,0.9947176919338306,False,False,True,False,0.00463733142875844,1.0934704555096824
2026-04-01,0.009393939393939288,0.0,0,1.0220793628865505,False,False,False,True,-0.008643216080401972,-0.008643216080401972,1,1.1467174735662056,False,False,False,True,-0.004257044394891496,-0.0,0,1.0893630100338454,False,False,False,True,-0.008496176720475757,-0.0,0,0.9100146060334007,False,False,True,False,-0.014789038712483715,-0.0,0,1.000280543774342,False,False,False,True,-0.018120679992527533,0.018120679992527533,-1,1.3370517531119226,False,False,True,False,-0.029603831084022647,0.029603831084022647,-1,1.3667758042327678,False,True,True,False,-0.0032690421706440542,-0.0,0,1.0524599169511395,False,False,True,False,0.004250151791135304,0.0,0,0.9947176919338306,False,False,True,False,0.004342366110683134,1.0982187045587208
2026-04-02,0.002401681176823711,0.0,0,1.0220793628865505,False,False,False,True,0.0024330900243310083,0.0024330900243310083,1,1.1495075404118655,False,False,False,True,0.018729641693810972,0.0,0,1.0893630100338454,False,False,False,True,0.00428449014567267,0.0,0,0.9100146060334007,False,False,True,False,-0.003973509933774877,-0.0,0,1.000280543774342,False,False,False,True,0.045281582952815924,-0.045281582952815924,-1,1.276507933241177,False,False,True,False,0.015253476895468854,-0.015253476895468854,-1,1.3459277210816174,False,False,True,False,-0.0009839291571006603,-0.0,0,1.0524599169511395,False,False,True,False,-0.003929866989117237,-0.0,0,0.9947176919338306,False,False,True,False,-0.006455774424883752,1.0911288523329017
2026-04-03,0.005390835579514919,0.0,0,1.0220793628865505,False,False,False,True,-0.0024271844660194164,-0.0024271844660194164,1,1.1467174735662056,False,False,False,True,-0.001998401278976769,-0.0,0,1.0893630100338454,False,False,False,True,-0.014505119453924964,-0.0,0,0.9100146060334007,False,False,True,False,-0.01817375886524819,-0.0,0,1.000280543774342,False,False,True,False,-0.012013105205678887,0.012013105205678887,0,1.291842757339087,False,False,False,True,-0.016791869200176723,0.016791869200176723,-1,1.3685283633269119,False,False,True,False,0.0016414970453053623,0.0,-1,1.0524599169511395,False,True,True,False,-0.003034901365705611,-0.0,0,0.9947176919338306,False,False,True,False,0.002930865548870688,1.094326804295583
2026-04-07,-0.0032767351802204248,-0.0,0,1.0220793628865505,False,False,False,True,-0.0012165450121655041,-0.0012165450121655041,0,1.1453224401433755,False,False,True,False,0.0,0.0,0,1.0893630100338454,False,False,True,False,-0.008658008658008698,-0.0,0,0.9100146060334007,False,False,True,False,0.010835214446952568,0.0,0,1.000280543774342,False,False,True,False,-0.005526897568165046,-0.0,0,1.291842757339087,False,False,False,True,-0.0035955056179775013,0.0035955056179775013,-1,1.3734489147456153,False,False,True,False,0.005244182235332628,-0.005244182235332628,-1,1.0469406253512648,False,False,True,False,-0.0030441400304414,-0.0,0,0.9947176919338306,False,False,True,False,-0.0003183579588356257,1.0939784166478683
2026-04-08,0.004184100418409997,0.0,0,1.0220793628865505,False,False,False,True,0.006090133982947554,0.0,0,1.1453224401433755,False,False,True,False,-0.04205046055266315,-0.0,0,1.0893630100338454,False,False,True,False,0.003493449781659441,0.0,0,0.9100146060334007,False,False,True,False,-0.003573023671281872,-0.0,0,1.000280543774342,False,False,False,True,-0.044090403853279,-0.0,0,1.291842757339087,False,False,False,True,0.010825439783491264,-0.010825439783491264,0,1.3585807262233351,False,False,False,True,-0.0019563090968373054,0.0019563090968373054,-1,1.0489887648204879,False,False,True,False,0.0021374045801527686,0.0,0,0.9947176919338306,False,False,True,False,-0.0009854589651837732,1.092900345809465
2026-04-09,-0.0008928571428571397,-0.0,0,1.0220793628865505,False,False,True,False,-0.009685230024213065,-0.0,-1,1.1453224401433755,False,True,True,False,0.008570234113712383,0.0,-1,1.0893630100338454,False,True,True,False,-0.011314186248912117,-0.0,0,0.9100146060334007,False,False,False,True,0.0044822949350067365,0.0,0,1.000280543774342,False,False,False,True,-0.012984496124030964,-0.0,0,1.291842757339087,False,False,False,True,-0.038821954484605126,-0.0,0,1.3585807262233351,False,False,False,True,0.0022868343678537073,-0.0022868343678537073,-1,1.046589901261604,False,False,True,False,-0.003656307129798919,-0.0,0,0.9947176919338306,False,False,True,False,-0.00025409270753930084,1.0926226478015277
2026-04-10,-0.00595770032767351,-0.0,0,1.0220793628865505,False,False,True,False,0.0052974735126325445,-0.0052974735126325445,-1,1.1392551248532923,False,False,True,False,-0.003005181347150221,0.003005181347150221,-1,1.0926367434318744,False,True,True,False,0.008802816901408494,0.0,1,0.9100146060334007,True,False,False,True,0.0,0.0,1,1.000280543774342,True,False,False,True,-0.027685057922638867,-0.0,0,1.291842757339087,False,False,True,False,-0.01949860724233987,-0.0,0,1.3585807262233351,False,False,False,True,0.023794002607562037,-0.023794002607562037,0,1.0216873384219374,False,False,False,True,0.0009174311926605228,0.0,0,0.9947176919338306,False,False,False,True,-0.002898477197004929,1.0894557059719439
2026-04-13,-0.006892418339826234,-0.0,-1,1.0220793628865505,False,True,True,False,0.006688285366842406,-0.006688285366842406,-1,1.1316354614726358,False,False,True,False,-0.007795447458684102,0.007795447458684102,-1,1.1011543357567253,False,False,True,False,-0.002617801047120394,-0.002617801047120394,1,0.9076323688448316,True,False,False,True,0.04730031236055332,0.04730031236055332,1,1.0475941259430526,False,False,False,True,0.028271405492730217,0.0,0,1.291842757339087,False,False,True,False,0.009469696969697017,0.0,0,1.3585807262233351,False,False,True,False,-0.01623686723973261,-0.0,0,1.0216873384219374,False,False,False,True,0.001527650473571729,0.0,0,0.9947176919338306,False,False,False,True,0.005087741489474958,1.0949985749681626
2026-04-14,0.005129752564876355,-0.005129752564876355,-1,1.016836348653276,False,True,True,False,0.005033219247030374,-0.005033219247030374,0,1.1259396920873297,False,False,False,True,-0.011837418814163003,0.011837418814163003,-1,1.1141891608081091,False,False,True,False,0.0673665791776028,0.0673665791776028,1,0.9687764566847721,True,False,False,True,0.0012782275244993535,0.0012782275244993535,1,1.0489331895893368,False,False,False,True,-0.010408483896307885,-0.0,0,1.291842757339087,False,False,True,False,-0.0009380863039399889,-0.0,0,1.3585807262233351,False,False,True,False,0.0045307443365696365,0.0,0,1.0216873384219374,False,False,False,True,0.00030506406345343073,0.0,1,0.9947176919338306,True,False,False,True,0.007813250411595382,1.1035540730347289
2026-04-15,0.0006004202942060388,-0.0006004202942060388,-1,1.0162258194736582,False,False,True,False,-0.0010016025641025328,-0.0,0,1.1259396920873297,False,False,False,True,-0.0023322378882646433,0.0023322378882646433,-1,1.1167877149836396,False,False,True,False,0.004918032786885185,0.004918032786885185,1,0.9735409310619102,False,False,False,True,-0.0029787234042553123,-0.0029787234042553123,1,1.045808707748007,False,False,False,True,0.012105576503274484,0.0,0,1.291842757339087,False,False,False,True,0.016901408450704203,0.0,0,1.3585807262233351,False,False,False,True,0.002577319587628857,0.0,0,1.0216873384219374,False,False,False,True,0.0033546813052760527,0.0033546813052760527,1,0.9980546527789884,True,False,False,True,0.0007806453646627255,1.1044155574064982
2026-04-16,0.0066006600660066805,-0.0066006600660066805,-1,1.0095180582890135,False,False,True,False,0.028072989773410884,0.0,0,1.1259396920873297,False,False,False,True,-0.0009563277016257921,0.0009563277016257921,-1,1.1178557300123138,False,False,True,False,0.012234910277324706,0.012234910277324706,1,0.9854521170047559,False,False,False,True,0.0004268032437046987,0.0004268032437046987,1,1.0462550622967683,False,False,False,True,0.0017647058823528905,0.0,0,1.291842757339087,False,False,False,True,0.1523545706371192,0.0,0,1.3585807262233351,False,False,False,True,0.021208226221079762,0.0,0,1.0216873384219374,False,False,False,True,0.01094224924012166,0.01094224924012166,1,1.0089756155449592,False,False,False,True,0.0019955144885300197,1.1066194346526608
2026-04-17,0.0,-0.0,0,1.0095180582890135,False,False,False,True,-0.004486054222742397,-0.0,0,1.1259396920873297,False,False,False,True,0.00957243139757491,-0.00957243139757491,-1,1.107155132724385,False,False,True,False,-0.00241740531829171,-0.00241740531829171,1,0.9830698798161868,False,False,False,True,-0.010238907849829393,-0.010238907849829393,1,1.0355425531264941,False,False,False,True,-0.003131728322568028,-0.0,1,1.291842757339087,True,False,False,True,-0.017628205128205177,-0.0,1,1.3585807262233351,True,False,False,True,0.002831969792322253,0.0,0,1.0216873384219374,False,False,False,True,-0.000601322910402935,-0.000601322910402935,1,1.0083688953912942,False,False,False,True,-0.002536674164010994,1.103812301723385
2026-04-20,-0.0005961251862891537,-0.0,0,1.0095180582890135,False,False,False,True,-0.015478056426332265,-0.0,0,1.1259396920873297,False,False,False,True,-0.0006321112515802474,0.0006321112515802474,-1,1.107854977941025,False,False,True,False,0.007269789983844976,0.007269789983844976,1,0.9902165913818942,False,False,False,True,0.006896551724137945,0.006896551724137945,1,1.0426842259066769,False,False,False,True,0.010602788140585018,0.010602788140585018,1,1.3055398924061024,True,False,False,True,0.030587275693311655,0.030587275693311655,1,1.4001360094479478,True,False,False,True,0.004079071226859021,0.0,0,1.0216873384219374,False,False,True,False,0.011432009626955564,0.011432009626955564,1,1.01989657831093,False,False,False,True,0.007491169602268378,1.112081146884665
