trade_date,沪铅_close,沪铅_position,沪铅_daily_return,沪铅_equity_curve,沪铅_long_signal,沪铅_short_signal,沪铝_close,沪铝_position,沪铝_daily_return,沪铝_equity_curve,沪铝_long_signal,沪铝_short_signal,棕榈油_close,棕榈油_position,棕榈油_daily_return,棕榈油_equity_curve,棕榈油_long_signal,棕榈油_short_signal,纯碱_close,纯碱_position,纯碱_daily_return,纯碱_equity_curve,纯碱_long_signal,纯碱_short_signal,菜粕_close,菜粕_position,菜粕_daily_return,菜粕_equity_curve,菜粕_long_signal,菜粕_short_signal,PVC_close,PVC_position,PVC_daily_return,PVC_equity_curve,PVC_long_signal,PVC_short_signal,焦煤_close,焦煤_position,焦煤_daily_return,焦煤_equity_curve,焦煤_long_signal,焦煤_short_signal,棉花_close,棉花_position,棉花_daily_return,棉花_equity_curve,棉花_long_signal,棉花_short_signal,热卷_close,热卷_position,热卷_daily_return,热卷_equity_curve,热卷_long_signal,热卷_short_signal,portfolio_daily_return,portfolio_equity_curve
2025-07-22,16900.0,0,0.0,1.0,False,False,20900.0,0,0.0,1.0,False,False,8926.0,0,0.0,1.0,False,False,1375.0,0,0.0,1.0,False,False,2736.0,0,0.0,1.0,False,False,5260.0,0,0.0,1.0,False,False,1048.5,0,0.0,1.0,False,False,14225.0,0,0.0,1.0,False,False,3477.0,0,0.0,1.0,False,False,0.0,1.0
2025-07-23,16850.0,0,-0.0,1.0,False,False,20790.0,0,-0.0,1.0,False,False,8994.0,0,0.0,1.0,False,False,1338.0,0,-0.0,1.0,False,False,2758.0,0,0.0,1.0,False,False,5151.0,0,-0.0,1.0,False,False,1135.5,0,0.0,1.0,False,False,14180.0,0,-0.0,1.0,False,False,3438.0,0,-0.0,1.0,False,False,0.0,1.0
2025-07-24,16890.0,0,0.0,1.0,False,False,20760.0,0,-0.0,1.0,False,False,9104.0,0,0.0,1.0,False,False,1408.0,0,0.0,1.0,False,False,2682.0,0,-0.0,1.0,False,False,5238.0,0,0.0,1.0,False,False,1198.5,0,0.0,1.0,False,False,14160.0,0,-0.0,1.0,False,False,3456.0,0,0.0,1.0,False,False,0.0,1.0
2025-07-25,16955.0,0,0.0,1.0,False,False,20760.0,0,0.0,1.0,False,False,8936.0,0,-0.0,1.0,False,False,1440.0,1,0.0,1.0,True,False,2675.0,0,-0.0,1.0,False,False,5373.0,1,0.0,1.0,True,False,1259.0,1,0.0,1.0,True,False,14170.0,-1,0.0,1.0,False,True,3507.0,0,0.0,1.0,False,False,0.0,1.0
2025-07-28,16915.0,0,-0.0,1.0,False,False,20615.0,0,-0.0,1.0,False,False,8946.0,0,0.0,1.0,False,False,1316.0,1,-0.08611111111111114,0.9138888888888889,False,False,2660.0,-1,-0.0,1.0,False,True,5149.0,1,-0.041689931137167346,0.9583100688628327,False,False,1100.5,1,-0.12589356632247817,0.8741064336775218,False,False,14075.0,-1,0.006704304869442512,1.0067043048694426,False,True,3397.0,0,-0.0,1.0,False,False,-0.027443367077923792,0.9725566329220762
2025-07-29,16900.0,0,-0.0,1.0,False,False,20605.0,-1,-0.0,1.0,False,True,8970.0,0,0.0,1.0,False,False,1318.0,1,0.001519756838905817,0.9152777777777777,False,False,2660.0,-1,-0.0,1.0,False,True,5192.0,1,0.008351136142940474,0.9663130467150568,False,False,1120.5,1,0.0181735574738755,0.8899920571882446,False,False,13925.0,-1,0.010657193605683846,1.0174329475501116,False,True,3503.0,0,0.0,1.0,False,False,0.0043001826734895155,0.9767388041039549
2025-07-30,16890.0,0,-0.0,1.0,False,False,20625.0,-1,-0.0009706381946128495,0.9990293618053872,False,True,8982.0,0,0.0,1.0,False,False,1311.0,1,-0.00531107738998482,0.9104166666666667,False,False,2735.0,-1,-0.02819548872180455,0.9718045112781954,False,True,5159.0,-1,-0.006355932203389814,0.9601712265028849,False,True,1232.5,-1,0.09995537706381086,0.9789515488482923,False,True,13755.0,-1,0.012208258527827698,1.0298540320085332,False,True,3483.0,-1,-0.0,1.0,False,True,0.007925611009094058,0.9844800559227707
2025-07-31,16735.0,0,-0.0,1.0,False,False,20510.0,-1,0.005575757575757567,1.0045997073378778,False,True,8900.0,0,-0.0,1.0,False,False,1247.0,1,-0.04881769641495037,0.8659722222222223,False,False,2699.0,-1,0.013162705667276065,0.9845960880262814,False,False,5041.0,-1,0.02287264973832137,0.9821328866554998,False,True,1135.0,-1,0.07910750507099396,1.056393963463066,False,True,13650.0,-1,0.007633587786259555,1.0377155131689035,False,True,3390.0,-1,0.0267011197243755,1.0267011197243754,False,True,0.011803958794225959,0.9961008179366204
2025-08-01,16735.0,0,0.0,1.0,False,False,20510.0,-1,-0.0,1.0045997073378778,False,True,8910.0,0,0.0,1.0,False,False,1256.0,-1,0.0072173215717723505,0.8722222222222223,False,True,2675.0,-1,0.008892182289736983,0.993351295922773,False,False,5015.0,-1,0.005157706804205464,0.9871984401276368,False,True,1092.5,-1,0.037444933920704804,1.095950565619172,False,True,13585.0,-1,0.004761904761904745,1.042657015612565,False,True,3401.0,-1,-0.003244837758112018,1.023369641164798,False,True,0.006692134621134703,1.0027668587064746
2025-08-04,16750.0,0,0.0,1.0,False,False,20525.0,-1,-0.0007313505607020598,1.0038649927786352,False,False,8838.0,-1,-0.0,1.0,False,True,1253.0,-1,0.0023885350318471055,0.8743055555555557,False,True,2678.0,-1,-0.0011214953271028172,0.9922372570862241,False,False,4981.0,-1,0.006779661016949157,0.9938913109081631,False,True,1141.0,-1,-0.04439359267734555,1.047297382614568,False,True,13805.0,-1,-0.0161943319838056,1.0257718817564911,False,True,3417.0,-1,-0.004704498676859847,1.0185552000419995,False,True,-0.006441897019668846,0.9963071378679508
2025-08-05,16775.0,0,0.0,1.0,False,False,20560.0,-1,-0.001705237515225333,1.0021531645327277,False,False,9064.0,-1,-0.025571396243494027,0.974428603756506,False,False,1271.0,-1,-0.014365522745410919,0.8617456992107833,False,False,2724.0,-1,-0.017176997759521972,0.9751935999443399,False,False,5042.0,-1,-0.012246536839991995,0.9817195843541783,False,True,1182.0,-1,-0.0359333917616127,1.009664435474167,False,False,13820.0,-1,-0.0010865628395508864,1.0246573161479184,False,False,3457.0,-1,-0.01170617500731641,1.0066318146156956,False,False,-0.013310202301347138,0.9830460883086521
2025-08-06,16855.0,0,0.0,1.0,False,False,20650.0,-1,-0.0043774319066147704,0.9977663072949872,False,False,8970.0,-1,0.010370697263901163,0.9845341078113508,False,False,1370.0,-1,-0.07789142407553107,0.7946230995082911,False,False,2745.0,-1,-0.007709251101321479,0.9676755876099673,False,False,5051.0,-1,-0.0017850059500197357,0.9799672090548551,False,False,1221.0,-1,-0.03299492385786795,0.9763506343036997,False,False,13850.0,-1,-0.0021707670043416005,1.0224330238552672,False,False,3451.0,-1,0.0017356089094591187,1.0083789337616875,False,False,-0.012758055302481815,0.9705043319491219
2025-08-07,16875.0,0,0.0,1.0,False,False,20750.0,1,-0.004842615012106588,0.9929345091967063,True,False,8950.0,-1,0.0022296544035674826,0.9867292786202948,False,False,1357.0,-1,0.00948905109489051,0.8021633187007055,False,False,2739.0,-1,0.002185792349726823,0.9697907255063826,False,False,5046.0,-1,0.0009899029895070743,0.9809372815247175,False,False,1229.5,1,-0.006961506961506991,0.9695537625661228,True,False,13835.0,-1,0.0010830324909747446,1.023540352039948,False,False,3440.0,-1,0.0031874818893073975,1.011593123350612,False,False,0.0008178659160400503,0.9712980743635923
2025-08-08,16845.0,1,-0.0,1.0,True,False,20685.0,1,-0.00313253012048198,0.9898241119389817,True,False,8980.0,-1,-0.003351955307262511,0.9834218061779922,False,False,1332.0,-1,0.018422991893883522,0.8169415670186994,False,False,2506.0,-1,0.0850675428988682,1.0522884396513212,False,False,4993.0,-1,0.010503369005152585,0.9912404277634829,False,False,1227.0,1,-0.0020333468889792705,0.9675823234393108,True,False,13800.0,1,0.0025298156848572173,1.0261297204766229,True,False,3428.0,-1,0.0034883720930232176,1.0151219365716024,False,False,0.012388251028784554,0.9833307587325835
2025-08-11,16885.0,1,0.002374591867022824,1.0023745918670228,True,False,20700.0,1,0.0007251631617113397,0.9905418959215335,True,False,9218.0,-1,-0.02650334075723837,0.9573578429407581,False,False,1345.0,-1,-0.009759759759759845,0.8089684135868351,False,False,2455.0,-1,0.02035115722266556,1.0737037271302587,False,False,5010.0,1,-0.003404766673342774,0.9878654853897637,True,False,1256.0,1,0.023634881825590925,0.9904510173103296,True,False,13880.0,1,0.005797101449275255,1.0320782985663424,True,False,3465.0,-1,-0.010793465577596306,1.0041652528921539,False,False,0.0002690625287031789,0.9835953361930797
2025-08-12,16915.0,1,0.0017767249037607957,1.00415553576729,True,False,20735.0,1,0.0016908212560386993,0.9922167252141545,True,False,9396.0,-1,-0.019310045563028844,0.9388712193734491,False,False,1409.0,-1,-0.0475836431226766,0.7704747492972013,False,False,2562.0,-1,-0.04358452138492863,1.0269068640740724,False,False,5047.0,1,0.007385229540918248,0.9951610987549178,True,False,1313.0,1,0.04538216560509545,1.0353998294016422,True,False,13980.0,1,0.007204610951008661,1.039514021178492,True,False,3484.0,-1,-0.0054834054834054236,0.9986590076381998,False,False,-0.00583578481080196,0.9778552854701485
2025-08-13,16930.0,1,0.000886786875554213,1.0050460077174235,False,False,20790.0,1,0.0026525198938991412,0.9948485998168445,True,False,9490.0,1,-0.010004257130693972,0.9294785102822289,True,False,1383.0,-1,0.018452803406671436,0.7846921683757869,False,False,2688.0,-1,-0.049180327868852514,0.9764032478081344,False,True,5167.0,1,0.023776500891618868,1.0188225475067685,True,False,1245.0,1,-0.051789794364051844,0.9817766851523568,False,False,14130.0,1,0.010729613733905685,1.050667605096716,True,False,3451.0,-1,0.009471871412169874,1.0081181773431542,False,False,-0.005000475905531012,0.9729655436760589
2025-08-14,16770.0,1,-0.00945067926757237,0.9955476402493321,False,False,20715.0,1,-0.003607503607503615,0.9912596799040853,False,False,9368.0,1,-0.012855637513171758,0.9175294714777578,True,False,1400.0,-1,-0.012292118582791112,0.7750466391911243,False,False,2606.0,-1,0.030505952380952328,1.0061893587903765,False,True,5124.0,1,-0.008322043739113605,1.010343861704022,False,False,1214.0,1,-0.02489959839357425,0.9573308399798885,False,False,14155.0,1,0.0017692852087756172,1.0525265357497533,True,False,3432.0,-1,0.005505650536076545,1.013668523726672,False,False,-0.003738521441991358,0.9693280911287072
2025-08-15,16850.0,1,0.004770423375074495,1.0002968239833778,False,False,20750.0,1,0.0016895969104513409,0.9929345091967062,False,False,9460.0,1,0.00982066609735277,0.9265402220516213,True,False,1395.0,-1,0.0035714285714285587,0.7778146629025211,False,False,2546.0,-1,0.023023791250959325,1.0293556525461027,False,True,5097.0,1,-0.005269320843091285,1.0050200357348555,False,False,1230.0,-1,0.01317957166392092,0.9699480503914851,False,True,14120.0,1,-0.0024726245143058545,1.049924032835501,True,False,3439.0,-1,-0.002039627039627012,1.0116010179964603,False,False,0.005141545052462584,0.974311935179863
2025-08-18,16775.0,-1,-0.004451038575667643,0.99584446423271,False,True,20595.0,-1,-0.00746987951807232,0.9855174080436706,False,True,9584.0,1,0.013107822410147962,0.9386851467381331,True,False,1386.0,-1,0.006451612903225823,0.7828328220180212,False,False,2590.0,-1,-0.01728201099764326,1.0115663168383147,False,True,5054.0,1,-0.00843633509907793,0.9965413499321091,False,False,1187.5,-1,0.03455284552845528,1.0034625155472885,False,True,14125.0,1,0.0003541076487252326,1.0502958189661085,True,False,3419.0,-1,0.005815644082582172,1.0174841294707053,False,True,0.0025158631536305906,0.9767631706777246
2025-08-19,16825.0,-1,-0.0029806259314455463,0.9928762243989315,False,True,20545.0,-1,0.002427773731488281,0.9879100213188433,False,True,9640.0,1,0.005843071786310494,0.9441699514352674,True,False,1358.0,-1,0.02020202020202022,0.7986476265032338,False,False,2604.0,-1,-0.00540540540540535,1.0060983908013508,False,False,5001.0,1,-0.010486743173723778,0.986090876733375,False,False,1194.5,-1,-0.005894736842105175,0.9975473680872203,False,True,14100.0,1,-0.001769911504424737,1.0484368883130712,False,False,3416.0,-1,0.0008774495466510324,1.018376920458834,False,True,0.00031254360104060463,0.9770684517564521
2025-08-20,16725.0,-1,0.005943536404160454,0.998777420383472,False,True,20535.0,-1,0.00048673643222196805,0.9883908731179762,False,True,9554.0,1,-0.00892116182572611,0.9357468585075254,False,False,1309.0,-1,0.03608247422680411,0.8274648089028349,False,False,2627.0,-1,-0.008832565284178084,0.9972119610822914,False,False,5008.0,1,0.0013997200559887624,0.9874711279105662,False,False,1162.5,-1,0.02678945165341151,1.0242711150765809,False,True,14055.0,1,-0.0031914893617021045,1.045090813137604,False,False,3402.0,-1,0.004098360655737654,1.0225505963623538,False,True,0.005983895884079795,0.9829151276433818
2025-08-21,16745.0,-1,-0.0011958146487294208,0.9975830677133573,False,False,20590.0,-1,-0.0026783540297052877,0.9857436124400368,False,False,9500.0,1,-0.00565208289721586,0.9304579396924315,False,False,1306.0,-1,0.0022918258212375475,0.8293612141180439,False,True,2561.0,-1,0.025123715264560365,1.0222656304509365,False,False,5004.0,1,-0.0007987220447284171,0.9866824129521712,False,False,1147.0,-1,0.013333333333333308,1.0379280632776018,False,True,14030.0,-1,-0.001778726431874822,1.0432318824845666,False,True,3375.0,-1,0.007936507936507908,1.0306660772858645,False,False,0.004064631367042814,0.986910315302342
2025-08-22,16780.0,-1,-0.002090176171991587,0.9954979433556406,False,False,20630.0,-1,-0.0019426906265176402,0.983828617564,False,False,9592.0,1,0.00968421052631574,0.939468690266295,False,False,1326.0,-1,-0.015313935681470214,0.8166604298283341,False,True,2543.0,-1,0.007028504490433463,1.0294506290249767,False,False,5019.0,1,0.002997601918465209,0.9896400940461525,False,False,1162.0,-1,-0.013077593722754965,1.0243544617526115,False,True,14030.0,-1,-0.0,1.0432318824845666,False,True,3361.0,-1,0.004148148148148123,1.034941432865717,False,False,-0.0009517701243746525,0.9859710035488001
2025-08-25,16865.0,-1,-0.005065554231227676,0.990455194536497,False,False,20770.0,-1,-0.0067862336403297085,0.9771521267031681,False,False,9582.0,-1,-0.0010425354462051395,0.9384892608560924,False,True,1337.0,-1,-0.008295625942684737,0.8098857203802861,False,False,2547.0,-1,-0.001572945340149401,1.027831359455138,False,False,5047.0,1,0.00557880055788007,0.9951610987549177,False,False,1215.5,-1,-0.0460413080895008,0.9771918423862047,False,False,14120.0,-1,-0.006414825374198241,1.036539732133632,False,False,3389.0,-1,-0.00833085391252597,1.0263194869804924,False,False,-0.008663453490993511,0.9774290896160869
2025-08-26,16930.0,-1,-0.0038541357841683777,0.9866378457286185,False,False,20715.0,1,0.0026480500722195766,0.9797396744628538,True,False,9500.0,-1,0.008557712377374238,0.9465205820197533,False,True,1311.0,-1,0.01944652206432307,0.8256351809112416,False,False,2526.0,-1,0.00824499411071844,1.0363058229606574,False,False,4999.0,1,-0.009510600356647525,0.9856965192541773,False,False,1160.5,-1,0.04524886877828049,1.0214086678335441,False,False,14100.0,-1,0.0014164305949008194,1.0380079187230564,False,False,3367.0,-1,0.006491590439657746,1.0329819327502092,False,False,0.008743270255184276,0.985975016301879
2025-08-27,16890.0,1,0.002362669816893037,0.9889689451869258,True,False,20810.0,1,0.004586048756939354,0.9842328083790484,True,False,9500.0,-1,-0.0,0.9465205820197533,False,True,1307.0,-1,0.0030511060259343914,0.8281542813869432,False,False,2501.0,-1,0.009897070467141722,1.0465622147160083,False,False,4949.0,1,-0.010002000400080036,0.9758375822742396,False,False,1154.0,-1,0.005601034037053032,1.0271296125478209,False,False,14075.0,-1,0.0017730496453900457,1.0398483582952605,False,False,3349.0,-1,0.005346005346005378,1.0385042596850187,False,False,0.0025127759661418806,0.9884525506260586
2025-08-28,16910.0,1,0.001184132622853662,0.9901400155779108,True,False,20750.0,1,-0.0028832292167226825,0.9813950395898728,True,False,9414.0,-1,0.009052631578947423,0.9550890841306691,False,True,1311.0,-1,-0.003060443764345777,0.8256197617805563,False,False,2483.0,-1,0.007197121151539365,1.0540944497679428,False,True,4946.0,1,-0.0006061830672863255,0.9752460460554433,False,False,1175.0,-1,-0.018197573656845822,1.0084383457683543,False,False,14070.0,-1,0.000355239786856143,1.040217753804424,False,False,3372.0,1,-0.006867721707972452,1.0313721014369581,True,False,-0.0015362251414418296,0.9869340649666646
2025-08-29,16880.0,1,-0.0017740981667652145,0.9883834099914331,False,False,20740.0,1,-0.00048192771084332175,0.9809220781250103,False,False,9316.0,-1,0.010410027618440565,0.9650315878745406,False,True,1296.0,1,0.011441647597253968,0.8350662121441783,True,False,2513.0,-1,-0.012082158679017407,1.041358713363175,False,True,4907.0,-1,-0.007885159725030344,0.9675560752110918,False,True,1151.0,-1,0.020425531914893602,1.0290362353840483,False,False,14240.0,-1,-0.012082444918265711,1.02764938009108,False,False,3346.0,1,-0.00771055753262162,1.0234196475112876,True,False,2.898448867161285e-05,0.9869626707458903
2025-09-01,16855.0,1,-0.001481042654028486,0.9869195720027018,False,False,20645.0,1,-0.004580520732883286,0.9764289442088158,False,False,9384.0,-1,-0.007299270072992803,0.9579875616856752,False,True,1271.0,1,-0.019290123456790154,0.818957681817323,False,False,2513.0,-1,-0.0,1.041358713363175,False,True,4894.0,-1,0.0026492765437130528,0.9701193988258757,False,True,1118.5,-1,0.028236316246741944,1.058092427955709,False,False,14025.0,-1,0.015098314606741603,1.043165153737118,False,False,3303.0,1,-0.01285116557083088,1.0102675121726785,False,False,5.353165663011003e-05,0.9870155044926874
2025-09-02,16850.0,1,-0.00029664787896765965,0.9866268044049554,False,False,20720.0,1,0.0036328408815693436,0.9799761551952851,False,False,9422.0,-1,-0.004049445865302648,0.9541082429149959,False,False,1267.0,1,-0.0031471282454760274,0.8163803169650261,False,False,2500.0,-1,0.005173099880620757,1.0467457659989574,False,False,4888.0,-1,0.001225991009399241,0.9713087564868801,False,True,1112.5,-1,0.00536432722396063,1.0637683819724582,False,False,14045.0,-1,-0.0014260249554367554,1.0416775741952469,False,False,3298.0,1,-0.001513775355737157,1.0087381941100497,False,False,0.0005514707438477472,0.9875598146671392
2025-09-03,16865.0,-1,0.0008902077151335952,0.9875051071981943,False,True,20710.0,-1,-0.0004826254826254539,0.9795031937304226,False,True,9368.0,-1,0.00573126724686901,0.9595764922375823,False,False,1276.0,-1,0.00710339384372527,0.822179387882694,False,True,2521.0,-1,-0.008399999999999963,1.0379531015645662,False,False,4878.0,-1,0.0020458265139116083,0.9732958856940954,False,False,1106.0,-1,0.00584269662921344,1.0699836579120723,False,True,13990.0,-1,0.003915984336062661,1.0457567672590231,False,False,3299.0,1,0.0003032140691328067,1.0090440577225754,False,False,0.0018833294301581081,0.9894197151301433
2025-09-04,16860.0,-1,0.00029647198339755043,0.9877978747959405,False,True,20605.0,-1,0.005070014485755725,0.9844692891114797,False,True,9390.0,1,-0.0023484201537147253,0.9573230034641808,True,False,1277.0,-1,-0.0007836990595611049,0.8215350466696197,False,False,2519.0,-1,0.0007933359777866356,1.0387765471032928,False,False,4883.0,-1,-0.0010250102501025982,0.9722982474348763,False,False,1094.5,-1,0.010397830018083143,1.0811091661091687,False,True,14010.0,-1,-0.0014295925661187425,1.0442617611585812,False,False,3313.0,1,0.004243710215216634,1.0133261482979363,False,False,0.0016905156278602797,0.991092344621084
2025-09-05,16900.0,-1,-0.0023724792408066353,0.9854543448438742,False,False,20695.0,-1,-0.004367871875758267,0.9801692533910219,False,True,9526.0,1,0.014483493077742216,0.9711883845580176,True,False,1302.0,-1,-0.019577133907595856,0.8054517450511856,False,False,2550.0,1,-0.012306470821754623,1.025992873836043,True,False,4913.0,-1,-0.0061437640794592685,0.9663246763877646,False,False,1158.5,-1,-0.05847418912745539,1.0178921842626756,False,False,14000.0,-1,0.0007137758743754885,1.045007130010229,False,False,3340.0,1,0.008149713250830137,1.0215844658361326,False,False,-0.008877214094431355,0.9822942056905307
2025-09-08,16895.0,-1,0.0002958579881656709,0.9857458993837689,False,False,20720.0,-1,-0.0012080212611742525,0.9789851880933762,False,False,9466.0,1,-0.006298551333193347,0.9650713046636777,True,False,1293.0,1,0.00691244239631339,0.811019383841862,True,False,2542.0,1,-0.0031372549019608176,1.0227740726632242,True,False,4890.0,-1,0.004681457358029717,0.9708484841542859,False,False,1143.5,-1,0.01294777729823049,1.031071625578118,False,False,13885.0,-1,0.00821428571428573,1.0535911171495989,False,False,3352.0,1,0.00359281437125758,1.025254829186442,False,False,0.002888978625550462,0.9851320326547727
2025-09-09,16930.0,-1,-0.0020716188221368004,0.9837038096247613,False,False,20750.0,-1,-0.0014478764478764727,0.9775677384967159,False,False,9486.0,1,0.0021128248468202937,0.9671103312951245,True,False,1278.0,1,-0.011600928074245953,0.8016108063030933,True,False,2550.0,1,0.0031471282454760274,1.025992873836043,True,False,4847.0,1,0.00879345603271986,0.9793855976141294,True,False,1123.5,1,0.01749016178399654,1.0491052351203676,True,False,13835.0,-1,0.003601008282319018,1.0573851074886322,False,False,3349.0,1,-0.0008949880668257526,1.0243372383488647,False,False,0.0021254630866940844,0.9872258944257003
2025-09-10,16795.0,-1,0.007974010632014195,0.9915478742614622,False,False,20790.0,-1,-0.001927710843373509,0.9756832705670836,False,False,9244.0,1,-0.025511279780729534,0.9424381090546206,False,False,1281.0,1,0.0023474178403755097,0.803492521810847,False,False,2533.0,1,-0.00666666666666671,1.0191529213438029,True,False,4857.0,1,0.00206313183412421,0.9814061992184498,False,False,1117.0,1,-0.00578549176680021,1.0430356454200718,False,False,13855.0,-1,-0.0014456089627756796,1.0558565421001411,False,True,3342.0,1,-0.002090176171991587,1.0221961930611843,False,False,-0.0034491526539803686,0.9838208016118637
2025-09-11,16900.0,-1,-0.006251860672819243,0.9853488551011494,False,False,20915.0,-1,-0.006012506012506025,0.9698169690364975,False,False,9330.0,1,0.009303331890956335,0.951205923569841,False,False,1287.0,1,0.004683840749414525,0.8072559528263544,False,False,2567.0,1,0.01342281879194629,1.0328328263282833,True,False,4888.0,1,0.006382540662960734,0.9876700641918433,False,False,1141.5,1,0.021933751119068923,1.065913329675033,False,False,13835.0,-1,0.001443522194153779,1.057380694452505,False,True,3334.0,1,-0.002393776181927043,1.0197492841609779,False,False,0.004723518060138697,0.9884678969362174
2025-09-12,17040.0,-1,-0.008284023668639007,0.9771862018636251,False,False,21120.0,-1,-0.009801577814965379,0.9603112325482124,False,False,9296.0,-1,-0.0036441586280814287,0.9477395782963818,False,True,1290.0,1,0.002331002331002363,0.8091376683341082,False,False,2531.0,1,-0.014024152707440618,1.018348221050598,False,False,4876.0,1,-0.002454991816693952,0.9852453422666587,False,False,1144.5,1,0.0026281208935610145,1.068714678767477,False,False,13860.0,-1,-0.0018070112034693775,1.0554699956912972,False,False,3364.0,1,0.008998200359928044,1.0289251925367515,False,False,-0.002895399139422038,0.9856058878380819
2025-09-15,17160.0,-1,-0.007042253521126751,0.9703046088927546,False,False,21025.0,1,0.004498106060606077,0.9646308143234055,True,False,9422.0,-1,-0.013554216867469826,0.9348937105182682,False,True,1308.0,1,0.013953488372093092,0.8204279613806307,False,False,2504.0,1,-0.010667720268668468,1.0074847670923341,False,False,4921.0,1,0.00922887612797374,0.9943380494861008,False,False,1187.5,1,0.03757099169943201,1.1088673490925112,False,False,13885.0,-1,-0.0018037518037516964,1.0535661897827633,False,False,3370.0,1,0.001783590963139181,1.0307603742119062,False,False,0.0037741234180252623,0.9893256861003152
2025-09-16,17055.0,1,0.006118881118881148,0.976241787443672,True,False,20985.0,1,-0.0019024970273483488,0.9627956070666666,False,False,9482.0,-1,-0.006368074718743344,0.9289402375156046,False,False,1339.0,1,0.023700305810397504,0.8398723549607526,False,False,2518.0,1,0.005591054313099031,1.0131176691447674,False,False,4960.0,1,0.007925218451534155,1.0022183957429505,False,False,1240.5,1,0.044631578947368356,1.1583578497256926,False,False,13895.0,-1,-0.0007202016564638036,1.0528074096676874,False,False,3402.0,1,0.00949554896142435,1.0405480098127315,False,False,0.009830201577794339,0.999050957020771
2025-09-17,17100.0,1,0.0026385224274405594,0.9788176232944468,True,False,20940.0,1,-0.0021443888491780028,0.9607309989028352,False,False,9424.0,-1,0.0061168529846024056,0.9346224283799693,False,False,1334.0,1,-0.0037341299477221535,0.8367361624478298,True,False,2460.0,-1,-0.023034154090548098,0.9897813606418299,False,True,4973.0,1,0.0026209677419355426,1.0048451778285672,True,False,1233.0,1,-0.006045949214026569,1.151354476994582,True,False,13890.0,1,0.00035984166966529507,1.0531862536438181,True,False,3390.0,1,-0.003527336860670194,1.036877646462422,False,False,-0.002972197126500135,0.9960815806370866
2025-09-18,17145.0,1,0.002631578947368318,0.9813934591452216,True,False,20785.0,1,-0.007402101241642756,0.9536195707829719,False,False,9304.0,-1,0.012733446519524572,0.9465233930876938,False,False,1306.0,1,-0.020989505247376306,0.8191734843754616,False,False,2470.0,-1,-0.004065040650406582,0.985757859175806,False,False,4923.0,1,-0.010054293183189178,0.994742169806965,False,False,1203.5,1,-0.023925385239253805,1.1238078775855471,False,False,13765.0,1,-0.008999280057595427,1.0437083355944676,False,False,3354.0,1,-0.010619469026548645,1.0258665564114937,False,False,-0.00785444990879109,0.9882579077569031
2025-09-19,17180.0,1,0.0020414114902302938,0.9833968870291575,False,False,20795.0,-1,0.0004811161895597049,0.9540783725971566,False,True,9316.0,-1,-0.0012897678417884695,0.9453025976537889,False,False,1318.0,1,0.009188361408882129,0.8267003464064766,False,False,2522.0,-1,-0.021052631578947434,0.9650050621405258,False,False,4950.0,1,0.005484460694698434,1.0001977941386302,False,False,1232.0,1,0.023680930619027762,1.1504206939637673,False,False,13720.0,1,-0.0032691609153651102,1.0402962850967015,False,False,3374.0,1,0.005963029218843063,1.0319838286620093,False,False,0.0023586388094600417,0.9905888512118944
2025-09-22,17165.0,1,-0.0008731082654248601,0.9825382750788992,False,False,20745.0,-1,0.0024044241404184152,0.9563723816680803,False,True,9360.0,-1,-0.00472305710605414,0.9408378795025687,False,False,1293.0,-1,-0.01896813353566007,0.8110193838418621,False,True,2528.0,-1,-0.0023790642347343294,0.9627092531108498,False,False,4938.0,1,-0.00242424242424244,0.9977730722134456,False,False,1217.5,1,-0.011769480519480569,1.1368808400169534,False,False,13610.0,-1,-0.008017492711370311,1.031955717213273,False,True,3380.0,1,0.001778304682868992,1.033819010337164,False,False,-0.004996872219297701,0.9856390053005277
2025-09-23,17085.0,1,-0.004660646664724766,0.9779590113441884,False,False,20685.0,-1,0.002892263195950817,0.9591384623092027,False,True,9054.0,-1,0.03269230769230769,0.9715960409478449,False,False,1273.0,-1,0.015467904098994567,0.8235641538935536,False,True,2447.0,-1,0.03204113924050633,0.9935555543378982,False,False,4891.0,1,-0.00951802349129205,0.9882762446731393,False,False,1217.5,-1,0.0,1.1368808400169534,False,True,13540.0,-1,0.005143277002204294,1.037263351320909,False,True,3340.0,1,-0.011834319526627168,1.0215844658361326,False,False,0.006913766838591079,0.9924534835701964
2025-09-24,17065.0,1,-0.0011706175007316633,0.9768141954105106,False,False,20705.0,-1,-0.0009668842156151936,0.9582110864694066,False,True,9126.0,-1,-0.007952286282306265,0.9638696310794723,False,False,1307.0,-1,-0.02670856245090336,0.8015679392569622,False,True,2395.0,-1,0.021250510829587288,1.0146691174051523,False,False,4919.0,-1,0.0057248006542629515,0.9939339291652367,False,True,1224.5,-1,-0.005749486652977476,1.13034435880125,False,False,13555.0,-1,-0.0011078286558345862,1.0361142412566688,False,True,3357.0,1,0.005089820359281516,1.026784147249071,False,False,-0.0012878371016929765,0.9911753651523502
2025-09-25,17090.0,-1,0.0014649868151186407,0.9782452153276078,False,True,20765.0,-1,-0.0028978507606858273,0.9554343337435836,False,False,9222.0,-1,-0.01051939513477973,0.953730305571733,False,False,1315.0,-1,-0.006120887528691554,0.7966616320541653,False,False,2444.0,-1,-0.0204592901878915,0.9939097074874685,False,False,4935.0,-1,-0.003252693636918158,0.9907009665983239,False,True,1234.5,-1,-0.008166598611678344,1.1211132901299454,False,False,13530.0,-1,0.001844337882700109,1.0380251860026237,False,True,3358.0,1,0.00029788501638372544,1.027090010861597,False,False,-0.005312167349604737,0.9859100757398553
2025-09-26,17110.0,-1,-0.001170275014628519,0.97710039939393,False,True,20745.0,-1,0.0009631591620514746,0.9563545690758674,False,False,9236.0,-1,-0.0015181088700932932,0.9522824391351677,False,False,1293.0,-1,0.016730038022813698,0.8099898114497482,False,False,2405.0,-1,0.015957446808510634,1.0097699687771622,False,True,4897.0,-1,0.007700101317122621,0.9983294644161022,False,True,1196.5,-1,0.030781692993114618,1.155623055237226,False,False,13405.0,-1,0.009238728750923908,1.0476152191327293,False,True,3313.0,1,-0.013400833829660508,1.0133261482979365,False,False,0.007253549926683848,0.9930614236974551
2025-09-29,16855.0,-1,0.01490356516656921,0.9916626788705782,False,True,20730.0,1,0.000723065798987732,0.9570460763564719,True,False,9234.0,1,0.0002165439584235207,0.9524886501440754,True,False,1278.0,-1,0.011600928074245953,0.8193864449932489,False,False,2416.0,-1,-0.00457380457380463,1.0051514782754787,False,True,4896.0,-1,0.00020420665713705155,0.998533329938752,False,True,1154.0,-1,0.035520267446719545,1.1966710952268473,False,False,13350.0,-1,0.0041029466616934185,1.0519135284988093,False,False,3289.0,1,-0.007244189556293357,1.0059854215973176,False,False,0.006161503292630938,0.9991801749293517
2025-09-30,16940.0,-1,-0.005043013942450214,0.9866617101548264,False,False,20680.0,1,-0.002411963338157297,0.9547377163073728,False,False,9228.0,1,-0.0006497725795971965,0.9518697491368342,False,False,1255.0,-1,0.017996870109546204,0.8341328364133153,False,False,2421.0,-1,-0.0020695364238410008,1.00307128067971,False,False,4839.0,-1,0.011642156862745057,1.0101584115985782,False,True,1126.0,-1,0.024263431542461023,1.2257064424247257,False,False,13215.0,-1,0.010112359550561778,1.0625508563150892,False,False,3253.0,-1,-0.01094557616296743,0.9949743315463893,False,True,0.004766106179811214,1.0039423737358273
2025-10-09,17115.0,-1,-0.010330578512396604,0.9764689238928964,False,False,21090.0,1,0.019825918762089056,0.9736662687099852,False,False,9570.0,1,0.03706111833550074,0.9871471065495778,False,False,1250.0,-1,0.003984063745019917,0.8374560748054002,False,False,2435.0,-1,-0.0057827344072696185,0.9972707858719794,False,False,4769.0,-1,0.014465798718743539,1.024771159854809,False,False,1164.0,-1,-0.03374777975133214,1.1843415713659873,False,False,13295.0,-1,-0.006053726825576922,1.0561184636926748,False,False,3286.0,-1,-0.01014448201660012,0.9848808323330381,False,False,0.0010308442275753166,1.0049772819366112
2025-10-10,17140.0,-1,-0.0014607069821794827,0.9750425889178848,False,False,20980.0,1,-0.005215742057847361,0.9685878766019672,False,False,9438.0,1,-0.01379310344827589,0.9735312843902733,False,False,1240.0,-1,0.008000000000000007,0.8441557234038434,False,False,2391.0,-1,0.018069815195071892,1.0152912846721303,False,False,4735.0,-1,0.007129377227930389,1.0320771400257178,False,False,1161.0,-1,0.002577319587628857,1.187393998096312,False,False,13325.0,-1,-0.002256487401278706,1.0537353456850944,False,False,3285.0,-1,0.00030432136335967197,0.9851805526106806,False,False,0.0014838659427121531,1.0064685334984762
2025-10-13,17095.0,-1,0.0026254375729287682,0.9776025023660354,False,False,20885.0,1,-0.004528122020972303,0.964201992508679,False,False,9364.0,1,-0.007840644204280545,0.9658981719676328,False,False,1247.0,-1,-0.005645161290322553,0.8393903281910797,False,False,2392.0,-1,-0.0004182350480970154,1.0148666542728528,False,False,4721.0,-1,0.0029567053854276937,1.0351286880638086,False,False,1146.0,-1,0.012919896640826822,1.2027350058236543,False,False,13300.0,-1,0.0018761726078799779,1.0557123350766238,False,False,3261.0,-1,0.007305936073059405,0.9923782187484755,False,False,0.0010279984129389168,1.0075031815535855
2025-10-14,17050.0,-1,0.002632348639953208,0.9801758929835533,False,False,20875.0,1,-0.00047881254488868485,0.9637403204988592,False,False,9330.0,1,-0.0036309269542930123,0.9623910662599332,False,False,1234.0,-1,0.010425020048115519,0.848140989190666,False,False,2348.0,-1,0.018394648829431426,1.0335347699869017,False,False,4692.0,-1,0.00614276636305866,1.041487241750284,False,True,1153.5,-1,-0.00654450261780104,1.1948637034295204,False,False,13265.0,1,0.0026315789473684292,1.0584905254320884,True,False,3241.0,-1,0.006133088009812937,0.9984645617030813,False,False,0.003967245413417493,1.0115001939296075
2025-10-15,17110.0,-1,-0.0035190615835776207,0.9767265936534061,False,False,20935.0,1,0.0028742514970059307,0.966510352557778,False,False,9322.0,-1,-0.0008574490889603492,0.9615658649169451,False,True,1232.0,-1,0.0016207455429497752,0.8495156099186898,False,False,2357.0,-1,-0.0038330494037479568,1.0295731801530508,False,False,4677.0,-1,0.0031969309462915874,1.0448168045436035,False,True,1151.0,-1,0.0021673168617252214,1.1974533516814267,False,False,13270.0,1,0.0003769317753485879,1.0588895041450292,True,False,3212.0,-1,0.008947855600123455,1.007398678423041,False,False,0.0012193857941287369,1.0127336028968437
2025-10-16,17100.0,-1,0.0005844535359439407,0.9772974449647172,False,False,20995.0,1,0.002866013852400373,0.969280384616697,False,False,9312.0,-1,0.0010727311735678757,0.9625973665956802,False,True,1235.0,-1,-0.0024350649350648457,0.8474469842451866,False,False,2364.0,-1,-0.002969876962240159,1.0265154744843739,False,False,4694.0,-1,-0.0036348086380157962,1.0410190953973044,False,False,1185.5,-1,-0.029973935708079935,1.161560961904703,False,False,13320.0,1,0.0037678975131876236,1.0628792912744378,True,False,3219.0,-1,-0.002179327521793173,1.0052032267577358,False,False,-0.0036557686322326774,1.0090312831585653
2025-10-17,17075.0,-1,0.0014619883040936088,0.9787262423988762,False,False,20910.0,1,-0.004048582995951455,0.9653561725332285,False,False,9308.0,-1,0.00042955326460480947,0.9630108534370013,False,True,1209.0,-1,0.021052631578947323,0.8652879733871905,False,False,2306.0,-1,0.024534686971235176,1.0517007103219769,False,False,4688.0,-1,0.0012782275244993535,1.0423497546585707,False,False,1179.0,-1,0.005482918599746922,1.16792970610747,False,False,13335.0,1,0.0011261261261261701,1.0640762274132605,True,False,3204.0,-1,0.004659832246039164,1.009887305167604,False,False,0.006219709068815675,1.0153071641811453
2025-10-20,17060.0,-1,0.0008784773060028783,0.979586031191613,False,True,20910.0,1,0.0,0.9653561725332285,False,False,9318.0,-1,-0.0010743446497636366,0.961976247878947,False,False,1219.0,-1,-0.008271298593879317,0.8581309181896124,False,False,2350.0,-1,-0.019080659150043422,1.0316335675404646,False,False,4702.0,1,-0.002986348122866911,1.0392369354253752,True,False,1216.0,1,-0.031382527565733565,1.1312771199107132,True,False,13465.0,1,0.009748781402324713,1.0744496739497227,True,False,3215.0,-1,-0.0034332084893882175,1.0064201514981772,False,False,-0.006177903095927497,1.0090346949082332
2025-10-21,17160.0,-1,-0.0058616647127784915,0.9738440263194464,False,False,20965.0,1,0.0026303204208513176,0.9678953685872375,False,False,9294.0,-1,0.0025756600128783447,0.9644539716339475,False,False,1210.0,-1,0.007383100902379036,0.8644665853460575,False,False,2321.0,-1,0.012340425531914945,1.0443643647569216,False,False,4699.0,1,-0.0006380263717566947,1.0385738748540703,True,False,1177.0,1,-0.032072368421052655,1.0949943833346294,True,False,13540.0,1,0.005569996286669099,1.0804343546438355,True,False,3219.0,-1,-0.0012441679626749025,1.0051679957886928,False,False,-0.0010351915903966669,1.0079901506776456
2025-10-22,17175.0,-1,-0.0008741258741258306,0.9729927640586777,False,False,21045.0,1,0.003815883615549742,0.9715887446657959,True,False,9164.0,-1,0.01398751882935223,0.9779442897222208,False,False,1223.0,-1,-0.01074380165289246,0.8551789278175462,False,False,2307.0,-1,0.006031882809134026,1.050663848215171,False,False,4719.0,1,0.004256224728665714,1.0429942786627704,True,False,1209.5,1,0.027612574341546292,1.1252299971480324,True,False,13535.0,1,-0.00036927621861149174,1.0800353759308947,True,False,3247.0,1,-0.008698353525939728,0.9964246892083625,True,False,0.0038909474502976105,1.0119121873843497
2025-10-23,17565.0,-1,-0.022707423580786035,0.9508986052241576,False,False,21165.0,1,0.005702066999287325,0.9771288087836337,True,False,9132.0,-1,0.0034919249236141647,0.9813591977614079,False,False,1235.0,-1,-0.009811937857726827,0.846787965320563,False,False,2339.0,-1,-0.01387082791504124,1.0360902707800232,False,False,4730.0,1,0.002331002331002363,1.0454255007575555,True,False,1258.5,1,0.04051260851591576,1.1708159995128558,True,False,13575.0,1,0.002955301071296601,1.0832272056344214,True,False,3256.0,1,0.0027717893440097896,0.9991865685440184,True,False,0.0012638337590635447,1.0131910761679739
2025-10-24,17595.0,1,-0.0017079419299743659,0.9492745256251411,True,False,21225.0,1,0.0028348688873138794,0.9798988408425525,True,False,9122.0,-1,0.0010950503723171634,0.9824338355162935,False,True,1229.0,1,0.004858299595141724,0.8509019149496507,True,False,2325.0,-1,0.005985463873450225,1.0422917516654104,False,False,4708.0,1,-0.0046511627906976605,1.0405630565679855,True,False,1248.5,1,-0.007945967421533529,1.1615127337241165,True,False,13540.0,1,-0.0025782688766113893,1.0804343546438355,False,False,3250.0,1,-0.0018427518427518441,0.9973453156535811,True,False,-0.00043915668148286624,1.012746126537256
2025-10-27,17520.0,1,-0.004262574595055413,0.9452281721484781,False,False,21360.0,1,0.006360424028268641,0.9861314129751201,True,False,9100.0,-1,0.0024117518088138112,0.9848032220961398,False,True,1246.0,1,0.013832384052074875,0.8626719170278803,True,False,2335.0,-1,-0.004301075268817289,1.0378087763894301,False,False,4746.0,1,0.008071367884451952,1.0489618238045155,False,False,1263.5,1,0.012014417300760805,1.1754676324072255,False,False,13565.0,1,0.0018463810930575697,1.0824292482085398,False,False,3299.0,1,0.015076923076922988,1.0123822142588197,True,False,0.005672222153386437,1.0184906475519568
2025-10-28,17355.0,1,-0.009417808219178037,0.9363261944998196,False,False,21140.0,1,-0.010299625468164764,0.9759746287590843,True,False,8958.0,-1,0.015604395604395638,1.0001704811662115,False,True,1239.0,1,-0.005617977528089901,0.8578254455839034,True,False,2396.0,-1,-0.026124197002141303,1.0106968554644815,False,False,4716.0,1,-0.006321112515802807,1.0423312180914655,False,False,1242.0,1,-0.017016224772457456,1.1554656109614359,False,False,13565.0,-1,0.0,1.0824292482085398,False,True,3305.0,1,0.0018187329493786208,1.0142234671492572,True,False,-0.00637486855022889,1.0119979035541757
2025-10-29,17355.0,1,0.0,0.9363261944998196,False,False,21295.0,1,0.007332071901608339,0.9831305449112914,False,False,8842.0,-1,0.01294931904442953,1.0131220078256533,False,True,1259.0,1,0.01614205004035507,0.8716725068524086,True,False,2373.0,1,0.00959933222036724,1.0203988703541658,True,False,4775.0,1,0.012510602205258792,1.0553714093271307,False,False,1302.0,1,0.048309178743961345,1.2112852056938723,False,False,13620.0,-1,-0.004054552156284474,1.0780404823661904,False,True,3345.0,1,0.012102874432677657,1.0264984864188396,True,False,0.01276565293693039,1.0249167175638496
2025-10-30,17350.0,-1,-0.00028810141169688386,0.9360564376013754,False,True,21245.0,1,-0.002347969006809114,0.9808221848621923,False,False,8828.0,-1,0.001583352182764064,1.0147261367681502,False,True,1235.0,1,-0.019062748212867353,0.8550560333302022,False,False,2401.0,1,0.01179941002949847,1.0324389750191116,True,False,4766.0,1,-0.0018848167539267102,1.0533822276132156,False,False,1288.0,1,-0.010752688172043001,1.198260633589637,False,False,13600.0,-1,0.001468428781204123,1.0796235080378,False,True,3318.0,1,-0.008071748878923812,1.0182128484118713,True,False,-0.003061875715866691,1.021778549955555
2025-10-31,17390.0,-1,-0.002305475504322807,0.9338983824138217,False,False,21300.0,1,0.0025888444339845496,0.9833613809162014,False,False,8764.0,-1,0.0072496601721794285,1.0220825564275478,False,True,1225.0,1,-0.0080971659919028,0.8481325026959495,False,False,2388.0,1,-0.005414410662224034,1.0268489264246725,False,False,4701.0,1,-0.013638271086865328,1.0390159152349405,False,False,1286.0,1,-0.0015527950310558758,1.1963999804318892,False,False,13595.0,-1,0.0003676470588235281,1.080020428445167,False,False,3308.0,1,-0.003013863773357439,1.0151440935944758,False,False,-0.0026462033760823087,1.0190747161070541
2025-11-03,17420.0,-1,-0.0017251293847038163,0.9322872868719922,False,False,21600.0,1,0.014084507042253502,0.9972115412107958,False,False,8664.0,-1,0.011410314924691911,1.0337448402754201,False,True,1202.0,-1,-0.018775510204081636,0.8322083822371684,False,True,2491.0,1,0.04313232830820768,1.0711393114421521,False,False,4680.0,1,-0.00446713465220161,1.0343744912358055,False,False,1284.5,-1,-0.001166407465007735,1.1950044905635784,False,True,13600.0,-1,-0.00036778227289446797,1.079623216077221,False,False,3295.0,1,-0.003929866989117237,1.0111547123318616,False,False,0.0042439243674607325,1.023399592127004
2025-11-04,17415.0,-1,0.0002870264064294137,0.932554877941703,False,False,21465.0,1,-0.006249999999999978,0.9909789690782284,False,False,8616.0,-1,0.005540166204986097,1.0394719585040928,False,False,1189.0,-1,0.010815307820299491,0.8412089720616969,False,True,2497.0,1,0.002408671216378888,1.0737193338703548,False,False,4670.0,-1,-0.002136752136752129,1.0321642893314555,False,True,1253.0,-1,0.02452316076294281,1.2243097777981076,False,True,13535.0,-1,0.004779411764705865,1.0847831799775902,False,False,3265.0,1,-0.009104704097116834,1.0019484478796747,False,False,0.0034291431046526246,1.0269089757816507
2025-11-05,17475.0,-1,-0.003445305770887197,0.9293419412390614,False,False,21435.0,1,-0.0013976240391334604,0.989593953048769,False,False,8590.0,-1,0.003017641597028775,1.0426087123250196,False,False,1195.0,-1,-0.005046257359125228,0.8369640150958684,False,True,2537.0,1,0.01601922306768122,1.0909194833917062,True,False,4638.0,-1,0.006852248394004334,1.0392369354253757,False,True,1268.5,-1,-0.012370311252992927,1.2091646847766624,False,True,13615.0,-1,-0.005910602142593202,1.0783714581897657,False,False,3253.0,-1,-0.003675344563552785,0.9982659420988,False,True,-0.0006618146743967187,1.0262293523522088
2025-11-06,17430.0,-1,0.0025751072961373023,0.9317350964525526,False,False,21665.0,1,0.010730114299043692,1.0002124092746247,False,False,8732.0,-1,-0.016530849825378446,1.0253735042749434,False,False,1207.0,-1,-0.010041841004184038,0.8285593555300522,False,False,2549.0,1,0.004729996058336683,1.0960795282481117,True,False,4630.0,-1,0.0017248814144027458,1.0410294959004516,False,True,1290.5,-1,-0.017343318880567615,1.1881937560694598,False,False,13605.0,-1,0.0007344840249724482,1.0791635047987924,False,False,3256.0,-1,-0.0009222256378726978,0.9973453156535814,False,True,-0.0027048502505677696,1.0234535556313589
2025-11-07,17420.0,-1,0.0005737234652897216,0.9322696547408214,False,False,21625.0,1,-0.0018462958689129394,0.9983657212353455,False,False,8660.0,-1,0.008245533669262506,1.0338282560280123,False,False,1210.0,-1,-0.0024855012427507095,0.8264999702221896,False,False,2539.0,1,-0.003923107100823886,1.0917794908677738,True,False,4611.0,-1,0.0041036717062634676,1.045301539188164,False,True,1270.0,-1,0.015885315769081698,1.2070685890794743,False,False,13580.0,-1,0.0018375597206908845,1.0811465321872502,False,False,3245.0,-1,0.0033783783783783994,1.0007147255037625,False,True,0.00286325316627546,1.0263839622650563
2025-11-10,17505.0,-1,-0.0048794489092995885,0.9277206925908231,False,False,21725.0,1,0.0046242774566473965,1.0029824413335435,False,False,8690.0,1,-0.0034642032332563577,1.0302468648408483,True,False,1226.0,-1,-0.013223140495867813,0.815571044996111,False,False,2527.0,1,-0.004726270185112291,1.0866194460113683,False,False,4614.0,-1,-0.0006506180871828082,1.044621447100208,False,False,1265.5,-1,0.0035433070866142113,1.211345603765189,False,False,13580.0,-1,-0.0,1.0811465321872502,False,True,3252.0,-1,-0.002157164869029282,0.9985560188539855,False,False,-0.0023259179151651705,1.0239966774193858
2025-11-11,17440.0,-1,0.0037132247929163587,0.9311655280674529,False,False,21665.0,1,-0.002761795166858483,1.0002124092746247,False,False,8770.0,1,0.009205983889528202,1.03973130088081,True,False,1215.0,-1,0.00897226753670477,0.8228885666070059,False,False,2500.0,1,-0.01068460625247325,1.0750093450844562,False,False,4572.0,-1,0.00910273081924573,1.054130354941172,False,False,1213.0,-1,0.041485578822599734,1.2615989772915996,False,False,13560.0,-1,0.0014727540500736325,1.0827387951212522,False,False,3242.0,-1,0.0030750307503074614,1.0016266093178663,False,False,0.007064574360227128,1.0312307780916405
2025-11-12,17670.0,-1,-0.013188073394495348,0.9188852487408753,False,False,21880.0,1,0.009923840295407382,1.0101383574857508,False,False,8744.0,1,-0.0029646522234891837,1.0366488591678225,True,False,1214.0,1,0.0008230452674896638,0.8235658411474233,True,False,2494.0,-1,-0.0023999999999999577,1.0724293226562536,False,True,4581.0,-1,-0.0019685039370078705,1.0520552951873507,False,False,1219.0,-1,-0.004946413849958864,1.2553585866372305,False,False,13515.0,-1,0.0033185840707964376,1.0863319548395747,False,False,3255.0,-1,-0.004009870450339292,0.997610216374889,False,False,-0.0017124493579552258,1.0294648476077939
2025-11-13,17670.0,-1,-0.0,0.9188852487408753,False,False,22050.0,1,0.007769652650822634,1.0179867816526875,False,False,8752.0,1,0.0009149130832570851,1.0375973027718186,False,False,1239.0,1,0.020593080724876422,0.8405255989964229,True,False,2492.0,-1,0.000801924619085792,1.0732893301323212,False,True,4586.0,-1,-0.001091464745688775,1.0509070139221386,False,False,1214.0,-1,0.004101722723543921,1.2605077194782366,False,True,13490.0,-1,0.0018497965223824853,1.0883414479117899,False,False,3254.0,1,0.0003072196620583778,0.9979167018484297,True,False,0.003916316137815327,1.0334965574037938
2025-11-14,17505.0,-1,0.009337860780984752,0.927465671267318,False,False,21840.0,1,-0.00952380952380949,1.0082916694464714,False,False,8644.0,1,-0.012340036563071255,1.0247933141178702,False,False,1226.0,1,-0.01049233252623083,0.831706524914943,False,False,2490.0,-1,0.0008025682182986049,1.0741507180377243,False,True,4608.0,1,-0.004797208896641925,1.045865593445408,True,False,1192.0,-1,0.018121911037891292,1.2833505282331963,False,True,13450.0,-1,0.002965159377316562,1.0915685537617879,False,True,3256.0,1,0.0006146281499692652,0.9985300495447103,True,False,-0.000590139993921447,1.0328866497516898
2025-11-17,17355.0,-1,0.00856898029134534,0.935413106325307,False,False,21725.0,1,-0.005265567765567747,1.0029824413335435,False,False,8680.0,1,0.004164738546968971,1.029061310335853,False,False,1231.0,1,0.004078303425774976,0.835098476484743,False,False,2449.0,-1,0.016465863453815288,1.091837537089751,False,True,4601.0,1,-0.0015190972222222099,1.0442768219275873,True,False,1210.0,-1,-0.015100671140939603,1.2639710739477956,False,False,13445.0,-1,0.0003717472118959231,1.091974341328242,False,True,3302.0,1,0.014127764127764175,1.0126370465591625,True,False,0.002876895658759457,1.035858156870351
2025-11-18,17230.0,-1,0.007202535292422985,0.9421504522366101,False,True,21465.0,1,-0.011967779056386685,0.9909789690782284,False,False,8708.0,1,0.003225806451612856,1.0323808629498397,False,False,1214.0,1,-0.01380991064175463,0.8235658411474233,False,False,2431.0,-1,0.007349938750510376,1.0998624761128688,False,True,4520.0,1,-0.017604868506846283,1.0258924657928048,True,False,1159.0,-1,0.04214876033057846,1.3172458878084052,False,False,13395.0,-1,0.0037188545927854255,1.0960352351226943,False,True,3286.0,1,-0.0048455481526347155,1.0077302649889184,True,False,0.00171308767336531,1.0376326727102405
2025-11-19,17250.0,-1,-0.0011607661056296514,0.9410568359252501,False,True,21570.0,-1,0.004891684136967056,0.9958265251813363,False,True,8852.0,1,0.01653651814423518,1.0494528478217708,False,False,1182.0,1,-0.02635914332784184,0.8018573511007037,False,False,2419.0,-1,0.00493624023035788,1.105291661515318,False,True,4492.0,1,-0.006194690265486691,1.019537379721522,False,False,1139.5,-1,0.016824849007765263,1.3394083509768813,False,False,13485.0,-1,-0.006718924972004547,1.0886710566112316,False,False,3277.0,1,-0.002738892270237381,1.004970200355656,True,False,1.8749531250299927e-06,1.0376346182228628
2025-11-20,17220.0,-1,0.0017391304347825765,0.942693456509468,False,True,21530.0,-1,0.0018544274455262189,0.9976732132206156,False,True,8646.0,1,-0.023271577044735703,1.0250304250188693,False,False,1158.0,-1,-0.02030456852791873,0.785575983565664,False,True,2412.0,-1,0.0028937577511368717,1.1084901078280949,False,True,4456.0,1,-0.00801424755120217,1.0113665547727297,False,False,1113.5,-1,0.022817025010969716,1.3699696648210222,False,False,13465.0,-1,0.0014831294030404063,1.0902856966655308,False,False,3267.0,1,-0.0030515715593530945,1.0019034618742533,False,False,-0.0026504994041948787,1.0348843682854911
2025-11-21,17165.0,-1,0.003193960511033711,0.9457043821835692,False,True,21340.0,-1,0.008824895494658591,1.0064775750651078,False,True,8550.0,1,-0.011103400416377474,1.0136491017709153,False,False,1170.0,-1,-0.010362694300518172,0.7774352997981442,False,True,2431.0,-1,-0.007877280265339959,1.0997582205773762,False,False,4456.0,-1,0.0,1.0113665547727297,False,True,1103.0,-1,0.009429726088908796,1.3828881035103988,False,True,13460.0,1,0.00037133308577796953,1.0906905558176532,True,False,3270.0,1,0.0009182736455464191,1.0028234834186742,False,False,-0.0007339095729233463,1.0341248567407377
2025-11-24,17135.0,-1,0.0017477424992717872,0.947357229924059,False,True,21380.0,-1,-0.0018744142455482393,1.004591019160581,False,True,8486.0,1,-0.007485380116959095,1.0060615529389458,False,False,1183.0,-1,-0.011111111111111072,0.7687971298003871,False,False,2446.0,-1,-0.006170300287947406,1.092972382112275,False,False,4496.0,-1,-0.008976660682226134,1.0022878603851828,False,True,1096.5,-1,0.005893019038984537,1.3910374894331707,False,True,13585.0,1,0.00928677563150071,1.1008195542929284,True,False,3295.0,1,0.007645259938837912,1.010490329622181,False,False,-0.001227229926133,1.0328557477691875
2025-11-25,17045.0,-1,0.005252407353370292,0.9523331360047805,False,True,21465.0,-1,-0.003975678203928856,1.0005970885418416,False,False,8360.0,-1,-0.014847984916332768,0.991123566176006,False,True,1173.0,-1,0.008453085376162295,0.7752958375755383,False,False,2431.0,1,0.00613246116107935,1.0996749927957108,True,False,4491.0,-1,0.0011120996441280617,1.003402504358031,False,False,1086.0,-1,0.009575923392612817,1.4043579578682355,False,False,13645.0,1,0.004416635995583285,1.1056814735610605,True,False,3309.0,1,0.004248861911987811,1.0147837634961447,False,False,0.002263090190518032,1.0351931934801841
2025-11-26,17065.0,-1,-0.0011733646230565054,0.951215701993628,False,False,21455.0,-1,0.0004658746797111535,1.0010632413899858,False,False,8440.0,-1,-0.009569377990430672,0.9816391301360442,False,True,1175.0,-1,-0.0017050298380221207,0.7739739350391777,False,False,2439.0,1,0.0032908268202385127,1.1032938327555486,True,False,4489.0,-1,0.00044533511467381715,1.0038493547273732,False,False,1084.5,-1,0.0013812154696132284,1.4062976788045174,False,False,13625.0,1,-0.0014657383657017409,1.1040608338050164,True,False,3304.0,1,-0.0015110305228165366,1.0132503942554434,False,False,-0.0010934765839767627,1.0340612339632214
2025-11-27,16955.0,-1,0.006445941986522152,0.957347183225348,False,False,21500.0,1,-0.002097413190398578,0.9989635981430713,True,False,8528.0,-1,-0.010426540284360186,0.9714040302009764,False,True,1176.0,-1,-0.0008510638297871687,0.7733152338178678,False,False,2469.0,1,0.012300123001230068,1.1168644826049403,True,False,4517.0,1,-0.006237469369570148,0.9975878751255985,True,False,1071.0,-1,0.012448132780082943,1.4238034590385984,False,False,13640.0,1,0.0011009174311926717,1.1052763136220494,True,False,3293.0,1,-0.0033292978208232515,1.0098769819259004,False,False,0.0010392589671209447,1.0351358913731696
2025-11-28,17090.0,-1,-0.007962253022707255,0.9497245427219316,False,False,21610.0,1,0.005116279069767415,1.0040745746917104,True,False,8626.0,-1,-0.011491557223264559,0.9602410852010121,False,False,1177.0,1,-0.0008503401360544505,0.7726576528367302,True,False,2415.0,1,-0.021871202916160404,1.0924373128760352,True,False,4549.0,1,0.007084348018596476,1.0046551348121204,True,False,1067.0,-1,0.0037348272642390157,1.4291211190163335,False,False,13725.0,1,0.006231671554252305,1.1121640325852367,True,False,3302.0,1,0.0027330701488004205,1.0126370465591628,False,False,-0.0019194619158367818,1.033148987451963
2025-12-01,17075.0,-1,0.0008777062609712782,0.9505581218992768,False,False,21865.0,1,0.011800092549745456,1.0159227475999189,True,False,8652.0,-1,-0.0030141432877348606,0.9573467809794463,False,False,1176.0,1,-0.000849617672047609,0.7720011892404373,False,False,2403.0,1,-0.004968944099378869,1.0870090529362786,False,False,4553.0,1,0.0008793141349747735,1.0055385422729357,True,False,1093.0,-1,-0.024367385192127555,1.394297174223058,False,False,13765.0,1,0.0029143897996357637,1.1154053120973249,True,False,3327.0,1,0.007571168988491861,1.0203038927626695,False,False,-0.0010174909463855292,1.0320977677109633
2025-12-02,17210.0,-1,-0.007906295754026349,0.9430427282561493,False,False,21910.0,1,0.002058083695403612,1.0180136016425438,True,False,8720.0,1,-0.007859454461396131,0.9498225575505741,True,False,1183.0,1,0.005952380952380931,0.7765964344144874,False,False,2413.0,1,0.004161464835622075,1.0915326028860757,False,False,4575.0,1,0.0048319789150010894,1.0103972833074195,True,False,1096.5,-1,-0.003202195791399909,1.3898323616798003,False,False,13800.0,1,0.002542680711950629,1.118241431670402,True,False,3322.0,1,-0.0015028554253080362,1.0187705235219682,False,False,-0.00010269025797467653,1.031991781324942
2025-12-03,17210.0,-1,-0.0,0.9430427282561493,False,False,21940.0,1,0.001369237790963096,1.0194075043376272,True,False,8730.0,1,0.0011467889908256534,0.9509118036028109,True,False,1165.0,1,-0.015215553677092153,0.7647800896812155,False,False,2409.0,1,-0.0016576875259013413,1.0897231829061569,False,False,4541.0,1,-0.007431693989071064,1.00288831989049,True,False,1070.5,1,0.02371181030551761,1.4227878029964212,True,False,13780.0,1,-0.0014492753623188692,1.1166207919143578,False,False,3324.0,1,0.0006020469596628164,1.0193838712182486,False,False,0.00011951927695397213,1.0321151242364686
2025-12-04,17245.0,1,-0.0020337013364322143,0.9411248609993821,True,False,22060.0,1,0.005469462169553241,1.0249831151179605,True,False,8666.0,1,-0.007331042382588748,0.9439406288684948,True,False,1162.0,1,-0.0025751072961373023,0.7628106988923369,False,False,2395.0,-1,-0.00581154005811535,1.0833902129764408,False,True,4500.0,1,-0.0090288482713059,0.993833393417134,False,False,1091.5,1,0.019617001401214473,1.450698633321433,True,False,13790.0,1,0.0007256894049347817,1.1174311117923799,False,False,3332.0,1,0.002406738868832692,1.0218372620033707,False,False,0.00015985027777285253,1.0322801081257713
2025-12-05,17290.0,1,0.0026094520150767853,0.9435806811643558,True,False,22400.0,1,0.015412511332729029,1.040780678995572,True,False,8770.0,1,0.01200092314793455,0.9552687878117586,False,False,1137.0,-1,-0.02151462994836484,0.7463991089850147,False,True,2377.0,-1,0.007515657620041805,1.0915326028860757,False,True,4426.0,1,-0.016444444444444484,0.9774903553920522,False,False,1140.0,1,0.044434264773247856,1.5151593605006262,True,False,13750.0,1,-0.0029006526468455807,1.1141898322802917,False,False,3320.0,1,-0.0036014405762304635,1.0181571758256875,False,False,0.004167960141460518,1.036582610471262
2025-12-08,17340.0,1,0.0028918449971082616,0.9463093702365489,True,False,22350.0,1,-0.0022321428571429047,1.0384575078370997,False,False,8702.0,1,-0.007753705815279344,0.9478619146565477,False,False,1133.0,-1,0.0035180299032542273,0.7490249633701863,False,True,2342.0,-1,0.01472444257467398,1.107604812015656,False,True,4431.0,-1,0.0011296882060551905,0.9785946147180713,False,True,1093.5,1,-0.04078947368421049,1.4533568076381007,True,False,13750.0,1,0.0,1.1141898322802917,False,False,3291.0,1,-0.008734939759036164,1.0092636342296197,False,False,-0.004138472937175249,1.0322927413906802
2025-12-09,17170.0,1,-0.009803921568627416,0.9370318273910926,False,False,21825.0,1,-0.023489932885906062,1.014064210673141,False,False,8628.0,1,-0.00850379223167086,0.9398014938699947,False,False,1125.0,-1,0.007060900264783787,0.7543137539323764,False,True,2317.0,-1,0.010674637062339842,1.1194280913924244,False,True,4367.0,-1,0.014443692168810696,0.9927291340911151,False,True,1082.5,1,-0.010059442158207643,1.4387368488964278,False,False,13740.0,-1,-0.0007272727272726875,1.1133795124022696,False,True,3252.0,1,-0.01185050136736554,0.9973033541521493,False,False,-0.0035839592714573204,1.028593046249315
2025-12-10,17115.0,1,-0.0032032615026208466,0.9340302694116802,False,False,21990.0,1,0.007560137457044647,1.0217306754960995,False,False,8528.0,-1,-0.011590171534538674,0.9289090333476258,False,True,1094.0,-1,0.027555555555555555,0.7750992884851797,False,True,2329.0,-1,-0.00517911091929224,1.1136304491409315,False,True,4328.0,-1,0.008930615983512746,1.001594816763328,False,True,1070.0,1,-0.011547344110854452,1.4221232594172544,False,False,13780.0,-1,-0.0029112081513829047,1.1101382328901814,False,False,3282.0,-1,0.009225092250922495,1.0065035695963573,False,True,0.002093367225371814,1.0307462692205787
2025-12-11,17155.0,1,0.002337131171487039,0.9362132206694347,False,False,21970.0,-1,-0.0009095043201454711,1.0208014070327107,False,True,8642.0,-1,-0.013367729831144537,0.916491628352125,False,True,1103.0,-1,-0.00822669104204743,0.7687227861119014,False,True,2323.0,-1,0.0025762129669385514,1.116499398344386,False,True,4276.0,-1,0.01201478743068396,1.0136287655784142,False,True,1035.0,1,-0.032710280373831724,1.3756052088755686,False,False,13850.0,-1,-0.005079825834542806,1.1044989240148322,False,False,3238.0,-1,0.013406459475929333,1.0199972189145292,False,True,-0.003328826706297009,1.0273150935121813
2025-12-12,17125.0,-1,-0.0017487612940834119,0.9345760072261188,False,True,22170.0,-1,-0.00910332271279013,1.0115087223988217,False,False,8552.0,-1,0.010414255959268703,0.9260362067543112,False,True,1126.0,-1,-0.020852221214868516,0.7526932085229859,False,False,2347.0,-1,-0.010331467929401539,1.1049643206171949,False,False,4220.0,-1,0.013096351730589317,1.0269036044166722,False,True,1016.5,1,-0.017874396135265647,1.351017096446392,False,False,13850.0,-1,-0.0,1.1044989240148322,False,False,3232.0,-1,0.0018529956763434496,1.0218872693510603,False,True,-0.0038385073244675302,1.0233717370011988
2025-12-15,17030.0,-1,0.005547445255474459,0.9397605164632856,False,True,21920.0,-1,0.011276499774469984,1.0229150002788263,False,False,8492.0,-1,0.007015902712815714,0.9325331866894443,False,True,1156.0,-1,-0.026642984014209503,0.732639215400704,False,False,2341.0,-1,0.002556455048998707,1.1077891122336,False,False,4315.0,-1,-0.02251184834123232,1.0037861062129791,False,False,1061.0,-1,0.043777668470241116,1.4101614749922498,False,True,13990.0,1,-0.010108303249097395,1.0933343139525884,True,False,3233.0,-1,-0.00030940594059414295,1.0215710913593057,False,False,0.001177936635207402,1.0245772040616483
2025-12-16,16845.0,-1,0.01086318261890784,0.9499693065716655,False,True,21845.0,-1,0.003421532846715314,1.0264149375516782,False,False,8410.0,-1,0.009656146961846468,0.9415378641869164,False,True,1170.0,-1,-0.01211072664359869,0.7237664221346054,False,False,2359.0,1,-0.007689021785561634,1.0992712976158279,True,False,4669.0,-1,-0.08203939745075317,0.9214360988898286,False,False,1067.5,-1,-0.006126295947219695,1.4015224084630793,False,False,13945.0,1,-0.0032165832737669486,1.089817513085693,False,False,3246.0,-1,-0.004021033096195392,1.0174633201908334,False,False,-0.010140243974402878,1.0141877412418516
2025-12-17,16740.0,-1,0.006233303650934996,0.9558907537185948,False,True,21915.0,-1,-0.003204394598306237,1.0231258990701668,False,True,8342.0,-1,0.008085612366230732,0.9491507743848606,False,True,1170.0,1,-0.0,0.7237664221346054,True,False,2331.0,1,-0.011869436201780381,1.0862235670803284,True,False,4680.0,-1,-0.002355964874705574,0.9192652278065584,False,False,1062.0,-1,0.005152224824355955,1.4087433670078537,False,False,13925.0,1,-0.0014342058085334841,1.0882544904781841,False,False,3245.0,-1,0.00030807147258160583,1.0177767716141823,False,False,0.00010169009230862367,1.0142908740868768
2025-12-18,16785.0,-1,-0.0026881720430107503,0.953321154918276,False,True,21955.0,-1,-0.0018252338580879712,1.0212584550380972,False,True,8368.0,-1,-0.0031167585710860646,0.9461925005735436,False,True,1193.0,1,0.01965811965811959,0.7379943090654566,True,False,2340.0,1,0.0038610038610038533,1.090417480466739,True,False,4708.0,1,-0.005982905982905962,0.9137653503752371,True,False,1126.5,1,-0.06073446327683607,1.3231840947178288,True,False,13960.0,1,0.0025134649910232287,1.0909897800413249,False,False,3277.0,1,-0.00986132511556237,1.0077401439742275,True,False,-0.006464030037482502,1.0077344674100348
2025-12-19,16880.0,-1,-0.005659815311289895,0.9479255332490929,False,False,22185.0,-1,-0.010475973582327436,1.0105597784423896,False,False,8292.0,-1,0.009082217973231388,0.9547860271083893,False,True,1176.0,1,-0.014249790444258226,0.7274780448122187,True,False,2323.0,1,-0.007264957264957239,1.0824956440701858,False,False,4652.0,1,-0.011894647408666081,0.9028964337182674,True,False,1108.0,1,-0.016422547714158853,1.301454040787709,True,False,14015.0,1,0.003939828080229191,1.0952880922119748,False,False,3269.0,1,-0.0024412572474824534,1.0052799910441714,True,False,-0.00615410476885329,1.0015327639184088
2025-12-22,16920.0,-1,-0.0023696682464455776,0.9456792642129576,False,False,22220.0,-1,-0.0015776425512734615,1.0089654763353135,False,False,8414.0,-1,-0.014712976362759367,0.9407382828600507,False,False,1169.0,1,-0.005952380952380931,0.7231478183550031,False,False,2337.0,1,0.0060266896254843605,1.0890195093379356,False,False,4591.0,1,-0.01311263972484955,0.8910570780740683,False,False,1114.0,1,0.005415162454873723,1.3085016258461264,True,False,14070.0,1,0.0039243667499107016,1.0995864043826247,False,False,3277.0,1,0.002447231569287167,1.0077401439742275,True,False,-0.002212428604239215,0.999316944183433
2025-12-23,16995.0,1,-0.004432624113475114,0.9414874235027938,True,False,22195.0,-1,0.0011251125112511362,1.0101006760161588,False,False,8486.0,-1,-0.008557166627050083,0.9326882286211723,False,False,1175.0,1,0.0051325919589393365,0.7268594410326165,False,False,2349.0,1,0.005134788189987249,1.0946113938531497,False,False,4738.0,1,0.032019167937268556,0.9195879842986138,False,False,1125.5,1,0.01032315978456011,1.3220094972080927,True,False,14140.0,1,0.004975124378109541,1.1050569835089066,False,False,3281.0,1,0.0012206286237412822,1.0089702204392557,True,False,0.005215642515925779,1.0045290241244011
2025-12-24,17225.0,1,0.013533392174168934,0.954228942032105,True,False,22330.0,1,-0.006082451002477951,1.0039567881467206,True,False,8488.0,1,-0.0002356823002591657,0.9324684105140262,True,False,1184.0,1,0.007659574468085184,0.7324268750490366,False,False,2344.0,1,-0.002128565346956157,1.0922814419718105,False,False,4781.0,1,0.009075559307724745,0.9279337595887869,False,False,1132.0,1,0.005775211017325699,1.329644381021378,True,False,14180.0,1,0.0028288543140029265,1.1081830287239247,False,False,3285.0,1,0.0012191405059434057,1.0102002969042838,True,False,0.003516114793061958,1.008061063486185
2025-12-25,17315.0,1,0.005224963715529718,0.959214753630531,True,False,22275.0,1,-0.0024630541871921707,1.0014839881759159,False,False,8542.0,1,0.006361922714420265,0.9384007024753547,True,False,1184.0,1,0.0,0.7324268750490366,False,False,2352.0,1,0.0034129692832765013,1.0960093649819533,False,False,4757.0,1,-0.005019870320016717,0.9232756524500856,False,False,1124.0,1,-0.007067137809187329,1.3202476009434885,False,False,14255.0,1,0.005289139633286366,1.1140443635020838,True,False,3280.0,1,-0.0015220700152207556,1.0086627013229987,False,False,0.0004685403349884308,1.0085333807545598
2025-12-26,17555.0,1,0.013860814322841364,0.9725102512263338,True,False,22405.0,1,0.005836139169472565,1.0073287881069088,False,False,8568.0,1,0.0030437836572232424,0.941256991197476,True,False,1200.0,1,0.013513513513513598,0.7423245355226723,False,False,2391.0,1,0.01658163265306123,1.114182989656399,False,False,4832.0,1,0.0157662392264033,0.9378322372585273,False,False,1115.5,1,-0.007562277580071219,1.3102635221107308,False,False,14535.0,1,0.019642230796211857,1.1359266800072108,True,False,3283.0,1,0.0009146341463415197,1.0095852586717697,False,False,0.009066301100555273,1.0176770480544415
2025-12-29,17490.0,1,-0.0037026488180005313,0.9689093872941372,True,False,22570.0,1,0.00736442758312883,1.014747188019323,False,False,8512.0,1,-0.006535947712418277,0.9351049847190611,True,False,1181.0,1,-0.015833333333333366,0.73057106371023,False,False,2387.0,1,-0.0016729401923881726,1.1123190281513275,False,False,4777.0,1,-0.011382450331125837,0.9271574083990035,False,False,1088.0,1,-0.02465262214253694,1.2779620905929854,False,False,14435.0,1,-0.0068799449604403096,1.1281115669696655,True,False,3287.0,1,0.0012183978068840418,1.0108153351367979,False,False,-0.0068974513444700625,1.010657670131102
2025-12-30,17505.0,1,0.0008576329331047017,0.969740355893875,False,False,22565.0,1,-0.00022153300841820656,1.0145223880219771,True,False,8658.0,1,0.017152255639097724,0.951144144466357,True,False,1213.0,1,0.02709568162574083,0.7503663846575012,False,False,2403.0,1,0.006702974444909859,1.119774874171613,True,False,4810.0,1,0.006908101318819249,0.9335623057147177,False,False,1119.5,-1,0.028952205882353033,1.3149619121496758,False,True,14560.0,1,0.008659508139937655,1.1378804582665971,True,False,3282.0,1,-0.0015211439002129623,1.0092777395555128,False,False,0.010509520341703542,1.0212791974738438
2025-12-31,17355.0,1,-0.00856898029134534,0.9614306698964982,False,False,22925.0,1,0.01595391092399745,1.030707987830881,True,False,8584.0,1,-0.008547008547008517,0.9430147073341659,False,False,1209.0,1,-0.0032976092333057982,0.7478919695390923,False,False,2365.0,1,-0.01581356637536413,1.102067239873435,False,False,4805.0,1,-0.0010395010395010118,0.9325918667274883,False,False,1115.0,-1,0.004019651630192023,1.3202476009434887,False,True,14585.0,1,0.001717032967033072,1.1398342365259835,False,False,3270.0,1,-0.003656307129798919,1.0055875101604286,False,False,-0.0021369307883445745,1.019096794513266
2026-01-05,17395.0,1,0.002304811293575293,0.9636465861624652,False,False,23645.0,1,0.03140676117775354,1.0630791874486882,True,False,8488.0,1,-0.011183597390493905,0.9324684105140262,False,False,1177.0,1,-0.026468155500413593,0.728096648591821,False,False,2361.0,1,-0.0016913319238900382,1.1002032783683637,False,False,4764.0,-1,-0.008532778355879289,0.9246342670322069,False,True,1080.5,-1,0.030941704035874484,1.3610983114659554,False,True,14655.0,1,0.004799451491258155,1.1453048156522652,False,False,3248.0,1,-0.006727828746177389,0.9988220896027743,False,False,0.001649892897956362,1.0207781950768637
2026-01-06,17520.0,-1,0.0071859729807415285,0.9705713244936125,False,True,24395.0,1,0.03171917953055625,1.0967991870505711,True,False,8500.0,1,0.001413760603204528,0.9337866976165436,False,False,1190.0,1,0.011045029736618472,0.7361384977266499,False,False,2390.0,1,0.01228293096145694,1.113716999280131,False,False,4919.0,-1,-0.03253568429890841,0.8945506584280944,False,False,1096.0,-1,-0.01434521055067095,1.3415730696078136,False,True,14855.0,1,0.013647219379051556,1.1609350417273558,False,False,3263.0,-1,0.00461822660098532,1.0034348763466296,False,True,0.0038923805492261376,1.024751452268455
2026-01-07,17830.0,-1,-0.01769406392694073,0.953397973432367,False,False,24410.0,1,0.0006148800983807323,1.0974735870426087,True,False,8562.0,1,0.007294117647058895,0.9405978476462173,False,False,1271.0,1,0.06806722689075628,0.7862454038744302,False,False,2419.0,1,0.012133891213389036,1.1272307201918983,False,False,4972.0,-1,-0.010774547672291135,0.8849122797135816,False,False,1164.0,-1,-0.06204379562043805,1.2583367842671827,False,False,15035.0,1,0.012117132278693932,1.1750022451949373,False,False,3332.0,-1,-0.021146184492798037,0.9822160573248958,False,False,-0.0012701492871321188,1.0234498649418688
2026-01-08,17370.0,-1,0.025799214806505932,0.9779948925450361,False,False,23765.0,1,-0.02642359688652196,1.0684743873849896,False,False,8612.0,1,0.005839757066105955,0.9460907105733734,False,False,1239.0,1,-0.025177025963807997,0.766450082927159,False,False,2358.0,1,-0.02521703183133528,1.0988053072395603,False,False,4905.0,-1,0.013475462590506804,0.8968368820347421,False,False,1190.0,-1,-0.022336769759450092,1.2302296052371597,False,False,14740.0,1,-0.019620884602593924,1.1519476617341786,False,False,3317.0,-1,0.004501800720288163,0.9866377982792396,False,False,-0.0076843415400336,1.0155853266305543
2026-01-09,17395.0,-1,-0.0014392630972941411,0.976587300586854,False,False,24385.0,1,0.026088786029875966,1.0963495870558793,False,False,8682.0,1,0.008128193218764457,0.9537807186713919,False,False,1228.0,1,-0.0088781275221953,0.7596454413515346,False,False,2338.0,1,-0.008481764206955011,1.0894854997142036,False,False,4897.0,-1,0.0016309887869521145,0.8982996129330658,False,False,1195.5,1,-0.004621848739495782,1.224543670086904,True,False,14675.0,1,-0.004409769335142477,1.1468678382597741,False,False,3294.0,-1,0.00693397648477545,0.9934791215714983,False,False,0.0016612412910316972,1.017272458909719
2026-01-12,17475.0,-1,-0.004599022707674649,0.9720959534154283,False,False,24650.0,1,0.010867336477342615,1.108263986915211,False,False,8724.0,1,0.004837595024187902,0.958394723530203,False,False,1239.0,1,0.008957654723126929,0.766450082927159,False,False,2330.0,-1,-0.0034217279726261873,1.0857575767040608,False,True,4940.0,-1,-0.008780886256891884,0.8904117462072906,False,False,1238.0,1,0.03554997908824764,1.2680761719511393,True,False,14625.0,-1,-0.0034071550255536653,1.1429602817410014,False,True,3311.0,-1,-0.005160898603521646,0.9883518765603521,False,False,0.0038714305274041173,1.0212107585618295
2026-01-13,17360.0,-1,0.006580829756795414,0.9784931513921249,False,False,24375.0,1,-0.011156186612576113,1.0958999870611874,False,False,8778.0,1,0.0061898211829436445,0.9643270154915318,False,False,1212.0,1,-0.021791767554479424,0.7497477808778988,False,False,2314.0,-1,0.006866952789699621,1.0932134227243462,False,True,4888.0,-1,0.010526315789473717,0.8997845014305252,False,False,1191.0,1,-0.03796445880452337,1.2199343463601027,True,False,14760.0,-1,-0.009230769230769154,1.1324098791403152,False,True,3303.0,-1,0.0024161884627000862,0.9907399209615851,False,False,-0.005284786024526176,1.0158138782168862
2026-01-14,17385.0,-1,-0.0014400921658985766,0.9770840310704196,False,False,24595.0,1,0.009025641025641074,1.1057911869444064,False,False,8748.0,1,-0.0034176349965823194,0.9610312977352381,True,False,1222.0,1,0.008250825082508184,0.7559338186739211,False,False,2289.0,-1,0.010803802938634366,1.10502428511333,False,True,4878.0,-1,0.0020458265139116083,0.9016253044203586,False,False,1196.5,1,0.0046179680940385825,1.2255679642484154,False,False,14810.0,-1,-0.003387533875338855,1.128573802313959,False,True,3306.0,-1,-0.0009082652134422275,0.9898400663558072,False,False,0.002843393044830204,1.01870223633305
2026-01-15,17550.0,-1,-0.009490940465918918,0.9678105847013302,False,False,24375.0,-1,-0.008944907501524657,1.0958999870611874,False,True,8578.0,1,-0.01943301326017377,0.9423555637829072,False,False,1193.0,1,-0.023731587561374834,0.7379943090654565,False,False,2283.0,-1,0.002621231979030192,1.107920810107074,False,True,4868.0,-1,0.0020500205002049743,0.9034736547779239,False,True,1187.5,1,-0.007521938988717114,1.2163493167948125,False,False,14675.0,-1,0.009115462525320694,1.1388612745160107,False,True,3307.0,-1,-0.0003024803387778885,0.9895406591972,False,False,-0.0061820170124368135,1.0124046017774317
2026-01-16,17475.0,-1,0.004273504273504258,0.971946527370994,False,False,23925.0,-1,0.018461538461538418,1.116131986822317,False,True,8674.0,1,0.011191419911401157,0.9529018606030469,False,False,1192.0,-1,-0.0008382229673092878,0.7373757052858543,False,True,2255.0,-1,0.012264564169951808,1.1215089759778571,False,True,4803.0,-1,0.013352506162695121,0.9155372923211788,False,True,1171.0,1,-0.013894736842105293,1.199448463129874,False,False,14590.0,-1,0.005792163543441253,1.1454577452712993,False,True,3315.0,-1,-0.002419110976715988,0.9871468505266293,False,False,0.005353736192933494,1.01782474893586
2026-01-19,17185.0,-1,0.01659513590844064,0.9880761120884525,False,False,24090.0,-1,-0.006896551724137945,1.108434524844232,False,True,8648.0,-1,-0.0029974636845745417,0.9500455718809258,False,True,1192.0,-1,-0.0,0.7373757052858543,False,True,2221.0,-1,0.015077605321507814,1.1384186456821797,False,True,4801.0,-1,0.0004164064126587208,0.9159185279207294,False,False,1174.5,-1,0.002988898377455085,1.203033492695164,False,True,14545.0,-1,0.0030843043180260876,1.148990685541156,False,False,3299.0,-1,0.004826546003016574,0.991911360212429,False,False,0.0036772089924880483,1.021567503255424
2026-01-20,17225.0,-1,-0.002327611288914788,0.9857762549756484,False,False,23950.0,-1,0.00581154005811535,1.1148762364871623,False,True,8748.0,-1,-0.011563367252543921,0.9390598460266135,False,True,1177.0,-1,0.012583892617449632,0.7466547619798876,False,True,2229.0,-1,-0.0036019810895993043,1.1343180832483852,False,True,4807.0,-1,-0.0012497396375754644,0.914773868231597,False,False,1124.0,-1,0.04299702000851424,1.2547603478514906,False,True,14525.0,-1,0.0013750429700928324,1.1505705971060114,False,False,3276.0,-1,0.006971809639284676,0.9988267773948739,False,False,0.005666289558313695,1.0273560005322326
2026-01-21,17115.0,-1,0.0063860667634252355,0.9920714879537221,False,True,24155.0,-1,-0.008559498956158595,1.1053334545047044,False,True,8832.0,-1,-0.009602194787379892,0.930042810468059,False,False,1163.0,-1,0.011894647408666081,0.7555359571096398,False,True,2228.0,-1,0.0004486316733961493,1.1348269742682366,False,False,4743.0,-1,0.013313917204077375,0.926953091773686,False,False,1129.0,-1,-0.004448398576512469,1.2491786737062438,False,True,14535.0,-1,-0.000688468158347666,1.1497784658859729,False,False,3286.0,-1,-0.0030525030525030417,0.9957778556079543,False,False,0.0006324666131847975,1.0280057689024242
2026-01-22,17140.0,-1,-0.0014607069821794827,0.990622362204447,False,True,24055.0,-1,0.00413992962119647,1.1099094572143078,False,False,8944.0,-1,-0.0126811594202898,0.9182487893208192,False,False,1185.0,-1,-0.018916595012897774,0.7412437893913146,False,False,2250.0,-1,-0.009874326750448859,1.123621321919089,False,False,4849.0,-1,-0.02234872443601099,0.9062368725605275,False,False,1131.5,-1,-0.0022143489813994943,1.2464125561825363,False,False,14730.0,-1,-0.013415892672858698,1.1343531613900826,False,False,3287.0,-1,-0.000304321363359783,0.9954748191333322,False,False,-0.008564016222027602,1.0192019108212058
2026-01-23,17095.0,-1,0.0026254375729287682,0.9932231793747619,False,True,24290.0,-1,-0.00976927873622957,1.099066442354804,False,False,8910.0,1,0.003801431127012478,0.9217394488508849,True,False,1198.0,-1,-0.010970464135021007,0.7331120009844901,False,False,2235.0,-1,0.00666666666666671,1.131112130731883,False,False,4921.0,-1,-0.014848422355124846,0.8927806847229613,False,False,1157.0,-1,-0.0225364560318162,1.218322834412625,False,False,14695.0,-1,0.002376103190767087,1.137048501556318,False,False,3305.0,-1,-0.005476118040766753,0.9900234815171471,False,False,-0.005347900082398148,1.0137513208383446
2026-01-26,17070.0,-1,0.001462415911085091,0.9946756847555381,False,False,24215.0,-1,0.003087690407575172,1.1024600192661507,False,False,9092.0,1,0.020426487093153867,0.9405673478060882,True,False,1205.0,1,-0.005843071786310494,0.728828374935332,True,False,2269.0,1,-0.015212527964205913,1.1139050558124717,True,False,4959.0,1,-0.007722007722007707,0.8858866253814713,True,False,1159.5,-1,-0.002160760587726962,1.2156903304488984,False,False,14650.0,-1,0.003062266076896858,1.1405304466104205,False,False,3302.0,-1,0.0009077155824508409,0.9909221412583125,False,False,-0.00022131033212102746,1.0135269671968417
2026-01-27,17000.0,-1,0.004100761570005829,0.998754612578203,False,False,24305.0,1,-0.003716704521990577,1.0983625011272304,True,False,9238.0,1,0.016058073031236297,0.9556710469679546,True,False,1194.0,1,-0.009128630705394158,0.7221751698529348,True,False,2271.0,1,0.0008814455707359947,1.114886902490138,True,False,4911.0,1,-0.009679370840895318,0.8773118002114147,True,False,1116.5,1,0.03708495040965931,1.260774146067098,True,False,14565.0,-1,0.005802047781570008,1.1471478587579893,False,False,3289.0,-1,0.003937007874015741,0.994823409530983,False,False,0.00503773112988257,1.0186328435504646
2026-01-28,16995.0,-1,0.0002941176470587781,0.9990483639348435,False,False,25640.0,1,0.054926969759308886,1.1586922250114047,True,False,9270.0,1,0.0034639532366314008,0.9589814467842541,True,False,1198.0,1,0.003350083752093891,0.7245945171556248,True,False,2297.0,1,0.011448701012769735,1.1276509092998006,True,False,4913.0,1,0.00040724903278355207,0.8776690845935005,True,False,1134.5,1,0.016121809225257522,1.2811001063261287,True,False,14940.0,-1,-0.025746652935118464,1.1176126409732832,False,False,3280.0,-1,0.002736394040741885,0.9975456383804141,False,False,0.007444736085725243,1.0262162962389496
2026-01-29,17185.0,-1,-0.011179758752574376,0.9878792442438978,False,False,25590.0,1,-0.0019500780031200815,1.1564326847910236,True,False,9362.0,1,0.009924487594390463,0.968498846256115,True,False,1224.0,1,0.02170283806343898,0.7403202746231091,True,False,2325.0,1,0.012189812799303423,1.1413967627871295,True,False,4895.0,1,-0.0036637492367188607,0.8744535251547293,True,False,1165.0,1,0.026884089907448283,1.3155413167650418,True,False,14910.0,-1,0.002008032128514081,1.119856843063591,False,False,3308.0,-1,-0.008536585365853666,0.9890300048820447,False,False,0.0052643432372031385,1.0316186510579626
2026-01-30,16865.0,-1,0.018620890311317972,1.006274435291791,False,False,24560.0,1,-0.0402500976944119,1.109886156251174,False,False,9240.0,1,-0.013031403546250764,0.9558779469564733,False,False,1204.0,1,-0.016339869281045805,0.7282235381096596,True,False,2287.0,1,-0.01634408602150539,1.122741675911469,False,False,5063.0,1,0.034320735444330897,0.9044654132499274,True,False,1155.5,1,-0.008154506437768272,1.304813726628331,False,False,14670.0,-1,0.01609657947686116,1.137882707740671,False,False,3288.0,-1,0.006045949214026569,0.99500963006271,False,False,-0.0021150898371606144,1.0294366849332846
2026-02-02,16680.0,-1,0.010969463385710032,1.0173127258657002,False,False,23035.0,1,-0.062092833876221554,1.0409701795295516,False,False,9014.0,1,-0.024458874458874513,0.9324982482538582,False,False,1203.0,1,-0.0008305647840531893,0.7276187012839871,False,False,2276.0,1,-0.00480979449059904,1.1173415191843041,False,False,5014.0,1,-0.009678056488248044,0.895711945888828,False,False,1141.5,1,-0.012115967113803583,1.2890046464268627,False,False,14575.0,-1,0.006475800954328537,1.145251409665372,False,False,3261.0,-1,0.00821167883211682,1.0031803295796484,False,False,-0.009814349782182727,1.0193334332287387
2026-02-03,16640.0,-1,0.0023980815347721673,1.0197523247286875,False,False,23810.0,-1,0.03364445409159966,1.0759930529454578,False,True,9094.0,-1,0.008875083203905065,0.9407742477946069,False,True,1201.0,1,-0.0016625103906899863,0.7264090276326421,False,False,2249.0,1,-0.011862917398945516,1.1040865890358085,False,False,5071.0,1,0.011368169126446004,0.9058945507782702,False,False,1167.5,1,0.0227770477441962,1.318364366801018,False,False,14650.0,-1,-0.005145797598627766,1.139358177711691,False,True,3265.0,-1,-0.0012266176019626318,1.0019498109294434,False,False,0.006573888078965911,1.0260344171339324
2026-02-04,16590.0,-1,0.0030048076923077094,1.022816484358281,False,True,23955.0,-1,-0.006089878202435894,1.0694403863063529,False,False,9138.0,-1,-0.00483835495931384,0.9362224480471951,False,True,1229.0,1,0.023313905079100694,0.7433444587514714,False,False,2247.0,-1,-0.0008892841262783113,1.1031047423581422,False,True,5155.0,1,0.016564780122263922,0.9209004948258693,False,False,1209.0,1,0.03554603854389726,1.3652269973982278,False,False,14680.0,-1,-0.0020477815699657675,1.1370250210337833,False,False,3274.0,-1,-0.0027565084226646164,0.9991879278365291,False,False,0.006867524906323462,1.0330807340483448
2026-02-05,16555.0,-1,0.002109704641350185,1.0249743250425811,False,True,23385.0,-1,0.02379461490294299,1.094887308460167,False,False,9042.0,-1,0.01050558108995403,0.9460580088933903,False,True,1209.0,1,-0.016273393002441017,0.7312477222380219,False,False,2238.0,-1,0.004005340453938633,1.1075230524076407,False,True,5052.0,1,-0.019980601357904915,0.9025003491484562,True,False,1172.0,1,-0.03060380479735314,1.3234458568657759,False,False,14610.0,-1,0.00476839237057225,1.1424468024692307,False,False,3263.0,-1,0.003359804520464249,1.0025450039532675,False,False,-0.002034929019830748,1.0309784880828017
2026-02-06,16510.0,-1,0.0027182120205375693,1.0277604225736543,False,True,23315.0,-1,0.002993371819542401,1.0981647132748862,False,False,9026.0,-1,0.0017695200176951476,0.9477320774780279,False,True,1190.0,1,-0.01571546732837059,0.7197558225502448,False,False,2239.0,-1,-0.00044682752457547714,1.1070281806237232,False,True,4981.0,1,-0.014053840063341205,0.8898167535844143,False,False,1138.5,1,-0.028583617747440226,1.285616986383691,False,False,14580.0,-1,0.002053388090349051,1.1447926891272784,False,False,3251.0,-1,0.003677597303095359,1.0062319607560377,False,False,-0.005065295934723108,1.0257562769383288
2026-02-09,16585.0,-1,-0.004542701393094983,1.023091613870261,False,False,23540.0,-1,-0.009650439631138763,1.08756694100438,False,False,9014.0,-1,0.001329492576999769,0.9489920802400195,False,False,1181.0,-1,-0.007563025210084007,0.7143122911191926,False,True,2238.0,-1,0.00044662795891026175,1.1075226103604914,False,True,4992.0,1,0.0022083918891788734,0.8917818176858856,False,False,1147.0,1,0.00746596398770305,1.295215356506011,False,False,14580.0,-1,-0.0,1.1447926891272784,False,False,3239.0,-1,0.0036911719470932303,1.0099461359418491,False,False,-0.0007349464304925076,1.0250024010240377
2026-02-10,16690.0,-1,-0.006331022007838305,1.0166143983468137,False,False,23600.0,-1,-0.002548853016142827,1.0847948927265438,False,False,8940.0,-1,0.008209451963612113,0.9567827851365983,False,False,1171.0,-1,0.008467400508044065,0.7203606593759173,False,True,2244.0,-1,-0.002680965147453085,1.1045533808420986,False,False,4971.0,-1,-0.0042067307692307265,0.8880303316739859,False,True,1119.0,-1,-0.02441150828247607,1.2635971961030743,False,True,14655.0,1,-0.005144032921810648,1.1389038378457594,True,False,3220.0,-1,0.005866008027168856,1.0158704880822922,False,False,-0.002531139071791847,1.0224079773981254
2026-02-11,16755.0,1,-0.0038945476333134277,1.0126551451477397,True,False,23730.0,-1,-0.005508474576271238,1.0788193276394908,False,False,8906.0,-1,0.0038031319910514227,0.9604215563552386,False,False,1178.0,-1,-0.005977796754910392,0.7160544897639348,False,True,2288.0,-1,-0.019607843137254832,1.0828954714138224,False,False,4990.0,-1,-0.003822168577750862,0.884636130044172,False,True,1123.5,-1,-0.004021447721179516,1.2585157060383168,False,True,14745.0,1,0.0061412487205732,1.1458981295827857,True,False,3228.0,-1,-0.00248447204968949,1.0133465862485473,False,True,-0.003930263304305015,1.018389644842529
2026-02-12,16700.0,1,-0.003282602208296015,1.0093310011320353,True,False,23690.0,-1,0.001685630004214067,1.080637817867286,False,False,8782.0,-1,0.01392319784414997,0.9737936956981591,False,True,1162.0,-1,0.01358234295415961,0.7257801874177744,False,False,2303.0,-1,-0.006555944055943952,1.0757960692847983,False,False,4938.0,-1,0.010420841683366766,0.8938547831027487,False,True,1120.0,-1,0.0031152647975077885,1.2624363157144485,False,True,14790.0,1,0.003051881993896277,1.1493952754512988,True,False,3218.0,-1,0.0030978934324659146,1.0164858259828984,False,True,0.004337611827280047,1.0228070238107774
2026-02-13,16700.0,1,0.0,1.0093310011320353,True,False,23265.0,-1,0.017940059096665295,1.1000245241819164,False,False,8698.0,-1,0.009565019357777316,0.9831080512479936,False,True,1150.0,-1,0.0103270223752151,0.7332753356527256,False,False,2309.0,1,-0.002605297438124099,1.0729933005415466,True,False,4905.0,-1,0.006682867557715633,0.8998282962340549,False,True,1121.0,-1,-0.0008928571428572507,1.2613091404325605,False,False,14740.0,1,-0.0033806626098715764,1.1455095578196175,True,False,3222.0,-1,-0.0012430080795524656,1.0152223258884512,False,False,0.004043682568551994,1.0269429307439535
2026-02-24,16670.0,1,-0.00179640718562879,1.007517831668924,False,False,23635.0,-1,-0.01590371803137769,1.0825300443217267,False,False,8824.0,-1,-0.014486088756035853,0.9688666607608417,False,False,1169.0,-1,-0.016521739130434865,0.7211603518462892,False,False,2290.0,1,-0.00822867042009523,1.06416399230842,False,False,4948.0,-1,-0.008766564729867588,0.8919398932293526,False,False,1101.5,-1,0.017395182872435355,1.2832498435890594,False,False,15285.0,1,0.036974219810040676,1.1878638800049426,False,False,3195.0,-1,0.008379888268156388,1.0237297755467343,False,False,-0.00032821081142306617,1.0266058769713688
2026-02-25,16735.0,1,0.0038992201559688855,1.0114463655056656,False,False,23835.0,-1,-0.00846202665538387,1.0733696462314224,False,False,8848.0,-1,-0.0027198549410698547,0.9662314839863335,False,False,1191.0,-1,-0.018819503849443864,0.7075884718286517,False,False,2312.0,1,0.009606986899563408,1.0743874018415143,False,False,4963.0,-1,-0.0030315278900565623,0.8892359525667738,False,False,1126.0,-1,-0.022242396731729563,1.2547072914620216,False,False,15380.0,1,0.006215243702976769,1.1952467435051368,False,False,3236.0,-1,-0.012832550860719882,1.0105927111343975,False,False,-0.005376267796654948,1.021086568855151
2026-02-26,16795.0,1,0.0035853002688974733,1.0150727044318884,False,False,23845.0,-1,-0.0004195510803439717,1.0729193128367376,False,False,8714.0,-1,0.015144665461121143,0.9808647365693092,False,False,1191.0,-1,-0.0,0.7075884718286517,False,False,2296.0,1,-0.00692041522491349,1.066952194908355,False,False,4855.0,-1,0.021761031634092265,0.9085866442607516,False,False,1090.0,-1,0.03197158081705154,1.2948222670327436,False,False,15350.0,1,-0.0019505851755526882,1.192915312926128,False,False,3218.0,-1,0.005562422744128548,1.0162140550158618,False,False,0.007637161049386758,1.0288847714268636
2026-02-27,16840.0,1,0.002679368859779707,1.0177924586265554,True,False,23835.0,-1,0.00041937513105472224,1.0733692685141696,False,False,8780.0,1,-0.007574018820289297,0.9734356485943751,True,False,1194.0,1,-0.0025188916876575096,0.7058061331086802,True,False,2287.0,1,-0.003919860627177751,1.0627698910084529,False,False,4792.0,-1,0.012976313079299695,0.9203767490163495,False,False,1093.5,-1,-0.0032110091743118296,1.2906645808541983,False,False,15395.0,1,0.002931596091205302,1.1964124587946412,True,False,3215.0,-1,0.0009322560596644047,1.0171614267265663,False,False,0.0003016809901741604,1.0291951664034829
2026-03-02,16895.0,1,0.0032660332541567527,1.0211166026422598,True,False,24465.0,-1,-0.026431718061673992,1.0449982746327378,False,False,8898.0,1,0.01343963553530747,0.9865182689285592,True,False,1188.0,1,-0.005025125628140725,0.7022593686206969,True,False,2295.0,-1,0.003498032356799241,1.0664874944750324,False,True,4868.0,-1,-0.015859766277128484,0.9057797888900468,False,False,1094.0,-1,-0.0004572473708275293,1.2900744278679825,False,False,15225.0,1,-0.011042546281260113,1.183201018846925,False,False,3219.0,-1,-0.0012441679626749025,1.0158959070665643,False,False,-0.004428541159493587,1.0246373332479133
2026-03-03,16840.0,1,-0.0032554010062149086,1.0177924586265554,True,False,23905.0,-1,0.022889842632331958,1.0689181206901397,False,False,8994.0,1,0.010788941335131419,0.9971617566580648,True,False,1218.0,1,0.025252525252525304,0.7199931910606135,True,False,2310.0,-1,-0.006535947712418277,1.0595169879751956,False,False,4939.0,-1,-0.014585045193097779,0.892568949734091,False,False,1127.0,-1,-0.030164533820840944,1.2511599341571567,False,False,15255.0,1,0.0019704433497536034,1.1855324494259336,False,False,3219.0,-1,-0.0,1.0158959070665643,False,False,0.0007067583152411529,1.0253615042032929
2026-03-04,16840.0,1,0.0,1.0177924586265554,False,False,24795.0,-1,-0.037230704873457476,1.0291215456048344,False,False,9002.0,1,0.0008894818768068191,0.9980487139688571,True,False,1203.0,1,-0.012315270935960632,0.7111262798406552,False,False,2303.0,-1,0.00303030303030305,1.0627276455145143,False,False,4995.0,1,-0.01133832759667941,0.8824487105793818,True,False,1097.0,-1,0.02661934338952976,1.2844649900797076,False,False,15205.0,-1,-0.0032776138970829205,1.1816467317942525,False,True,3212.0,1,0.0021745883814849876,1.0181050625028694,True,False,-0.0034942445138950915,1.0217786403924713
2026-03-05,16775.0,1,-0.0038598574821853138,1.013863924789814,False,False,24815.0,-1,-0.000806614236741332,1.0282914415148123,False,False,9070.0,1,0.007553876916240876,1.0055878511105902,True,False,1225.0,1,0.018287614297589405,0.7241310829632608,False,False,2318.0,1,-0.0065132435953103585,1.0558058414838076,True,False,5016.0,1,0.004204204204204309,0.8861587051583943,True,False,1105.5,1,-0.007748404740200554,1.2745124354619524,True,False,15250.0,-1,-0.002959552778691199,1.1781495859257394,False,False,3209.0,1,-0.0009339975093399788,1.0171541549102452,False,False,0.0008026694528406505,1.0225987908946794
2026-03-06,16775.0,-1,0.0,1.013863924789814,False,True,24785.0,1,0.0012089462018940456,1.0295345905474718,True,False,9218.0,1,0.016317530319735374,1.0219965613602449,True,False,1242.0,1,0.013877551020408108,0.7341802490125469,False,False,2374.0,1,0.02415875754961183,1.081312798827679,True,False,5276.0,1,0.05183413078149912,0.9320919713747384,True,False,1123.0,1,0.01582994120307557,1.2946878923779037,True,False,15295.0,-1,-0.0029508196721310664,1.1746730789508766,False,False,3230.0,1,0.006544094733561767,1.0238105080586137,False,False,0.01409112579307275,1.0370083590930204
2026-03-09,16740.0,-1,0.002086438152011927,1.0159792891634438,False,True,25010.0,1,0.009078071414161837,1.0388807790838115,True,False,9720.0,1,0.054458667823823026,1.0776531326124519,True,False,1276.0,1,0.027375201288244666,0.7542785811111189,True,False,2433.0,1,0.024852569502948674,1.1081862003149718,True,False,5466.0,1,0.0360121304018195,0.9656585889943745,True,False,1168.0,1,0.040071237756010625,1.346567638733207,True,False,15285.0,-1,0.0006538084341287664,1.1754410901172387,False,False,3270.0,1,0.01238390092879249,1.0364892759602684,False,False,0.02299689174466017,1.0608563280653902
2026-03-10,16650.0,-1,0.005376344086021501,1.021441543406258,False,True,24965.0,1,-0.0017992802878848968,1.0370115413765435,False,False,9462.0,1,-0.02654320987654324,1.0490487593394053,False,False,1235.0,1,-0.0321316614420063,0.7300423571098995,True,False,2402.0,1,-0.012741471434443041,1.0940662774996146,True,False,5229.0,1,-0.043358946212952776,0.9237886501740915,False,False,1121.5,1,-0.03981164383561642,1.2929585674993935,True,False,15320.0,-1,-0.0022898266274125056,1.1727495338101335,False,False,3256.0,1,-0.004281345565749217,1.0320517071946893,False,False,-0.017509004577398544,1.042281789761331
2026-03-11,16680.0,-1,-0.0018018018018017834,1.0196011081929135,False,True,25290.0,1,0.01301822551572207,1.05051159148459,False,False,9526.0,1,0.00676389769604735,1.0561444178257424,False,False,1255.0,1,0.0161943319838056,0.7418649054031772,False,False,2480.0,1,0.032472939217318864,1.129593825228578,True,False,5571.0,1,0.06540447504302915,0.9842085618894365,False,False,1144.5,1,0.020508247882300434,1.3194748823032152,False,False,15515.0,-1,-0.012728459530026104,1.1578222388301742,False,False,3269.0,1,0.003992628992629088,1.036172306762727,True,False,0.015980498333224964,1.0589379721653627
2026-03-12,16615.0,-1,0.003896882494004772,1.0235743739022982,False,True,25325.0,1,0.001383946223803889,1.0519654430346872,False,False,9684.0,1,0.016586185177409174,1.0736618247138872,False,False,1256.0,1,0.0007968127490038945,0.742456032817841,False,False,2492.0,1,0.004838709677419395,1.1350596018022647,True,False,5620.0,1,0.008795548375515994,0.9928652159071321,False,False,1153.0,1,0.00742682394058547,1.3292743899481059,False,False,15545.0,-1,-0.0019336126329358994,1.155583459122478,False,False,3275.0,1,0.0018354236769655419,1.0380741219479754,True,False,0.004847413297974692,1.0640710821733674
2026-03-13,16555.0,-1,0.0036111947035810665,1.0272707002600554,False,True,25070.0,1,-0.010069101678183645,1.0413730960268355,False,False,9768.0,1,0.00867410161090465,1.0829748764772047,False,False,1277.0,1,0.01671974522292996,0.7548697085257826,False,False,2591.0,1,0.03972712680577839,1.1801522585351796,True,False,5724.0,1,0.0185053380782918,1.0112385223936697,False,False,1178.0,1,0.021682567215958404,1.3580964712566077,False,False,15415.0,1,0.008362817626246355,1.165247392843026,True,False,3295.0,1,0.006106870229007688,1.0444135058988029,True,False,0.012591184423834964,1.0774689974090819
2026-03-16,16315.0,-1,0.014497130776200517,1.0421631779442846,False,True,25170.0,1,0.00398883127243721,1.045526957598542,False,False,10010.0,1,0.024774774774774855,1.109805335128667,False,False,1256.0,1,-0.01644479248238062,0.742456032817841,False,False,2482.0,1,-0.04206869934388269,1.130504787990859,False,False,5849.0,1,0.021837875611460555,1.0333218234592199,False,False,1181.0,1,0.002546689303905003,1.361555121013628,False,False,15480.0,1,0.004216672072656413,1.1701608589821628,False,False,3299.0,1,0.0012139605462822,1.0456813826889684,False,False,0.001618049170161494,1.0792123952262143
2026-03-17,16600.0,-1,-0.017468587189702678,1.0239580596044673,False,False,24990.0,1,-0.007151370679380209,1.0380500067694702,False,False,9954.0,1,-0.005594405594405605,1.103596633953122,False,False,1243.0,1,-0.010350318471337605,0.7347713764272105,False,False,2485.0,1,0.001208702659145855,1.1318712321342805,False,False,5901.0,1,0.008890408616857526,1.0425084767024886,False,False,1176.0,1,-0.0042337002540220325,1.3557907047519278,False,False,15415.0,1,-0.004198966408268778,1.1652473928430258,False,False,3313.0,1,0.004243710215216634,1.0501189514545475,False,False,-0.0038505030117663213,1.0750568846480602
2026-03-18,16650.0,-1,-0.003012048192771122,1.0208738485815623,False,False,24800.0,-1,-0.0076030412164865835,1.0301576697832278,False,True,9692.0,1,-0.02632107695398833,1.0745487820246793,False,False,1211.0,-1,-0.02574416733708773,0.7158552991579661,False,True,2443.0,1,-0.016901408450704203,1.1127410141263772,False,False,5735.0,1,-0.028130825283850247,1.0131818528874381,False,False,1156.5,1,-0.01658163265306123,1.3333094813312962,False,False,15210.0,1,-0.013298734998378192,1.1497510765580554,False,False,3310.0,1,-0.0009055236945366696,1.0491680438619233,False,False,-0.015388717642318257,1.0585131378007808
2026-03-19,16415.0,-1,0.014114114114114118,1.0352825785765574,False,False,24180.0,-1,0.025000000000000022,1.0559116115278084,False,True,9796.0,1,0.010730499380932734,1.086079227064977,False,False,1217.0,-1,-0.004954582989264988,0.7123085346699828,False,True,2443.0,1,0.0,1.1127410141263772,False,False,5860.0,1,0.021795989537924942,1.035265153952988,False,False,1159.5,1,0.0025940337224383825,1.3367681310883164,False,False,15150.0,-1,-0.0039447731755424265,1.1452155693526982,False,True,3302.0,1,-0.0024169184290030454,1.0466322902815923,False,False,0.0069909291290666375,1.065913128129332
2026-03-20,16290.0,-1,0.007614986293024706,1.0431662412218252,False,False,24020.0,-1,0.006617038875103343,1.062898619709961,False,True,9718.0,-1,-0.007962433646386269,1.0774313932847537,False,True,1202.0,-1,0.01232539030402624,0.7210880153766792,False,True,2423.0,-1,-0.008186655751125649,1.103631386503566,False,True,5875.0,1,0.0025597269624573205,1.037915150080854,False,False,1171.0,1,0.009918068132815927,1.3500262884902272,False,False,15215.0,-1,-0.00429042904290422,1.1403021032135612,False,True,3297.0,1,-0.0015142337976983278,1.0450474442938855,False,False,0.001897939814368119,1.0679361670938663
2026-03-23,16395.0,-1,-0.006445672191528473,1.0364423335896404,False,False,23555.0,-1,0.01935886761032468,1.083475133372123,False,True,9942.0,-1,-0.023050010290183165,1.0525965885825737,False,True,1256.0,-1,-0.04492512479201327,0.6886930462998567,False,False,2399.0,-1,0.009905076351630182,1.1145629396509393,False,True,6251.0,1,0.06400000000000006,1.1043417196860288,False,False,1289.5,1,0.10119555935098212,1.486642953892526,False,False,15280.0,-1,-0.0042720999014129735,1.1354306187108416,False,False,3330.0,1,0.010009099181073733,1.0555074278127508,False,False,0.013975077257652544,1.0828606575352444
2026-03-24,16420.0,-1,-0.0015248551387618825,1.0348619091712359,False,False,23625.0,-1,-0.002971768202080227,1.0802552964230232,False,True,9644.0,-1,0.029973848320257512,1.0841469590711683,False,True,1240.0,-1,0.01273885350318471,0.6974662061253326,False,False,2365.0,-1,0.014172571904960352,1.1303591630557464,False,True,5853.0,1,-0.06366981282994721,1.0340284890933173,False,False,1249.5,1,-0.031019775106630454,1.440527623798923,False,False,15215.0,-1,0.004253926701570654,1.1402606573375564,False,False,3324.0,1,-0.0018018018018017834,1.0536056126275026,False,False,-0.004427645849916482,1.0780661340388706
2026-03-25,16495.0,-1,-0.00456760048721061,1.0301350734107095,False,False,23860.0,-1,-0.009947089947089927,1.0695098998236832,False,False,9510.0,-1,0.013894649523019442,1.0992108010989095,False,True,1244.0,-1,-0.003225806451612856,0.6952163151378316,False,False,2339.0,-1,0.010993657505285359,1.1427859445523423,False,True,5703.0,1,-0.025627883136852936,1.0075285278146573,False,False,1241.0,1,-0.006802721088435382,1.4307281161540324,False,False,15340.0,-1,-0.008215576733486607,1.1308927584110238,False,False,3313.0,1,-0.003309265944644979,1.0501189514545477,False,False,-0.004089737417892055,1.0736571266315296
2026-03-26,16460.0,-1,0.002121855107608317,1.0323208707777525,False,False,23725.0,-1,0.005658005029337776,1.0755611922158121,False,False,9614.0,-1,-0.010935856992639437,1.0871899889733272,False,True,1225.0,-1,0.015273311897106123,0.7058345707548884,False,False,2344.0,-1,-0.0021376656690894613,1.1403430502715548,False,True,5650.0,1,-0.009293354374890428,0.998165208162864,False,False,1230.0,1,-0.008863819500402936,1.4180464003782915,False,False,15420.0,-1,-0.0052151238591917615,1.1249950126044472,False,False,3305.0,-1,-0.0024147298520977856,1.0475831978742167,False,True,-0.0017563753571399549,1.0717713817122962
2026-03-27,16555.0,-1,-0.005771567436209102,1.0263627612562525,False,False,23935.0,-1,-0.008851422550052668,1.0660409456250717,False,False,9768.0,-1,-0.016018306636155666,1.0697750463581936,False,False,1229.0,-1,-0.0032653061224490187,0.7035298048095663,False,False,2315.0,-1,0.012372013651877123,1.1544513900573377,False,True,5615.0,-1,-0.006194690265486691,0.99198188386451,False,True,1219.0,1,-0.00894308943089428,1.4053646846025507,False,False,15395.0,1,0.001621271076523989,1.1268189344796165,True,False,3299.0,-1,0.0018154311649016819,1.0494850130594648,False,True,-0.0036928518386605148,1.0678134887947162
2026-03-30,16495.0,1,0.0036242826940501294,1.030082590049691,True,False,24725.0,1,-0.033006058073950184,1.0308551362645617,True,False,9930.0,-1,-0.016584766584766486,1.0520330769161352,False,False,1207.0,-1,0.017900732302685074,0.7161235035124227,False,False,2320.0,-1,-0.002159827213822796,1.1519579745280564,False,False,5551.0,-1,0.01139804096170971,1.003288534010072,False,True,1214.0,1,-0.004101722723543921,1.3996002683408504,False,False,15385.0,1,-0.0006495615459565229,1.1260869962305229,False,False,3308.0,-1,-0.0027280994240679313,1.0466219135997694,False,True,-0.00292299773418477,1.0646922723864372
2026-03-31,16500.0,1,0.0003031221582296961,1.0303948309075417,False,False,24875.0,1,0.006066734074823055,1.0371090602459443,True,False,9866.0,-1,0.006445115810674751,1.05881355193352,False,False,1177.0,-1,0.024855012427506207,0.7339227620918533,False,False,2299.0,-1,0.009051724137930983,1.162385180331974,False,False,5353.0,-1,0.035669248784002905,1.0390750823318147,False,True,1148.5,-1,-0.0539538714991763,1.3240864153125755,False,True,15295.0,1,-0.005849853753656209,1.1194995519886803,False,False,3294.0,-1,0.004232164449818665,1.0510513896549076,False,True,0.0029799329544615283,1.067864983975282
2026-04-01,16655.0,1,0.009393939393939288,1.0400742975009154,False,False,24660.0,1,-0.008643216080401972,1.028145102539296,True,False,9824.0,-1,0.004257044394891496,1.0633209682300138,False,False,1167.0,-1,0.008496176720475757,0.7401582995777652,False,True,2265.0,-1,0.014789038712483715,1.1795757397627211,False,False,5256.0,-1,0.018120679992527533,1.0579038293869587,False,True,1114.5,-1,0.029603831084022647,1.3632844458921383,False,True,15245.0,1,-0.0032690421706440542,1.1158398607432123,False,False,3308.0,-1,-0.004250151791135304,1.0465842617085905,False,True,0.007610922250684345,1.0759924213425462
2026-04-02,16695.0,1,0.002401681176823711,1.0425722243637214,False,False,24720.0,1,0.0024330900243310083,1.0306466721318492,True,False,10008.0,-1,-0.018729641693810972,1.0434053474895495,False,False,1172.0,-1,-0.00428449014567267,0.7369870986369864,False,True,2256.0,-1,0.003973509933774877,1.1842627956823082,False,False,5494.0,-1,-0.045281582952815924,1.0100002693804715,False,False,1131.5,-1,-0.015253476895468854,1.3424896180947705,False,True,15230.0,-1,-0.0009839291571006603,1.114741953369572,False,True,3295.0,-1,0.003929866989117237,1.0506971986500087,False,True,-0.007977219191202471,1.067408993949424
2026-04-03,16785.0,1,0.005390835579514919,1.0481925598050355,True,False,24660.0,1,-0.0024271844660194164,1.0281451025392963,True,False,9988.0,-1,0.001998401278976769,1.0454904900704638,False,False,1155.0,-1,0.014505119453924964,0.7476771845387175,False,True,2215.0,-1,0.01817375886524819,1.2057853021641232,False,False,5428.0,-1,0.012013105205678887,1.022133508874303,False,False,1112.5,-1,0.016791869200176723,1.3650325281644131,False,False,15255.0,-1,-0.0016414970453053623,1.1129121077468378,False,True,3285.0,-1,0.003034901365705611,1.0538859610131346,False,True,0.007537701048655698,1.0754548038424612
2026-04-07,16730.0,1,-0.0032767351802204248,1.044757910368677,False,False,24630.0,1,-0.0012165450121655041,1.0268943177430196,False,False,9988.0,-1,-0.0,1.0454904900704638,False,False,1145.0,-1,0.008658008658008698,0.7541505800758491,False,True,2239.0,-1,-0.010835214446952568,1.1927203598381915,False,False,5398.0,-1,0.005526897568165046,1.0277827360788405,False,False,1108.5,-1,0.0035955056179775013,1.3699405102881503,False,False,15335.0,-1,-0.005244182235332628,1.1070757938419051,False,True,3275.0,-1,0.0030441400304414,1.057094137454575,False,False,2.798611110239108e-05,1.0754849016400871
2026-04-08,16800.0,1,0.004184100418409997,1.0491292823785878,False,False,24780.0,1,0.006090133982947554,1.0331482417244022,False,False,9568.0,-1,0.04205046055266315,1.0894538466813564,False,False,1149.0,-1,-0.003493449781659441,0.7515159928965448,False,False,2231.0,-1,0.003573023671281872,1.1969819779171131,False,False,5160.0,-1,0.044090403853279,1.0730980919859847,False,False,1120.5,-1,-0.010825439783491264,1.3551103017870607,False,False,15305.0,-1,0.0019563090968373054,1.1092415762882863,False,True,3282.0,-1,-0.0021374045801527686,1.054834699603527,False,False,0.00949868193667949,1.0857005906484674
2026-04-09,16785.0,1,-0.0008928571428571397,1.0481925598050355,False,False,24540.0,-1,-0.009685230024213065,1.02314196335419,False,True,9650.0,-1,-0.008570234113712383,1.0801169721592125,False,True,1136.0,-1,0.011314186248912117,0.7600187848092125,False,False,2241.0,-1,-0.0044822949350067365,1.191616751660201,False,False,5093.0,-1,0.012984496124030964,1.087031730002082,False,False,1077.0,-1,0.038821954484605126,1.4077183322446576,False,False,15340.0,-1,-0.0022868343678537073,1.106704924529378,False,False,3270.0,-1,0.003656307129798919,1.0586914992364465,False,False,0.004539943711522677,1.0906296102175785
2026-04-10,16685.0,1,-0.00595770032767351,1.0419477426480201,False,False,24670.0,-1,-0.0052974735126325445,1.0177218959036585,False,True,9621.0,-1,0.003005181347150221,1.0833629195366856,False,True,1146.0,1,-0.008802816901408494,0.753328478604906,True,False,2241.0,1,-0.0,1.191616751660201,True,False,4952.0,-1,0.027685057922638867,1.117126266410936,False,False,1056.0,-1,0.01949860724233987,1.435166879112938,False,False,15705.0,-1,-0.023794002607562037,1.0803719846693243,False,False,3273.0,-1,-0.0009174311926605228,1.0577202226316424,False,False,0.0006021579966879834,1.0912863415587957
2026-04-13,16570.0,-1,-0.006892418339826234,1.0347662029174525,False,True,24835.0,-1,-0.006688285366842406,1.010915081439771,False,False,9546.0,-1,0.007795447458684102,1.0918082182546205,False,True,1143.0,1,-0.002617801047120394,0.7513564145247885,True,False,2347.0,1,0.04730031236055332,1.2479805962277963,True,False,5092.0,-1,-0.028271405492730217,1.0855435367466526,False,False,1066.0,-1,-0.009469696969697017,1.4215762836667927,False,False,15450.0,-1,0.01623686723973261,1.0979138411539264,False,False,3278.0,-1,-0.001527650473571729,1.0561043958326328,False,False,0.001762818818798004,1.0932100816583927
2026-04-14,16655.0,-1,-0.005129752564876355,1.0294581083339893,False,True,24960.0,-1,-0.005033219247030374,1.005826924194755,False,False,9433.0,-1,0.011837418814163003,1.1047324093988455,False,True,1220.0,1,0.0673665791776028,0.8019727259144724,True,False,2350.0,1,0.0012782275244993535,1.2495757993759358,True,False,5039.0,-1,0.010408483896307885,1.0968423991676213,False,False,1065.0,-1,0.0009380863039399889,1.4229098449085065,False,False,15520.0,1,-0.0045307443365696365,1.092939474236077,True,False,3279.0,1,-0.00030506406345343073,1.055782216334209,True,False,0.008536668389398138,1.1025424536054573
2026-04-15,16665.0,-1,-0.0006004202942060388,1.0288400007937106,False,True,24935.0,1,0.0010016025641025328,1.006834363021072,True,False,9411.0,-1,0.0023322378882646433,1.1073089081804395,False,False,1226.0,1,0.004918032786885185,0.8059168540747075,True,False,2343.0,1,-0.0029787234042553123,1.2458536586969435,True,False,5100.0,-1,-0.012105576503274484,1.0835644895924625,False,False,1083.0,-1,-0.016901408450704203,1.3988606644311796,False,False,15560.0,1,0.002577319587628857,1.0957563285511185,True,False,3290.0,1,0.0033546813052760527,1.0593240291977883,True,False,-0.0020446949466980855,1.10028809062205
2026-04-16,16775.0,-1,-0.0066006600660066805,1.0220489776861612,False,False,25635.0,1,0.028072989773410884,1.0350992137976813,True,False,9402.0,-1,0.0009563277016257921,1.1083678583635894,False,False,1241.0,1,0.012234910277324706,0.8157771744752953,True,False,2344.0,1,0.0004268032437046987,1.2463853930796567,True,False,5109.0,-1,-0.0017647058823528905,1.08165231696377,False,False,1248.0,-1,-0.1523545706371192,1.185737848520612,False,False,15890.0,1,0.021208226221079762,1.1189953766502103,True,False,3326.0,1,0.01094224924012166,1.0709154167513204,True,False,-0.009653158903134586,1.0896668348440488
2026-04-17,16775.0,-1,-0.0,1.0220489776861612,False,False,25520.0,1,-0.004486054222742397,1.030455702598667,True,False,9492.0,-1,-0.00957243139757491,1.0977580830761269,False,False,1238.0,1,-0.00241740531829171,0.8138051103951778,True,False,2320.0,1,-0.010238907849829393,1.2336237678945408,True,False,5093.0,1,0.003131728322568028,1.0850397581599767,True,False,1226.0,1,0.017628205128205177,1.2066402785426102,True,False,15935.0,1,0.002831969792322253,1.122164337754632,False,False,3324.0,1,-0.000601322910402935,1.0702714507761242,True,False,-0.0004138020506384319,1.0892159284732776
2026-04-20,16765.0,1,0.0005961251862891537,1.022658246823381,True,False,25125.0,1,-0.015478056426332265,1.0145062510890088,False,False,9486.0,-1,0.0006321112515802474,1.0984519883119526,False,False,1247.0,1,0.007269789983844976,0.8197213026355304,False,False,2336.0,1,0.006896551724137945,1.2421315180179513,False,False,5147.0,1,0.010602788140585018,1.0965442048398586,True,False,1263.5,1,0.030587275693311655,1.2435481174050473,True,False,16000.0,1,0.004079071226859021,1.1267417260165742,False,False,3362.0,1,0.011432009626955564,1.0825068043048525,False,False,0.0062908518230257015,1.0960680244825824
