trade_date,沪铅_close_return,沪铅_daily_return,沪铅_position,沪铅_equity_curve,沪铅_long_signal,沪铅_short_signal,沪铝_close_return,沪铝_daily_return,沪铝_position,沪铝_equity_curve,沪铝_long_signal,沪铝_short_signal,棕榈油_close_return,棕榈油_daily_return,棕榈油_position,棕榈油_equity_curve,棕榈油_long_signal,棕榈油_short_signal,纯碱_close_return,纯碱_daily_return,纯碱_position,纯碱_equity_curve,纯碱_long_signal,纯碱_short_signal,菜粕_close_return,菜粕_daily_return,菜粕_position,菜粕_equity_curve,菜粕_long_signal,菜粕_short_signal,PVC_close_return,PVC_daily_return,PVC_position,PVC_equity_curve,PVC_long_signal,PVC_short_signal,焦煤_close_return,焦煤_daily_return,焦煤_position,焦煤_equity_curve,焦煤_long_signal,焦煤_short_signal,棉花_close_return,棉花_daily_return,棉花_position,棉花_equity_curve,棉花_long_signal,棉花_short_signal,热卷_close_return,热卷_daily_return,热卷_position,热卷_equity_curve,热卷_long_signal,热卷_short_signal,portfolio_daily_return,portfolio_equity_curve
2025-07-22,0.0,0.0,0,1.0,False,False,0.0,0.0,0,1.0,False,False,0.0,0.0,0,1.0,False,False,0.0,0.0,0,1.0,False,False,0.0,0.0,0,1.0,False,False,0.0,0.0,0,1.0,False,False,0.0,0.0,0,1.0,False,False,0.0,0.0,0,1.0,False,False,0.0,0.0,0,1.0,False,False,0.0,1.0
2025-07-23,-0.00295857988165682,-0.0,0,1.0,False,False,-0.0052631578947368585,-0.0,0,1.0,False,False,0.007618194039883397,0.0,0,1.0,False,False,-0.026909090909090883,-0.0,0,1.0,False,False,0.008040935672514626,0.0,0,1.0,False,False,-0.020722433460076073,-0.0,0,1.0,False,False,0.0829756795422032,0.0,0,1.0,False,False,-0.0031634446397188487,-0.0,0,1.0,False,False,-0.011216566005176842,-0.0,0,1.0,False,False,0.0,1.0
2025-07-24,0.002373887240356032,0.0,0,1.0,False,False,-0.0014430014430014682,-0.0,0,1.0,False,False,0.012230375806092875,0.0,0,1.0,False,False,0.05231689088191338,0.0,0,1.0,False,False,-0.027556200145032683,-0.0,0,1.0,False,False,0.016889924286546343,0.0,0,1.0,False,False,0.05548216644649928,0.0,0,1.0,False,False,-0.0014104372355430161,-0.0,0,1.0,False,False,0.005235602094240788,0.0,0,1.0,False,False,0.0,1.0
2025-07-25,0.00384843102427479,0.0,0,1.0,False,False,0.0,0.0,0,1.0,False,False,-0.018453427065026395,-0.0,0,1.0,False,False,0.022727272727272707,0.0,0,1.0,False,False,-0.0026099925428784143,-0.0,0,1.0,False,False,0.025773195876288568,0.0,0,1.0,False,False,0.05047976637463503,0.0,0,1.0,False,False,0.0007062146892655718,0.0,0,1.0,False,False,0.01475694444444442,0.0,0,1.0,False,False,0.0,1.0
2025-07-28,-0.0023591860808021003,-0.0,0,1.0,False,False,-0.006984585741811156,-0.0,0,1.0,False,False,0.0011190689346463056,0.0,0,1.0,False,False,-0.08611111111111114,-0.0,0,1.0,False,False,-0.005607476635513975,-0.0,0,1.0,False,False,-0.041689931137167346,-0.0,0,1.0,False,False,-0.12589356632247817,-0.0,0,1.0,False,False,-0.006704304869442512,-0.0,0,1.0,False,False,-0.031365839749073254,-0.0,0,1.0,False,False,0.0,1.0
2025-07-29,-0.000886786875554213,-0.0,0,1.0,False,False,-0.00048508367693422816,-0.0,0,1.0,False,False,0.0026827632461434714,0.0,0,1.0,False,False,0.001519756838905817,0.0,0,1.0,False,False,0.0,0.0,0,1.0,False,False,0.008351136142940474,0.0,0,1.0,False,False,0.0181735574738755,0.0,0,1.0,False,False,-0.010657193605683846,-0.0,0,1.0,False,False,0.031204003532528723,0.0,0,1.0,False,False,0.0,1.0
2025-07-30,-0.0005917159763313418,-0.0,0,1.0,False,False,0.0009706381946128495,0.0,-1,1.0,False,True,0.0013377926421405117,0.0,0,1.0,False,False,-0.00531107738998482,-0.0,0,1.0,False,False,0.02819548872180455,0.0,0,1.0,False,False,-0.006355932203389814,-0.0,-1,1.0,False,True,0.09995537706381086,0.0,-1,1.0,False,True,-0.012208258527827698,-0.0,0,1.0,False,False,-0.005709391949757392,-0.0,0,1.0,False,False,0.0,1.0
2025-07-31,-0.009177027827116602,-0.0,0,1.0,False,False,-0.005575757575757567,0.005575757575757567,-1,1.0055757575757576,False,False,-0.009129369850812696,-0.0,0,1.0,False,False,-0.04881769641495037,-0.0,0,1.0,False,False,-0.013162705667276065,-0.0,0,1.0,False,False,-0.02287264973832137,0.02287264973832137,-1,1.0228726497383214,False,False,-0.07910750507099396,0.07910750507099396,-1,1.079107505070994,False,True,-0.007633587786259555,-0.0,0,1.0,False,False,-0.0267011197243755,-0.0,0,1.0,False,False,0.011950656931674766,1.0119506569316747
2025-08-01,0.0,0.0,0,1.0,False,False,0.0,-0.0,-1,1.0055757575757576,False,False,0.0011235955056179137,0.0,0,1.0,False,False,0.0072173215717723505,0.0,0,1.0,False,False,-0.008892182289736983,-0.0,0,1.0,False,False,-0.005157706804205464,0.005157706804205464,-1,1.0281483269637124,False,False,-0.037444933920704804,0.037444933920704804,-1,1.1195146142917138,False,False,-0.004761904761904745,-0.0,0,1.0,False,False,0.003244837758112018,0.0,0,1.0,False,False,0.004733626747212252,1.0167408536281854
2025-08-04,0.0008963250672244794,0.0,0,1.0,False,False,0.0007313505607020598,-0.0007313505607020598,-1,1.0048403291816261,False,False,-0.008080808080808133,-0.0,0,1.0,False,False,-0.0023885350318471055,-0.0,0,1.0,False,False,0.0011214953271028172,0.0,0,1.0,False,False,-0.006779661016949157,0.006779661016949157,-1,1.0351188240956697,False,False,0.04439359267734555,-0.04439359267734555,-1,1.0698153385085118,False,False,0.0161943319838056,0.0,0,1.0,False,False,0.004704498676859847,0.0,0,1.0,False,False,-0.004260586913455384,1.0124089408528416
2025-08-05,0.0014925373134329067,0.0,0,1.0,False,False,0.001705237515225333,-0.001705237515225333,-1,1.0031268377554943,False,False,0.025571396243494027,0.0,0,1.0,False,False,0.014365522745410919,0.0,0,1.0,False,False,0.017176997759521972,0.0,0,1.0,False,False,0.012246536839991995,-0.012246536839991995,-1,1.0224422032826128,False,False,0.0359333917616127,-0.0359333917616127,-1,1.0313732448373032,False,False,0.0010865628395508864,0.0,0,1.0,False,False,0.01170617500731641,0.0,0,1.0,False,False,-0.005542796235203336,1.0067973643869963
2025-08-06,0.004769001490313007,0.0,0,1.0,False,False,0.0043774319066147704,-0.0043774319066147704,-1,0.9987357183295218,False,False,-0.010370697263901163,-0.0,0,1.0,False,False,0.07789142407553107,0.0,0,1.0,False,False,0.007709251101321479,0.0,0,1.0,False,False,0.0017850059500197357,-0.0017850059500197357,-1,1.0206171378662021,False,False,0.03299492385786795,-0.03299492385786795,-1,0.9973431631548542,False,False,0.0021707670043416005,0.0,0,1.0,False,False,-0.0017356089094591187,-0.0,0,1.0,False,False,-0.004350817968278051,1.0024169723236063
2025-08-07,0.0011865915158706386,0.0,0,1.0,False,False,0.004842615012106588,-0.004842615012106588,1,0.9938992257468122,True,False,-0.0022296544035674826,-0.0,0,1.0,False,False,-0.00948905109489051,-0.0,0,1.0,False,False,-0.002185792349726823,-0.0,0,1.0,False,False,-0.0009899029895070743,0.0009899029895070743,-1,1.021627449822118,False,False,0.006961506961506991,-0.006961506961506991,-1,0.9904001517815403,False,False,-0.0010830324909747446,-0.0,0,1.0,False,False,-0.0031874818893073975,-0.0,0,1.0,False,False,-0.001201579887122945,1.0012124882511515
2025-08-08,-0.001777777777777767,-0.0,0,1.0,False,False,-0.00313253012048198,-0.00313253012048198,1,0.9907858064854366,True,False,0.003351955307262511,0.0,0,1.0,False,False,-0.018422991893883522,-0.0,0,1.0,False,False,-0.0850675428988682,-0.0,0,1.0,False,False,-0.010503369005152585,0.010503369005152585,-1,1.0323579799133928,False,False,-0.0020333468889792705,0.0020333468889792705,-1,0.9924139788490098,False,False,-0.0025298156848572173,-0.0,1,1.0,True,False,-0.0034883720930232176,-0.0,0,1.0,False,False,0.0010449095304055417,1.0022586647220861
2025-08-11,0.002374591867022824,0.0,1,1.0,True,False,0.0007251631617113397,0.0007251631617113397,1,0.9915042878534462,False,False,0.02650334075723837,0.0,0,1.0,False,False,0.009759759759759845,0.0,0,1.0,False,False,-0.02035115722266556,-0.0,0,1.0,False,False,0.003404766673342774,-0.003404766673342774,-1,1.0288430418684242,False,False,0.023634881825590925,-0.023634881825590925,-1,0.968958391736849,False,False,0.005797101449275255,0.005797101449275255,1,1.0057971014492753,True,False,0.010793465577596306,0.0,0,1.0,False,False,-0.0022797093208830116,0.9999738063021834
2025-08-12,0.0017767249037607957,0.0017767249037607957,1,1.0017767249037608,False,False,0.0016908212560386993,0.0016908212560386993,1,0.9931807443788023,False,False,0.019310045563028844,0.0,0,1.0,False,False,0.0475836431226766,0.0,0,1.0,False,False,0.04358452138492863,0.0,0,1.0,False,False,0.007385229540918248,-0.007385229540918248,1,1.0212447998426493,True,False,0.04538216560509545,-0.04538216560509545,-1,0.9249849615386003,False,False,0.007204610951008661,0.007204610951008661,1,1.0130434782608695,False,False,0.0054834054834054236,0.0,0,1.0,False,False,-0.004677248670578393,0.9952966801460432
2025-08-13,0.000886786875554213,0.000886786875554213,1,1.002665087355641,False,False,0.0026525198938991412,0.0026525198938991412,1,0.9958151760615046,False,False,0.010004257130693972,0.0,0,1.0,False,False,-0.018452803406671436,-0.0,0,1.0,False,False,0.049180327868852514,0.0,-1,1.0,False,True,0.023776500891618868,0.023776500891618868,1,1.0455264277366692,True,False,-0.051789794364051844,0.051789794364051844,-1,0.9728897424865247,False,False,0.010729613733905685,0.010729613733905685,1,1.0239130434782608,False,False,-0.009471871412169874,-0.0,0,1.0,False,False,0.009981690639892194,1.0052314237021727
2025-08-14,-0.00945067926757237,-0.00945067926757237,1,0.9931892212022505,False,False,-0.003607503607503615,-0.003607503607503615,1,0.9922227692214559,False,False,-0.012855637513171758,-0.0,0,1.0,False,False,0.012292118582791112,0.0,0,1.0,False,False,-0.030505952380952328,0.030505952380952328,-1,1.0305059523809523,False,False,-0.008322043739113605,-0.008322043739113605,1,1.0368255110746454,False,False,-0.02489959839357425,0.02489959839357425,-1,0.997114306355667,False,False,0.0017692852087756172,0.0017692852087756172,1,1.0257246376811593,False,False,-0.005505650536076545,-0.0,0,1.0,False,False,0.0039771788187902895,1.0092294088285034
2025-08-15,0.004770423375074495,0.004770423375074495,1,0.9979271542789457,False,False,0.0016895969104513409,0.0016895969104513409,1,0.993899225746812,False,False,0.00982066609735277,0.0,0,1.0,False,False,-0.0035714285714285587,-0.0,0,1.0,False,False,-0.023023791250959325,0.023023791250959325,-1,1.0542321063114424,False,False,-0.005269320843091285,-0.005269320843091285,1,1.0313621447984909,False,False,0.01317957166392092,-0.01317957166392092,-1,0.9839727668979317,False,True,-0.0024726245143058545,-0.0024726245143058545,1,1.0231884057971015,False,False,0.002039627039627012,0.0,0,1.0,False,False,0.0009513660572407891,1.0101895554320321
2025-08-18,-0.004451038575667643,-0.004451038575667643,-1,0.9934853420195439,False,True,-0.00746987951807232,-0.00746987951807232,-1,0.986474918277378,False,True,0.013107822410147962,0.0,0,1.0,False,False,-0.006451612903225823,-0.0,0,1.0,False,False,0.01728201099764326,-0.01728201099764326,-1,1.0360128554560994,False,False,-0.00843633509907793,-0.00843633509907793,1,1.022661228136467,False,False,-0.03455284552845528,0.03455284552845528,-1,1.0179718259167627,False,True,0.0003541076487252326,0.0003541076487252326,1,1.0235507246376812,False,False,-0.005815644082582172,-0.0,0,1.0,False,False,-0.00030359011258673796,1.0098828718711645
2025-08-19,0.0029806259314455463,-0.0029806259314455463,-1,0.9905241338466093,False,True,-0.002427773731488281,0.002427773731488281,-1,0.9888698561707437,False,False,0.005843071786310494,0.0,0,1.0,False,False,-0.02020202020202022,-0.0,0,1.0,False,False,0.00540540540540535,-0.00540540540540535,-1,1.0304127859671477,False,False,-0.010486743173723778,-0.010486743173723778,1,1.011936842483275,False,False,0.005894736842105175,-0.005894736842105175,-1,1.0119711498903061,False,False,-0.001769911504424737,-0.001769911504424737,1,1.0217391304347827,False,False,-0.0008774495466510324,-0.0,0,1.0,False,False,-0.002678849902846256,1.0071775472379663
2025-08-20,-0.005943536404160454,0.005943536404160454,-1,0.9964113500953261,False,False,-0.00048673643222196805,0.00048673643222196805,-1,0.9893511751564681,False,False,-0.00892116182572611,-0.0,0,1.0,False,False,-0.03608247422680411,-0.0,0,1.0,False,False,0.008832565284178084,-0.008832565284178084,-1,1.021311597765441,False,False,0.0013997200559887624,0.0013997200559887624,1,1.013353270777093,False,False,-0.02678945165341151,0.02678945165341151,-1,1.0390813020849397,False,False,-0.0031914893617021045,-0.0031914893617021045,1,1.0184782608695653,False,False,-0.004098360655737654,-0.0,0,1.0,False,False,0.0025105988777669452,1.009706166057774
2025-08-21,0.0011958146487294208,-0.0011958146487294208,-1,0.9952198268067218,False,False,0.0026783540297052877,-0.0026783540297052877,-1,0.9867013424496941,False,False,-0.00565208289721586,-0.0,0,1.0,False,False,-0.0022918258212375475,-0.0,-1,1.0,False,True,-0.025123715264560365,0.025123715264560365,-1,1.046970739544093,False,False,-0.0007987220447284171,-0.0007987220447284171,1,1.0125438831806257,False,False,-0.013333333333333308,0.013333333333333308,-1,1.052935719446072,False,False,-0.001778726431874822,-0.001778726431874822,-1,1.0166666666666666,False,True,-0.007936507936507908,-0.0,0,1.0,False,False,0.0035561590492061918,1.0132968417772397
2025-08-22,0.002090176171991587,-0.002090176171991587,-1,0.9931396420388369,False,False,0.0019426906265176402,-0.0019426906265176402,-1,0.9847844870005447,False,False,0.00968421052631574,0.0,0,1.0,False,False,0.015313935681470214,-0.015313935681470214,-1,0.9846860643185298,False,False,-0.007028504490433463,0.007028504490433463,-1,1.0543293780883312,False,False,0.002997601918465209,0.002997601918465209,1,1.0155790866673782,False,False,0.013077593722754965,-0.013077593722754965,-1,1.0391658538909796,False,False,0.0,-0.0,-1,1.0166666666666666,False,True,-0.004148148148148123,-0.0,0,1.0,False,False,-0.0024886988659817482,1.0107750510762057
2025-08-25,0.005065554231227676,-0.005065554231227676,-1,0.988108839322907,False,False,0.0067862336403297085,-0.0067862336403297085,-1,0.9781015093863867,False,False,-0.0010425354462051395,-0.0,0,1.0,False,False,0.008295625942684737,-0.008295625942684737,-1,0.9765174770579689,False,False,0.001572945340149401,-0.001572945340149401,-1,1.0526709756060846,False,False,0.00557880055788007,0.00557880055788007,1,1.0212447998426495,False,False,0.0460413080895008,-0.0460413080895008,-1,0.9913212986558958,False,False,0.006414825374198241,-0.006414825374198241,-1,1.0101449275362318,False,False,0.00833085391252597,0.0,0,1.0,False,False,-0.007621965784467832,1.003070958221109
2025-08-26,0.0038541357841683777,-0.0038541357841683777,-1,0.9843005336866195,False,False,-0.0026480500722195766,0.0026480500722195766,1,0.9806915711589553,True,False,-0.008557712377374238,-0.0,0,1.0,False,False,-0.01944652206432307,0.01944652206432307,-1,0.9955073457217739,False,False,-0.00824499411071844,0.00824499411071844,-1,1.0613502416004812,False,False,-0.009510600356647525,-0.009510600356647525,1,1.0115321486850415,False,False,-0.04524886877828049,0.04524886877828049,-1,1.036177466015891,False,False,-0.0014164305949008194,0.0014164305949008194,-1,1.011575727716878,False,False,-0.006491590439657746,-0.0,0,1.0,False,False,0.007071125497736277,1.010163798849825
2025-08-27,-0.002362669816893037,0.002362669816893037,1,0.9866261108483126,True,False,0.004586048756939354,0.004586048756939354,1,0.9851890705198098,True,False,0.0,0.0,0,1.0,False,False,-0.0030511060259343914,0.0030511060259343914,-1,0.9985447441831675,False,False,-0.009897070467141722,0.009897070467141722,-1,1.071854499731919,False,False,-0.010002000400080036,-0.010002000400080036,1,1.0014148037291999,False,False,-0.005601034037053032,0.005601034037053032,-1,1.0419811312714733,False,False,-0.0017730496453900457,0.0017730496453900457,-1,1.0133693017021916,False,False,-0.005346005346005378,-0.0,0,1.0,False,False,0.001918775372141283,1.0121020762688868
2025-08-28,0.001184132622853662,0.001184132622853662,1,0.9877944070127274,False,False,-0.0028832292167226825,-0.0028832292167226825,1,0.9823485446076912,False,False,-0.009052631578947423,-0.0,0,1.0,False,False,0.003060443764345777,-0.003060443764345777,-1,0.9954887541474119,False,False,-0.007197121151539365,0.007197121151539365,-1,1.0795687664233122,False,False,-0.0006061830672863255,-0.0006061830672863255,1,1.0008077630318495,False,False,0.018197573656845822,-0.018197573656845822,-1,1.0230196028861172,False,False,-0.000355239786856143,0.000355239786856143,-1,1.0137292907969349,False,False,0.006867721707972452,0.0,1,1.0,True,False,-0.001778992904883493,1.0103015538561866
2025-08-29,-0.0017740981667652145,-0.0017740981667652145,1,0.9860419627661051,False,False,-0.00048192771084332175,-0.00048192771084332175,1,0.9818751236223381,False,False,-0.010410027618440565,-0.0,0,1.0,False,False,-0.011441647597253968,0.011441647597253968,1,1.0068787856593961,True,False,0.012082158679017407,-0.012082158679017407,-1,1.0665252452824747,False,False,-0.007885159725030344,-0.007885159725030344,1,0.992916233966293,False,False,-0.020425531914893602,0.020425531914893602,-1,1.0439153224344293,False,False,0.012082444918265711,-0.012082444918265711,-1,1.0014809624788483,False,False,-0.00771055753262162,-0.00771055753262162,1,0.9922894424673784,True,False,-0.001127685246710672,1.009162251699174
2025-09-01,-0.001481042654028486,-0.001481042654028486,1,0.9845815925605865,False,False,-0.004580520732883286,-0.004580520732883286,1,0.9773776242614837,False,False,0.007299270072992803,0.0,0,1.0,False,False,-0.019290123456790154,-0.019290123456790154,1,0.9874559695780034,False,False,0.0,-0.0,-1,1.0665252452824747,False,False,-0.0026492765437130528,-0.0026492765437130528,1,0.9902857242777742,False,False,-0.028236316246741944,0.028236316246741944,-1,1.0733916456135073,False,False,-0.015098314606741603,0.015098314606741603,-1,1.0166016371230164,False,False,-0.01285116557083088,-0.01285116557083088,1,0.9795373665480427,False,False,0.0002758335439152986,1.0094406124994457
2025-09-02,-0.00029664787896765965,-0.00029664787896765965,1,0.9842895185194829,False,False,0.0036328408815693436,0.0036328408815693436,1,0.9809282816516319,False,False,0.004049445865302648,0.0,0,1.0,False,False,-0.0031471282454760274,-0.0031471282454760274,1,0.9843483190049805,False,False,-0.005173099880620757,0.005173099880620757,-1,1.0720424869015246,False,False,-0.001225991009399241,-0.001225991009399241,1,0.9890716428830733,False,False,-0.00536432722396063,0.00536432722396063,-1,1.0791496696400436,False,False,0.0014260249554367554,-0.0014260249554367554,-1,1.0151519378187412,False,False,-0.001513775355737157,-0.001513775355737157,1,0.9780545670225386,False,False,0.0007289667267926544,1.010176461118631
2025-09-03,0.0008902077151335952,0.0008902077151335952,1,0.985165740642794,False,False,-0.0004826254826254539,-0.0004826254826254539,-1,0.9804548606662788,False,True,-0.00573126724686901,-0.0,0,1.0,False,False,0.00710339384372527,0.00710339384372527,1,0.9913405327942818,False,False,0.008399999999999963,-0.008399999999999963,-1,1.0630373300115519,False,False,-0.0020458265139116083,-0.0020458265139116083,1,0.9870481738919049,False,False,-0.00584269662921344,0.00584269662921344,-1,1.0854548137772662,False,False,-0.003915984336062661,0.003915984336062661,-1,1.019127256905963,False,False,0.0003032140691328067,0.0003032140691328067,1,0.9783511269276394,False,False,0.0007918938440811942,1.0109764136396266
2025-09-04,-0.00029647198339755043,-0.00029647198339755043,1,0.9848736666016904,False,False,-0.005070014485755725,0.005070014485755725,-1,0.9854257810124863,False,False,0.0023484201537147253,0.0,0,1.0,False,False,0.0007836990595611049,0.0007836990595611049,1,0.9921174454375374,False,False,-0.0007933359777866356,0.0007933359777866356,-1,1.0638806757711805,False,False,0.0010250102501025982,0.0010250102501025982,1,0.9880599083874891,False,False,-0.010397830018083143,0.010397830018083143,-1,1.0967411884232323,False,False,0.0014295925661187425,-0.0014295925661187425,-1,1.0176703201555612,False,False,0.004243710215216634,0.004243710215216634,1,0.9825029655990509,False,False,0.0022875039396655053,1.0132890261687362
2025-09-05,0.0023724792408066353,0.0023724792408066353,1,0.9872102589305201,False,False,0.004367871875758267,-0.004367871875758267,-1,0.9811215674579548,False,False,0.014483493077742216,0.0,0,1.0,False,False,0.019577133907595856,0.019577133907595856,1,1.01154026151893,False,False,0.012306470821754623,-0.012306470821754623,-1,1.0507880592769738,False,False,0.0061437640794592685,0.0061437640794592685,1,0.994130315360994,False,False,0.05847418912745539,-0.05847418912745539,-1,1.032610136747502,False,False,-0.0007137758743754885,0.0007137758743754885,-1,1.0183967086781565,False,False,0.008149713250830137,0.008149713250830137,1,0.9905100830367735,False,False,-0.004243518385766766,1.0089891155560935
2025-09-08,-0.0002958579881656709,-0.0002958579881656709,1,0.9869181848894164,False,False,0.0012080212611742525,-0.0012080212611742525,-1,0.979936351744669,False,False,-0.006298551333193347,-0.0,1,1.0,True,False,-0.00691244239631339,-0.00691244239631339,1,1.0045480477296285,True,False,-0.0031372549019608176,0.0031372549019608176,-1,1.0540846492668625,False,False,-0.004681457358029717,-0.004681457358029717,1,0.989476336681307,False,False,-0.01294777729823049,0.01294777729823049,-1,1.045980142834004,False,False,-0.00821428571428573,0.00821428571428573,-1,1.026762110213727,False,False,0.00359281437125758,0.00359281437125758,1,0.9940688018979835,False,False,0.0016438170313390651,1.0106477090486803
2025-09-09,0.0020716188221368004,0.0020716188221368004,1,0.9889627031771424,False,False,0.0014478764478764727,-0.0014478764478764727,-1,0.9785175249805599,False,False,0.0021128248468202937,0.0021128248468202937,1,1.0021128248468203,False,False,-0.011600928074245953,-0.011600928074245953,1,0.9928943580807928,True,False,0.0031471282454760274,-0.0031471282454760274,-1,1.050767309694032,False,False,-0.00879345603271986,-0.00879345603271986,1,0.9807754200192832,False,False,-0.01749016178399654,0.01749016178399654,1,1.0642745047550186,True,False,-0.003601008282319018,0.003601008282319018,-1,1.030459489076578,False,False,-0.0008949880668257526,-0.0008949880668257526,1,0.993179122182681,False,False,-6.764034798571276e-05,1.0105793484859493
2025-09-10,-0.007974010632014195,-0.007974010632014195,1,0.9810767040673424,False,False,0.001927710843373509,-0.001927710843373509,-1,0.9766312261372239,False,False,-0.025511279780729534,-0.025511279780729534,1,0.9765476442002958,False,False,0.0023474178403755097,0.0023474178403755097,1,0.9952250960105599,False,False,-0.00666666666666671,0.00666666666666671,-1,1.0577724250919924,False,False,0.00206313183412421,0.00206313183412421,1,0.9827988890104515,False,False,-0.00578549176680021,-0.00578549176680021,1,1.058117153370143,False,False,0.0014456089627756796,-0.0014456089627756796,-1,1.0289698476033915,False,False,-0.002090176171991587,-0.002090176171991587,1,0.9911032028469753,False,False,-0.003739673535168698,1.0068001116412284
2025-09-11,0.006251860672819243,0.006251860672819243,1,0.9872102589305202,False,False,0.006012506012506025,-0.006012506012506025,-1,0.9707592250180727,False,False,0.009303331890956335,0.009303331890956335,1,0.9856327910416227,False,False,0.004683840749414525,0.004683840749414525,1,0.9998865718700941,False,False,0.01342281879194629,-0.01342281879194629,-1,1.043574137506865,False,False,0.006382540662960734,0.006382540662960734,1,0.9890716428830734,False,False,0.021933751119068923,0.021933751119068923,1,1.0813256316669815,False,False,-0.001443522194153779,0.001443522194153779,-1,1.030455188415522,False,False,-0.002393776181927043,-0.002393776181927043,1,0.9887307236061685,False,False,0.003129971811443798,1.009951367610424
2025-09-12,0.008284023668639007,0.008284023668639007,1,0.9953883320814239,False,False,0.009801577814965379,-0.009801577814965379,-1,0.9612442529344626,False,False,-0.0036441586280814287,-0.0036441586280814287,1,0.9820409888020284,False,False,0.002331002331002363,0.002331002331002363,1,1.0022173097998612,False,False,-0.014024152707440618,0.014024152707440618,-1,1.0582093805727968,False,False,-0.002454991816693952,-0.002454991816693952,1,0.9866434800936714,False,False,0.0026281208935610145,0.0026281208935610145,1,1.0841674861523085,False,False,0.0018070112034693775,-0.0018070112034693775,-1,1.028593144345382,False,False,0.008998200359928044,0.008998200359928044,1,0.9976275207591935,False,False,0.0020619733885956565,1.0120338604542123
2025-09-15,0.007042253521126751,0.007042253521126751,1,1.0023981090679128,False,False,-0.004498106060606077,0.004498106060606077,-1,0.9655680315343097,False,False,0.013554216867469826,0.013554216867469826,1,0.9953517853369956,False,False,0.013953488372093092,0.013953488372093092,1,1.016201737378464,False,False,-0.010667720268668468,0.010667720268668468,-1,1.0694980622304284,False,False,0.00922887612797374,0.00922887612797374,1,0.9957490905539288,False,False,0.03757099169943201,0.03757099169943201,1,1.124900733775331,False,False,0.0018037518037516964,-0.0018037518037516964,-1,1.0267378176059423,False,False,0.001783590963139181,0.001783590963139181,1,0.9994068801897985,False,False,0.010721721341861938,1.0228846054945313
2025-09-16,-0.006118881118881148,-0.006118881118881148,1,0.996264554204735,False,False,-0.0019024970273483488,0.0019024970273483488,-1,0.9674050218440065,False,False,0.006368074718743344,0.006368074718743344,1,1.0016902598774562,False,False,0.023700305810397504,0.023700305810397504,1,1.0402860293193907,False,False,0.005591054313099031,-0.005591054313099031,-1,1.063518440476744,False,False,0.007925218451534155,0.007925218451534155,1,1.0036406196194851,False,False,0.044631578947368356,0.044631578947368356,1,1.1751068296827771,False,False,0.0007202016564638036,-0.0007202016564638036,-1,1.0259983593289486,False,False,0.00949554896142435,0.00949554896142435,1,1.0088967971530252,False,False,0.009065898536485786,1.032157973542478
2025-09-17,0.0026385224274405594,0.0026385224274405594,1,0.9988932205746683,False,False,-0.0021443888491780028,0.0021443888491780028,-1,0.9694795143854876,False,False,-0.0061168529846024056,-0.0061168529846024056,1,0.9955630678216776,False,False,-0.0037341299477221535,-0.0037341299477221535,1,1.0364014661031122,False,False,-0.023034154090548098,0.023034154090548098,-1,1.0880156881128247,False,True,0.0026209677419355426,0.0026209677419355426,1,1.006271129308004,True,False,-0.006045949214026569,-0.006045949214026569,1,1.1680021934694593,False,False,-0.00035984166966529507,0.00035984166966529507,1,1.0263675562916434,True,False,-0.003527336860670194,-0.003527336860670194,1,1.005338078291815,False,False,0.001263733974638464,1.0334623466408375
2025-09-18,0.002631578947368318,0.002631578947368318,1,1.0015218869446016,False,False,-0.007402101241642756,0.007402101241642756,-1,0.9766556999026677,False,False,-0.012733446519524572,-0.012733446519524572,1,0.9828861187407565,False,False,-0.020989505247376306,-0.020989505247376306,1,1.0146479120919525,False,False,0.004065040650406582,-0.004065040650406582,-1,1.0835928601123659,False,False,-0.010054293183189178,-0.010054293183189178,1,0.9961537843521625,False,False,-0.023925385239253805,-0.023925385239253805,1,1.140057291030409,False,False,-0.008999280057595427,-0.008999280057595427,1,1.0171309872105452,False,False,-0.010619469026548645,-0.010619469026548645,1,0.9946619217081852,False,False,-0.009039193303875937,1.0241206807172738
2025-09-19,0.0020414114902302938,0.0020414114902302938,1,1.0035664052323274,False,False,0.0004811161895597049,-0.0004811161895597049,-1,0.9761858150338187,False,True,0.0012897678417884695,0.0012897678417884695,1,0.9841538136488486,False,False,0.009188361408882129,0.009188361408882129,1,1.023970863811021,False,False,0.021052631578947434,-0.021052631578947434,-1,1.0607803788468424,False,False,0.005484460694698434,0.005484460694698434,1,1.0016171506283171,False,False,0.023680930619027762,0.023680930619027762,1,1.167054908641017,False,False,-0.0032691609153651102,-0.0032691609153651102,1,1.0138058223413497,False,False,0.005963029218843063,0.005963029218843063,1,1.0005931198102018,False,False,0.0025383391766219893,1.0267202463627274
2025-09-22,-0.0008731082654248601,-0.0008731082654248601,1,1.0026901831090165,False,False,-0.0024044241404184152,0.0024044241404184152,-1,0.9785329797730201,False,True,0.00472305710605414,0.00472305710605414,1,0.988802028311853,False,False,-0.01896813353566007,-0.01896813353566007,1,1.0045480477296282,False,False,0.0023790642347343294,-0.0023790642347343294,-1,1.05825671418662,False,False,-0.00242424242424244,-0.00242424242424244,1,0.9991889878389152,False,False,-0.011769480519480569,-0.011769480519480569,1,1.1533192786286024,False,False,-0.008017492711370311,-0.008017492711370311,1,1.0056776415499833,False,False,0.001778304682868992,0.001778304682868992,1,1.0023724792408069,False,False,-0.0039473039735078925,1.0226674694545788
2025-09-23,-0.004660646664724766,-0.004660646664724766,1,0.9980169984513572,False,False,-0.002892263195950817,0.002892263195950817,-1,0.9813631546964419,False,False,-0.03269230769230769,-0.03269230769230769,1,0.956475808155504,False,False,-0.015467904098994567,-0.015467904098994567,-1,0.9890097948645141,False,True,-0.03204113924050633,0.03204113924050633,-1,1.092164464918074,False,False,-0.00951802349129205,-0.00951802349129205,1,0.9896786835804241,False,False,0.0,0.0,-1,1.1533192786286024,False,True,-0.005143277002204294,-0.005143277002204294,1,1.0005051628645683,False,False,-0.011834319526627168,-0.011834319526627168,1,0.9905100830367737,False,False,-0.004931452893299265,1.017624233003454
2025-09-24,-0.0011706175007316633,-0.0011706175007316633,1,0.9968487022869423,False,False,0.0009668842156151936,-0.0009668842156151936,-1,0.9804142901523796,False,False,0.007952286282306265,0.007952286282306265,1,0.9640819776040569,False,False,0.02670856245090336,-0.02670856245090336,-1,0.9625947649938201,False,True,-0.021250510829587288,0.021250510829587288,-1,1.115373517707506,False,False,0.0057248006542629515,0.0057248006542629515,-1,0.9953443967556954,False,True,0.005749486652977476,-0.005749486652977476,-1,1.1466882848295057,False,False,0.0011078286558345862,0.0011078286558345862,1,1.0016135511543,False,False,0.005089820359281516,0.005089820359281516,1,0.9955516014234879,False,False,0.0007255217734494347,1.0183625415416877
2025-09-25,0.0014649868151186407,0.0014649868151186407,1,0.9983090724924608,False,False,0.0028978507606858273,-0.0028978507606858273,-1,0.9775731958558742,False,False,0.01051939513477973,0.01051939513477973,1,0.9742235368687938,False,False,0.006120887528691554,-0.006120887528691554,-1,0.9567028307015857,False,False,0.0204592901878915,-0.0204592901878915,-1,1.0925537672408387,False,False,0.003252693636918158,-0.003252693636918158,-1,0.992106846369826,False,False,0.008166598611678344,-0.008166598611678344,-1,1.1373237418745892,False,False,-0.001844337882700109,-0.001844337882700109,1,0.9997662373380805,False,False,0.00029788501638372544,0.00029788501638372544,1,0.9958481613285888,False,False,-0.0033843768491425997,1.01491601893206
2025-09-26,0.001170275014628519,0.001170275014628519,1,0.9994773686568758,False,False,-0.0009631591620514746,0.0009631591620514746,-1,0.9785147544360389,False,False,0.0015181088700932932,0.0015181088700932932,1,0.975702514261568,False,False,-0.016730038022813698,0.016730038022813698,-1,0.9727085054357567,False,False,-0.015957446808510634,0.015957446808510634,-1,1.1099881358670223,False,False,-0.007700101317122621,0.007700101317122621,-1,0.9997461696042846,False,False,-0.030781692993114618,0.030781692993114618,-1,1.1723324921307532,False,False,-0.009238728750923908,-0.009238728750923908,1,0.9905296682569821,False,False,-0.013400833829660508,-0.013400833829660508,1,0.9825029655990514,False,False,0.005797917734194493,1.0208004185169444
2025-09-29,-0.01490356516656921,-0.01490356516656921,1,0.9845815925605869,False,False,-0.000723065798987732,0.000723065798987732,-1,0.9792222849887765,False,False,-0.0002165439584235207,-0.0002165439584235207,1,0.975491231776886,False,False,-0.011600928074245953,0.011600928074245953,-1,0.9839928268445242,False,False,0.00457380457380463,-0.00457380457380463,-1,1.1049112670543249,False,False,-0.00020420665713705155,0.00020420665713705155,-1,0.9999503244275652,False,False,-0.035520267446719545,0.035520267446719545,-1,1.2139740557877166,False,False,-0.0041029466616934185,-0.0041029466616934185,1,0.9864655778612988,False,False,-0.007244189556293357,-0.007244189556293357,1,0.9753855278766315,False,False,0.0018897131178117939,1.0227294384584835
2025-09-30,0.005043013942450214,0.005043013942450214,1,0.9895468512593497,False,False,-0.002411963338157297,0.002411963338157297,-1,0.981584133240076,False,False,-0.0006497725795971965,-0.0006497725795971965,1,0.9748573843228399,False,False,-0.017996870109546204,0.017996870109546204,-1,1.0017016179379703,False,False,0.0020695364238410008,-0.0020695364238410008,-1,1.1026246129420436,False,False,-0.011642156862745057,0.011642156862745057,-1,1.0115919029595037,False,False,-0.024263431542461023,0.024263431542461023,-1,1.2434292321846456,False,False,-0.010112359550561778,-0.010112359550561778,1,0.9764900832537127,False,False,-0.01094557616296743,-0.01094557616296743,1,0.9647093712930016,False,False,0.004175576786488043,1.0269999237605687
2025-10-09,0.010330578512396604,0.010330578512396604,1,0.9997694426979793,False,False,0.019825918762089056,-0.019825918762089056,-1,0.9621233259563027,False,False,0.03706111833550074,0.03706111833550074,1,1.0109866892034653,False,False,-0.003984063745019917,0.003984063745019917,-1,1.0056924610373248,False,False,0.0057827344072696185,-0.0057827344072696185,-1,1.0962484276544813,False,False,-0.014465798718743539,0.014465798718743539,-1,1.0262253878132266,False,False,0.03374777975133214,-0.03374777975133214,-1,1.20146625632051,False,False,0.006053726825576922,0.006053726825576922,1,0.9824014874656155,False,False,0.01014448201660012,0.01014448201660012,1,0.9744958481613291,False,False,0.002520370581460781,1.0295883441555773
2025-10-10,0.0014607069821794827,0.0014607069821794827,1,1.001229812903498,False,False,-0.005215742057847361,0.005215742057847361,-1,0.967141513052329,False,False,-0.01379310344827589,-0.01379310344827589,1,0.997042045214452,False,False,-0.008000000000000007,0.008000000000000007,-1,1.0137380007256234,False,False,-0.018069815195071892,0.018069815195071892,-1,1.116057434150086,False,False,-0.007129377227930389,0.007129377227930389,-1,1.0335417357238261,False,False,-0.002577319587628857,0.002577319587628857,-1,1.2045628188368,False,False,0.002256487401278706,0.002256487401278706,1,0.9846182640450791,False,False,-0.00030432136335967197,-0.00030432136335967197,1,0.9741992882562283,False,False,0.003401335960033459,1.0330903200145851
2025-10-13,-0.0026254375729287682,-0.0026254375729287682,1,0.9986011465335647,False,False,-0.004528122020972303,0.004528122020972303,-1,0.9715208478349777,False,False,-0.007840644204280545,-0.007840644204280545,1,0.9892245932812174,False,False,0.005645161290322553,-0.005645161290322553,-1,1.0080152862053982,False,False,0.0004182350480970154,-0.0004182350480970154,-1,1.1155906598154353,False,False,-0.0029567053854276937,0.0029567053854276937,-1,1.036597614139905,False,False,-0.012919896640826822,0.012919896640826822,-1,1.2201256459535545,False,False,-0.0018761726078799779,-0.0018761726078799779,1,0.9827709502288594,False,False,-0.007305936073059405,-0.007305936073059405,1,0.9670818505338082,False,False,-0.0005896514165934939,1.0324811568439194
2025-10-14,-0.002632348639953208,-0.002632348639953208,1,0.9959724801636314,False,False,-0.00047881254488868485,0.00047881254488868485,-1,0.9719860242045419,False,False,-0.0036309269542930123,-0.0036309269542930123,1,0.985632791041623,False,False,-0.010425020048115519,0.010425020048115519,-1,1.0185238657728963,False,False,-0.018394648829431426,0.018394648829431426,-1,1.1361115582401338,False,False,-0.00614276636305866,0.00614276636305866,-1,1.0429651910960704,False,False,0.00654450261780104,-0.00654450261780104,-1,1.2121405304695654,False,False,-0.0026315789473684292,-0.0026315789473684292,1,0.9801847108861519,False,False,-0.006133088009812937,-0.006133088009812937,1,0.9611506524317917,False,False,0.0015409780684739625,1.0340721876627283
2025-10-15,0.0035190615835776207,0.0035190615835776207,1,0.9994773686568758,False,False,0.0028742514970059307,-0.0028742514970059307,-1,0.9691922919194031,False,False,-0.0008574490889603492,-0.0008574490889603492,1,0.984787661102895,False,False,-0.0016207455429497752,0.0016207455429497752,-1,1.0201746337887356,False,False,0.0038330494037479568,-0.0038330494037479568,-1,1.1317567865092302,False,False,-0.0031969309462915874,0.0031969309462915874,-1,1.0462994787913904,False,False,-0.0021673168617252214,0.0021673168617252214,-1,1.2147676230800328,False,False,0.0003769317753485879,0.0003769317753485879,1,0.9805541736493958,False,False,-0.008947855600123455,-0.008947855600123455,1,0.9525504151838675,False,False,-0.0006257354311049888,1.0334251320565875
2025-10-16,-0.0005844535359439407,-0.0005844535359439407,1,0.9988932205746683,False,False,0.002866013852400373,-0.002866013852400373,-1,0.9664145733851225,False,False,-0.0010727311735678757,-0.0010727311735678757,1,0.9837312486794849,False,False,0.0024350649350648457,-0.0024350649350648457,-1,1.017690442310354,False,False,0.002969876962240159,-0.002969876962240159,-1,1.1283956081021174,False,False,0.0036348086380157962,-0.0036348086380157962,-1,1.0424963804079281,False,False,0.029973935708079935,-0.029973935708079935,-1,1.178356256445575,False,False,0.0037678975131876236,0.0037678975131876236,1,0.9842488012818351,False,False,0.002179327521793173,0.002179327521793173,1,0.9546263345195732,False,False,-0.004176628863370236,1.0291088988219077
2025-10-17,-0.0014619883040936088,-0.0014619883040936088,1,0.9974328503691497,False,False,-0.004048582995951455,0.004048582995951455,-1,0.9703271829939693,False,False,-0.00042955326460480947,-0.00042955326460480947,-1,0.9833086837101209,False,True,-0.021052631578947323,0.021052631578947323,-1,1.0391155042537301,False,False,-0.024534686971235176,0.024534686971235176,-1,1.1560804411266192,False,False,-0.0012782275244993535,0.0012782275244993535,-1,1.0438289279755566,False,False,-0.005482918599746922,0.005482918599746922,-1,1.1848170878811686,False,False,0.0011261261261261701,0.0011261261261261701,1,0.9853571895715669,False,False,-0.004659832246039164,-0.004659832246039164,1,0.9501779359430608,False,False,0.005663533331307646,1.034937291371931
2025-10-20,-0.0008784773060028783,-0.0008784773060028783,1,0.9965566282458387,False,False,0.0,-0.0,-1,0.9703271829939693,False,False,0.0010743446497636366,-0.0010743446497636366,-1,0.9822522712867108,False,False,0.008271298593879317,-0.008271298593879317,-1,1.030520669644518,False,False,0.019080659150043422,-0.019080659150043422,-1,1.1340216642794503,False,False,0.002986348122866911,-0.002986348122866911,1,1.0407116914159027,True,False,0.031382527565733565,-0.031382527565733565,-1,1.1476345329603856,False,False,0.009748781402324713,0.009748781402324713,1,0.9949632214159092,False,False,0.0034332084893882175,0.0034332084893882175,1,0.9534400948991698,False,False,-0.0056101850551752,1.0291311016468327
2025-10-21,0.0058616647127784915,0.0058616647127784915,1,1.0023981090679128,False,False,0.0026303204208513176,-0.0026303204208513176,-1,0.967774911589633,False,False,-0.0025756600128783447,0.0025756600128783447,-1,0.9847822191844229,False,False,-0.007383100902379036,0.007383100902379036,-1,1.0381291077304906,False,False,-0.012340425531914945,0.012340425531914945,-1,1.1480159741790692,False,False,-0.0006380263717566947,-0.0006380263717566947,1,1.0400476899113837,True,False,-0.032072368421052655,0.032072368421052655,-1,1.1844418905142138,False,False,0.005569996286669099,0.005569996286669099,1,1.0005051628645683,False,False,0.0012441679626749025,0.0012441679626749025,1,0.9546263345195731,False,False,0.00708655967085994,1.036424100607791
2025-10-22,0.0008741258741258306,0.0008741258741258306,1,1.003274331191224,False,False,0.003815883615549742,-0.003815883615549742,-1,0.964081995160958,False,False,-0.01398751882935223,0.01398751882935223,-1,0.9985568790180762,False,False,0.01074380165289246,-0.01074380165289246,-1,1.02697565450694,False,False,-0.006031882809134026,0.006031882809134026,-1,1.154940671998331,False,False,0.004256224728665714,0.004256224728665714,1,1.0444743666081762,False,False,0.027612574341546292,-0.027612574341546292,-1,1.1517364007591484,False,False,-0.00036927621861149174,-0.00036927621861149174,1,1.0001357001013242,False,False,0.008698353525939728,0.008698353525939728,1,0.9629300118623964,False,False,-0.0009659366734869396,1.0354229805597281
2025-10-23,0.022707423580786035,0.022707423580786035,1,1.026056106397313,False,False,0.005702066999287325,-0.005702066999287325,-1,0.9585847350317437,False,False,-0.0034919249236141647,0.0034919249236141647,-1,1.0020437646715656,False,False,0.009811937857726827,-0.009811937857726827,-1,1.0168990332035195,False,False,0.01387082791504124,-0.01387082791504124,-1,1.13892068868496,False,False,0.002331002331002363,0.002331002331002363,1,1.046909038791412,False,False,0.04051260851591576,-0.04051260851591576,-1,1.1050765548416632,False,False,0.002955301071296601,0.002955301071296601,1,1.0030914022072757,False,False,0.0027717893440097896,0.0027717893440097896,1,0.9655990510083038,False,False,-0.0039600000041402445,1.0313227055524248
2025-10-24,0.0017079419299743659,0.0017079419299743659,1,1.0278085506439352,False,False,0.0028348688873138794,-0.0028348688873138794,-1,0.9558672729905482,False,False,-0.0010950503723171634,0.0010950503723171634,-1,1.0031410530691474,False,False,-0.004858299595141724,0.004858299595141724,1,1.021839433364832,True,False,-0.005985463873450225,0.005985463873450225,-1,1.145737657321809,False,False,-0.0046511627906976605,-0.0046511627906976605,1,1.0420396944249404,False,False,-0.007945967421533529,0.007945967421533529,-1,1.1138574571447355,False,False,-0.0025782688766113893,-0.0025782688766113893,1,1.0005051628645683,False,False,-0.0018427518427518441,-0.0018427518427518441,1,0.9638196915776988,False,False,0.0010761856438935816,1.0324326002423618
2025-10-27,-0.004262574595055413,-0.004262574595055413,1,1.0234274400273795,False,False,0.006360424028268641,-0.006360424028268641,-1,0.9497875518195835,False,False,-0.0024117518088138112,0.0024117518088138112,-1,1.0055603803183824,False,False,0.013832384052074875,0.013832384052074875,1,1.0359739088466888,True,False,0.004301075268817289,-0.004301075268817289,-1,1.1408097534193495,False,False,0.008071367884451952,0.008071367884451952,1,1.050450380148846,False,False,0.012014417300760805,-0.012014417300760805,-1,1.1004751088410343,False,False,0.0018463810930575697,0.0018463810930575697,1,1.0023524766807879,False,False,0.015076923076922988,0.015076923076922988,1,0.9783511269276394,False,False,0.0015889240802687832,1.0340730572621413
2025-10-28,-0.009417808219178037,-0.009417808219178037,1,1.0137889966709572,False,False,-0.010299625468164764,0.010299625468164764,-1,0.9595700078776502,False,False,-0.015604395604395638,0.015604395604395638,-1,1.021251542296977,False,False,-0.005617977528089901,-0.005617977528089901,1,1.0301538307071008,False,False,0.026124197002141303,-0.026124197002141303,-1,1.1110070146790583,False,False,-0.006321112515802807,-0.006321112515802807,1,1.0438103651036574,False,False,-0.017016224772457456,0.017016224772457456,-1,1.1192010406495678,False,False,0.0,0.0,-1,1.0023524766807879,False,True,0.0018187329493786208,0.0018187329493786208,1,0.9801304863582444,False,False,-0.00030467960786839665,1.0337579962885475
2025-10-29,0.0,0.0,1,1.0137889966709572,False,False,0.007332071901608339,-0.007332071901608339,-1,0.9525343715852644,False,False,-0.01294931904442953,0.01294931904442953,-1,1.0344760543427962,False,False,0.01614205004035507,0.01614205004035507,1,1.0467826253916384,False,False,-0.00959933222036724,0.00959933222036724,-1,1.1216719401121211,False,False,0.012510602205258792,0.012510602205258792,1,1.0568690613591953,False,False,0.048309178743961345,-0.048309178743961345,-1,1.0651333575264004,False,False,0.004054552156284474,-0.004054552156284474,-1,0.9982883862851047,False,True,0.012102874432677657,0.012102874432677657,1,0.9919928825622775,False,False,0.00040093057124823694,1.0341724614725318
2025-10-30,-0.00028810141169688386,-0.00028810141169688386,1,1.0134969226298536,False,False,-0.002347969006809114,0.002347969006809114,-1,0.954770892767667,False,False,-0.001583352182764064,0.001583352182764064,-1,1.036113994261457,False,False,-0.019062748212867353,-0.019062748212867353,1,1.0268280717701932,False,False,0.01179941002949847,-0.01179941002949847,-1,1.1084368729721552,False,False,-0.0018848167539267102,-0.0018848167539267102,1,1.0548770568456387,False,False,-0.010752688172043001,0.010752688172043001,-1,1.076586404381523,False,False,-0.001468428781204123,0.001468428781204123,-1,0.9997543016834676,False,True,-0.008071748878923812,-0.008071748878923812,1,0.983985765124555,False,False,-0.0027727096826769917,1.031305001475049
2025-10-31,0.002305475504322807,0.002305475504322807,1,1.0158335149586832,False,False,0.0025888444339845496,-0.0025888444339845496,-1,0.952299139456195,False,False,-0.0072496601721794285,0.0072496601721794285,-1,1.0436254686194921,False,False,-0.0080971659919028,-0.0080971659919028,1,1.0185136744279244,False,False,-0.005414410662224034,0.005414410662224034,-1,1.1144384053955778,False,False,-0.013638271086865328,-0.013638271086865328,1,1.0404903575810633,False,False,-0.0015527950310558758,0.0015527950310558758,-1,1.0782581224007488,False,False,-0.0003676470588235281,0.0003676470588235281,-1,1.0001218584120277,False,False,-0.003013863773357439,-0.003013863773357439,1,0.9810201660735467,False,False,-0.0011609063175004935,1.0301077529835667
2025-11-03,0.0017251293847038163,0.0017251293847038163,1,1.0175859592053054,False,False,0.014084507042253502,-0.014084507042253502,-1,0.9388864755201923,False,False,-0.011410314924691911,0.011410314924691911,-1,1.0555335638798695,False,False,-0.018775510204081636,-0.018775510204081636,1,0.9993905605407062,False,False,0.04313232830820768,-0.04313232830820768,-1,1.0663700822147804,False,False,-0.00446713465220161,-0.00446713465220161,1,1.0358423470494313,False,False,-0.001166407465007735,0.001166407465007735,-1,1.0795158107239222,False,False,0.00036778227289446797,-0.00036778227289446797,-1,0.9997540313217695,False,False,-0.003929866989117237,-0.003929866989117237,1,0.9771648873072359,False,False,-0.007828364188261407,1.0220436943400597
2025-11-04,-0.0002870264064294137,-0.0002870264064294137,1,1.0172938851642017,False,False,-0.006249999999999978,0.006249999999999978,-1,0.9447545159921936,False,False,-0.005540166204986097,0.005540166204986097,-1,1.0613813952587052,False,False,-0.010815307820299491,-0.010815307820299491,1,0.9885818439957568,False,False,0.002408671216378888,-0.002408671216378888,-1,1.063801547291742,False,False,-0.002136752136752129,-0.002136752136752129,-1,1.0336290087010351,False,True,-0.02452316076294281,0.02452316076294281,-1,1.1059889504964435,False,True,-0.004779411764705865,0.004779411764705865,-1,1.004532267500881,False,False,-0.009104704097116834,-0.009104704097116834,1,0.968268090154211,False,False,0.0018155863395175548,1.0238993029098935
2025-11-05,0.003445305770887197,0.003445305770887197,1,1.0207987736574462,False,False,-0.0013976240391334604,0.0013976240391334604,-1,0.9460749276148244,False,False,-0.003017641597028775,0.003017641597028775,-1,1.0645842639073502,False,False,0.005046257359125228,0.005046257359125228,1,0.9935704824011179,False,False,0.01601922306768122,-0.01601922306768122,-1,1.046760273005931,False,False,-0.006852248394004334,0.006852248394004334,-1,1.0407116914159031,False,True,0.012370311252992927,-0.012370311252992927,-1,1.0923075229364316,False,False,0.005910602142593202,-0.005910602142593202,-1,0.9985948769282863,False,False,-0.003675344563552785,-0.003675344563552785,-1,0.964709371293001,False,True,-0.0020240448740712377,1.0218268847742735
2025-11-06,-0.0025751072961373023,-0.0025751072961373023,1,1.018170107287513,False,False,0.010730114299043692,-0.010730114299043692,-1,0.9359234355060578,False,False,0.016530849825378446,-0.016530849825378446,-1,1.0469857813142367,False,False,0.010041841004184038,0.010041841004184038,1,1.0035477592118403,False,False,0.004729996058336683,-0.004729996058336683,-1,1.0418091010405897,False,False,-0.0017248814144027458,0.0017248814144027458,-1,1.042506795670178,False,False,0.017343318880567615,-0.017343318880567615,-1,1.0733632852505022,False,False,-0.0007344840249724482,0.0007344840249724482,-1,0.9993283289128095,False,False,0.0009222256378726978,-0.0009222256378726978,-1,0.9638196915776986,False,False,-0.004481156172641911,1.017247918922196
2025-11-07,-0.0005737234652897216,-0.0005737234652897216,1,1.0175859592053056,False,False,-0.0018462958689129394,0.0018462958689129394,-1,0.9376514270786515,False,False,-0.008245533669262506,0.008245533669262506,-1,1.0556187378253024,False,False,0.0024855012427507095,0.0024855012427507095,1,1.006042078414521,False,False,-0.003923107100823886,0.003923107100823886,-1,1.045896229722585,False,False,-0.0041036717062634676,0.0041036717062634676,-1,1.046784901311157,False,False,-0.015885315769081698,0.015885315769081698,-1,1.0904139999716453,False,False,-0.0018375597206908845,0.0018375597206908845,-1,1.001164654397765,False,False,-0.0033783783783783994,0.0033783783783783994,-1,0.9670758391843802,False,False,0.004570182221208308,1.0218969272758154
2025-11-10,0.0048794489092995885,0.0048794489092995885,1,1.0225512179040686,False,False,0.0046242774566473965,-0.0046242774566473965,-1,0.9333154667222184,False,False,0.0034642032332563577,-0.0034642032332563577,-1,1.051961859980642,False,False,0.013223140495867813,0.013223140495867813,1,1.019345114162151,False,False,-0.004726270185112291,0.004726270185112291,-1,1.0508394178898441,False,False,0.0006506180871828082,-0.0006506180871828082,-1,1.046103844120974,False,False,-0.0035433070866142113,0.0035433070866142113,-1,1.0942776716250882,False,False,0.0,-0.0,-1,1.001164654397765,False,False,0.002157164869029282,-0.002157164869029282,-1,0.9649896971584047,False,False,0.0017195447811975623,1.0236541248040343
2025-11-11,-0.0037132247929163587,-0.0037132247929163587,1,1.0187542553697204,False,False,-0.002761795166858483,0.002761795166858483,-1,0.9358930928673662,False,False,0.009205983889528202,-0.009205983889528202,-1,1.042277516045262,False,False,-0.00897226753670477,-0.00897226753670477,1,1.0101992770856554,False,False,-0.01068460625247325,0.01068460625247325,-1,1.0620672233045754,False,False,-0.00910273081924573,0.00910273081924573,-1,1.0556262458229855,False,False,-0.041485578822599734,0.041485578822599734,-1,1.1396744142251019,False,False,-0.0014727540500736325,0.0014727540500736325,-1,1.00263912369732,False,False,-0.0030750307503074614,0.0030750307503074614,-1,0.9679570701508967,False,False,0.005187891071378774,1.0289647308982852
2025-11-12,0.013188073394495348,0.013188073394495348,1,1.0321896612604908,False,False,0.009923840295407382,-0.009923840295407382,-1,0.9266054392801756,False,False,-0.0029646522234891837,0.0029646522234891837,-1,1.0453675064006984,False,False,-0.0008230452674896638,-0.0008230452674896638,1,1.0093678373514285,True,False,-0.0023999999999999577,0.0023999999999999577,-1,1.0646161846405062,False,True,0.0019685039370078705,-0.0019685039370078705,-1,1.053548241402074,False,False,0.004946413849958864,-0.004946413849958864,-1,1.134037112918135,False,False,-0.0033185840707964376,0.0033185840707964376,-1,1.0059664659219791,False,False,0.004009870450339292,-0.004009870450339292,-1,0.9640756876981016,False,False,2.2181765397539304e-05,1.0289875551525485
2025-11-13,0.0,0.0,1,1.0321896612604908,False,False,0.007769652650822634,-0.007769652650822634,-1,0.9194060368726057,False,False,0.0009149130832570851,-0.0009149130832570851,-1,1.0444110859922806,False,False,0.020593080724876422,0.020593080724876422,1,1.0301538307071005,False,False,-0.000801924619085792,0.000801924619085792,-1,1.0654699265688465,False,False,0.001091464745688775,-0.001091464745688775,-1,1.0523983306387013,False,False,-0.004101722723543921,0.004101722723543921,-1,1.1386886187135337,False,False,-0.0018497965223824853,0.0018497965223824853,-1,1.007827299192275,False,False,-0.0003072196620583778,0.0003072196620583778,-1,0.9643718707050749,False,False,0.001986412641353167,1.0310315490398985
2025-11-14,-0.009337860780984752,-0.009337860780984752,1,1.0225512179040686,False,False,-0.00952380952380949,0.00952380952380949,-1,0.9281622848428209,False,False,-0.012340036563071255,0.012340036563071255,-1,1.0572991569803023,False,False,-0.01049233252623083,-0.01049233252623083,1,1.0193451141621512,False,False,-0.0008025682182986049,0.0008025682182986049,-1,1.0663250388694636,False,False,0.004797208896641925,-0.004797208896641925,1,1.0473497560041503,True,False,-0.018121911037891292,0.018121911037891292,-1,1.1593238325617194,False,False,-0.002965159377316562,0.002965159377316562,-1,1.0108156677591906,False,False,0.0006146281499692652,-0.0006146281499692652,1,0.9637791406063011,True,False,0.0020568282629511592,1.033152203869958
2025-11-17,-0.00856898029134534,-0.00856898029134534,1,1.0137889966709575,False,False,-0.005265567765567747,0.005265567765567747,-1,0.933049586251105,False,False,0.004164738546968971,-0.004164738546968971,-1,1.0528957824255487,False,False,0.004078303425774976,0.004078303425774976,1,1.0235023128332856,False,False,-0.016465863453815288,0.016465863453815288,-1,1.0838830013568725,False,False,-0.0015190972222222099,-0.0015190972222222099,1,1.0457587298991093,True,False,0.015100671140939603,-0.015100671140939603,-1,1.1418172646203513,False,False,-0.0003717472118959231,0.0003717472118959231,-1,1.0111914356654208,False,False,0.014127764127764175,0.014127764127764175,1,0.9773951849760462,False,False,0.0012173065314824427,1.0344098667957444
2025-11-18,-0.007202535292422985,-0.007202535292422985,-1,1.0064871456433648,False,True,-0.011967779056386685,0.011967779056386685,-1,0.9442161175480114,False,False,0.003225806451612856,-0.003225806451612856,-1,1.0494993444177243,False,False,-0.01380991064175463,-0.01380991064175463,1,1.0093678373514288,False,False,-0.007349938750510376,0.007349938750510376,-1,1.0918494750295649,False,False,-0.017604868506846283,-0.017604868506846283,1,1.027348284969349,False,False,-0.04214876033057846,0.04214876033057846,-1,1.1899434468481513,False,False,-0.0037188545927854255,0.0037188545927854255,-1,1.0149519095801305,False,False,-0.0048455481526347155,-0.0048455481526347155,1,0.9726591695430914,False,False,0.00205518485388772,1.036535770286695
2025-11-19,0.0011607661056296514,-0.0011607661056296514,-1,1.00531884947895,False,True,0.004891684136967056,-0.004891684136967056,-1,0.9395973105439331,False,True,0.01653651814423518,-0.01653651814423518,-1,1.0321442794663978,False,False,-0.02635914332784184,-0.02635914332784184,1,0.9827617658561687,False,False,-0.00493624023035788,0.00493624023035788,-1,1.097239106333701,False,False,-0.006194690265486691,-0.006194690265486691,1,1.0209841805491848,False,False,-0.016824849007765263,0.016824849007765263,-1,1.209964065669151,False,False,0.006718924972004547,-0.006718924972004547,-1,1.008132523849469,False,False,-0.002738892270237381,-0.002738892270237381,1,0.9699951608620543,False,False,-0.004759947776031022,1.0316019141521422
2025-11-20,-0.0017391304347825765,0.0017391304347825765,-1,1.0070672300867396,False,False,-0.0018544274455262189,0.0018544274455262189,-1,0.9413397255843485,False,False,-0.023271577044735703,0.023271577044735703,-1,1.0561639045872833,False,False,-0.02030456852791873,-0.02030456852791873,-1,0.9628072122347237,False,True,-0.0028937577511368717,0.0028937577511368717,-1,1.1004142505025045,False,False,-0.00801424755120217,-0.00801424755120217,1,1.0128017605804023,False,False,-0.022817025010969716,0.022817025010969716,-1,1.2375718460178986,False,False,-0.0014831294030404063,0.0014831294030404063,-1,1.0096277148377515,False,False,-0.0030515715593530945,-0.0030515715593530945,1,0.9670351512164576,False,False,0.002520962161301944,1.0342025435432465
2025-11-21,-0.003193960511033711,0.003193960511033711,-1,1.0102837630515928,False,False,-0.008824895494658591,0.008824895494658591,-1,0.949646950287601,False,False,-0.011103400416377474,0.011103400416377474,-1,1.0678909153252405,False,False,0.010362694300518172,-0.010362694300518172,-1,0.9528299354240011,False,False,0.007877280265339959,-0.007877280265339959,-1,1.0917459790433224,False,False,0.0,0.0,1,1.0128017605804023,False,False,-0.009429726088908796,0.009429726088908796,-1,1.2492418095411928,False,False,-0.00037133308577796953,0.00037133308577796953,1,1.0100026230125891,True,False,0.0009182736455464191,0.0009182736455464191,1,0.9679231541101366,False,False,0.0017335127418272034,1.0359953468301089
2025-11-24,-0.0017477424992717872,0.0017477424992717872,-1,1.0120494789206023,False,False,0.0018744142455482393,-0.0018744142455482393,-1,0.9478669185157406,False,False,-0.007485380116959095,0.007485380116959095,-1,1.0758844847498974,False,False,0.011111111111111072,-0.011111111111111072,-1,0.9422429361415122,False,False,0.006170300287947406,-0.006170300287947406,-1,1.085009578514466,False,False,0.008976660682226134,0.008976660682226134,1,1.0218933383234938,False,False,-0.005893019038984537,0.005893019038984537,-1,1.2566036153091145,False,False,0.00928677563150071,0.00928677563150071,1,1.0193822907597343,True,False,0.007645259938837912,0.007645259938837912,1,0.9753231782241285,False,False,0.0024310013625748286,1.038513852929874
2025-11-25,-0.005252407353370292,0.005252407353370292,-1,1.0173651750456594,False,False,0.003975678203928856,-0.003975678203928856,-1,0.9440985046675723,False,False,-0.014847984916332768,0.014847984916332768,-1,1.0918592013511803,False,False,-0.008453085376162295,0.008453085376162295,-1,0.9502077961258024,False,False,-0.00613246116107935,0.00613246116107935,1,1.091663357614105,True,False,-0.0011120996441280617,-0.0011120996441280617,1,1.0207568911056075,False,False,-0.009575923392612817,0.009575923392612817,-1,1.268636755264195,False,False,0.004416635995583285,0.004416635995583285,1,1.023884531278364,False,False,0.004248861911987811,0.004248861911987811,1,0.9794671917279639,False,False,0.005315509139896856,1.0440340828070322
2025-11-26,0.0011733646230565054,-0.0011733646230565054,-1,1.016171434740531,False,False,-0.0004658746797111535,0.0004658746797111535,-1,0.94453833625605,False,False,0.009569377990430672,-0.009569377990430672,-1,1.0814107879411212,False,False,0.0017050298380221207,-0.0017050298380221207,-1,0.9485876634810867,False,False,0.0032908268202385127,0.0032908268202385127,1,1.0952558326700133,True,False,-0.00044533511467381715,-0.00044533511467381715,1,1.020302312218453,False,False,-0.0013812154696132284,0.0013812154696132284,-1,1.2703890159758857,False,False,-0.0014657383657017409,-0.0014657383657017409,1,1.0223837844388208,False,False,-0.0015110305228165366,-0.0015110305228165366,1,0.9779871869051656,False,False,-0.0011924399427931665,1.0427891348650558
2025-11-27,-0.006445941986522152,0.006445941986522152,-1,1.0227216168572295,False,False,0.002097413190398578,-0.002097413190398578,-1,0.9425572490907494,False,False,0.010426540284360186,-0.010426540284360186,-1,1.0701354147967115,False,False,0.0008510638297871687,-0.0008510638297871687,-1,0.9477803548313156,False,False,0.012300123001230068,0.012300123001230068,1,1.1087276141296691,False,False,0.006237469369570148,0.006237469369570148,1,1.026666416638617,True,False,-0.012448132780082943,0.012448132780082943,-1,1.2862029871291125,False,False,0.0011009174311926717,0.0011009174311926717,1,1.0235093445684782,False,False,-0.0033292978208232515,-0.0033292978208232515,1,0.9747311762950092,False,False,0.0024253632714698664,1.0453182773326453
2025-11-28,0.007962253022707255,-0.007962253022707255,-1,1.01457844857202,False,False,0.005116279069767415,-0.005116279069767415,1,0.9377348631651689,True,False,0.011491557223264559,-0.011491557223264559,-1,1.057837892440933,False,False,0.0008503401360544505,-0.0008503401360544505,1,0.9469744191554387,True,False,-0.021871202916160404,-0.021871202916160404,1,1.0844784075022889,False,False,0.007084348018596476,0.007084348018596476,1,1.0339396788330903,True,False,-0.0037348272642390157,0.0037348272642390157,-1,1.291006733112788,False,False,0.006231671554252305,0.006231671554252305,1,1.029887518636537,False,False,0.0027330701488004205,0.0027330701488004205,1,0.9773951849760462,False,False,-0.0030564128202295406,1.0421233531485856
2025-12-01,-0.0008777062609712782,0.0008777062609712782,-1,1.015468950428578,False,False,0.011800092549745456,0.011800092549745456,1,0.9488002213376407,False,False,0.0030141432877348606,-0.0030141432877348606,-1,1.0546494174579206,False,False,-0.000849617672047609,-0.000849617672047609,1,0.9461698529539472,False,False,-0.004968944099378869,-0.004968944099378869,1,1.0790896949184265,False,False,0.0008793141349747735,0.0008793141349747735,1,1.0348488366073996,False,False,0.024367385192127555,-0.024367385192127555,-1,1.2595482747613984,False,False,0.0029143897996357637,0.0029143897996357637,1,1.0328890123156236,False,False,0.007571168988491861,0.007571168988491861,1,0.984795209090038,False,False,-0.0010174909463855292,1.04106300207174
2025-12-02,0.007906295754026349,-0.007906295754026349,-1,1.0074403525774591,False,False,0.002058083695403612,0.002058083695403612,1,0.950752931603371,False,False,0.007859454461396131,-0.007859454461396131,1,1.0463604483886721,True,False,0.005952380952380931,0.005952380952380931,1,0.9518018163643873,False,False,0.004161464835622075,0.004161464835622075,1,1.0835802887383117,False,False,0.0048319789150010894,0.0048319789150010894,1,1.0398492043660998,False,False,0.003202195791399909,-0.003202195791399909,-1,1.2555149545768924,False,False,0.002542680711950629,0.002542680711950629,1,1.0355153192848243,False,False,-0.0015028554253080362,-0.0015028554253080362,1,0.9833152042672397,False,False,-0.00010269025797467653,1.0409560950434893
2025-12-03,0.0,-0.0,-1,1.0074403525774591,False,False,0.001369237790963096,0.001369237790963096,1,0.9520547384471914,False,False,0.0011467889908256534,0.0011467889908256534,1,1.0475604030313197,True,False,-0.015215553677092153,-0.015215553677092153,1,0.9373196247375412,False,False,-0.0016576875259013413,-0.0016576875259013413,1,1.0817840512103576,False,False,-0.007431693989071064,-0.007431693989071064,1,1.032121363284472,False,False,-0.02371181030551761,0.02371181030551761,-1,1.2852854870155603,False,False,-0.0014492753623188692,-0.0014492753623188692,1,1.0340145724452812,False,False,0.0006020469596628164,0.0006020469596628164,1,0.9839072061963591,False,False,0.00011951927695397213,1.0410805093633098
2025-12-04,0.0020337013364322143,-0.0020337013364322143,1,1.0053915197860466,True,False,0.005469462169553241,0.005469462169553241,1,0.9572619658224721,False,False,-0.007331042382588748,-0.007331042382588748,1,1.0398806933183753,False,False,-0.0025751072961373023,-0.0025751072961373023,1,0.9349059261330669,False,False,-0.00581154005811535,-0.00581154005811535,1,1.0754972198625183,False,False,-0.0090288482713059,-0.0090288482713059,1,1.022802496097803,False,False,0.019617001401214473,-0.019617001401214473,-1,1.2600720398158154,False,False,0.0007256894049347817,0.0007256894049347817,1,1.034764945865053,False,False,0.002406738868832692,0.002406738868832692,1,0.9862752139128365,False,False,-0.004199483366941475,1.0367085090805916
2025-12-05,0.0026094520150767853,0.0026094520150767853,1,1.0080150407132933,True,False,0.015412511332729029,0.015412511332729029,1,0.9720157767191014,False,False,0.01200092314793455,0.01200092314793455,1,1.0523602216019101,False,False,-0.02151462994836484,-0.02151462994836484,1,0.9147917710957807,False,False,-0.007515657620041805,-0.007515657620041805,1,1.0674141509867248,False,False,-0.016444444444444484,-0.016444444444444484,1,1.0059830772730836,False,False,0.044434264773247856,-0.044434264773247856,-1,1.204081665165273,False,False,-0.0029006526468455807,-0.0029006526468455807,1,1.0317634521859664,False,False,-0.0036014405762304635,-0.0036014405762304635,1,0.9827232023381204,False,False,-0.007376467057048296,1.029061262915597
2025-12-08,0.0028918449971082616,0.0028918449971082616,1,1.0109300639657899,True,False,-0.0022321428571429047,-0.0022321428571429047,1,0.9698460986460676,False,False,-0.007753705815279344,-0.007753705815279344,1,1.0442005300319068,False,False,-0.0035180299032542273,-0.0035180299032542273,1,0.9115735062898148,False,False,-0.01472444257467398,-0.01472444257467398,1,1.0516970726171264,False,False,0.0011296882060551905,0.0011296882060551905,1,1.00711952449097,False,False,-0.04078947368421049,0.04078947368421049,-1,1.2531955225601723,False,False,0.0,0.0,1,1.0317634521859664,False,False,-0.008734939759036164,-0.008734939759036164,1,0.9741391743658898,False,False,0.0008719717753319243,1.029958575291947
2025-12-09,-0.009803921568627416,-0.009803921568627416,1,1.0010189849073017,False,False,-0.023489932885906062,-0.023489932885906062,1,0.9470644788792136,False,False,-0.00850379223167086,-0.00850379223167086,1,1.0353208656763149,False,False,-0.007060900264783787,-0.007060900264783787,1,0.9051369766778832,False,False,-0.010674637062339842,-0.010674637062339842,1,1.0404705880674132,False,False,-0.014443692168810696,-0.014443692168810696,-1,0.9925730001020235,False,True,-0.010059442158207643,0.010059442158207643,-1,1.2658019704322911,False,False,-0.0007272727272726875,-0.0007272727272726875,1,1.0310130787661949,False,False,-0.01185050136736554,-0.01185050136736554,1,0.9625951367480625,False,False,-0.008499467568729916,1.0212044757841177
2025-12-10,-0.0032032615026208466,-0.0032032615026208466,1,0.9978124593295555,False,False,0.007560137457044647,0.007560137457044647,1,0.9542244165202248,False,False,-0.011590171534538674,-0.011590171534538674,-1,1.0233213192498394,False,True,-0.027555555555555555,-0.027555555555555555,1,0.8801954244316482,False,False,0.00517911091929224,0.00517911091929224,1,1.0458593006512755,False,False,-0.008930615983512746,0.008930615983512746,-1,1.001437288401538,False,False,-0.011547344110854452,0.011547344110854452,-1,1.2804186213610704,False,False,0.0029112081513829047,0.0029112081513829047,1,1.0340145724452814,False,False,0.009225092250922495,0.009225092250922495,-1,0.9714751656848527,False,True,0.0003338355866993788,1.021545390179431
2025-12-11,0.002337131171487039,0.002337131171487039,1,1.0001444779315527,False,False,-0.0009095043201454711,-0.0009095043201454711,-1,0.9533565452910114,False,True,0.013367729831144537,-0.013367729831144537,-1,1.0096418363236572,False,False,0.00822669104204743,0.00822669104204743,1,0.8874365202450712,False,False,-0.0025762129669385514,-0.0025762129669385514,1,1.0431649443593445,False,False,-0.01201478743068396,0.01201478743068396,-1,1.013469344546843,False,False,-0.032710280373831724,0.032710280373831724,-1,1.322301473461666,False,False,0.005079825834542806,0.005079825834542806,1,1.0392671863836827,False,False,-0.013406459475929333,0.013406459475929333,-1,0.9844992081254784,False,False,0.006324636467810414,1.0280062934076835
2025-12-12,-0.0017487612940834119,-0.0017487612940834119,1,0.9983954639800547,False,False,0.00910332271279013,-0.00910332271279013,-1,0.9446778329988766,False,False,-0.010414255959268703,0.010414255959268703,-1,1.020156504834318,False,False,0.020852221214868516,0.020852221214868516,1,0.9059415428793746,False,False,0.010331467929401539,0.010331467929401539,1,1.053942369527069,False,False,-0.013096351730589317,0.013096351730589317,-1,1.0267420955511983,False,False,-0.017874396135265647,0.017874396135265647,-1,1.3459368138085652,False,False,0.0,0.0,1,1.0392671863836827,False,False,-0.0018529956763434496,0.0018529956763434496,-1,0.9863234809014986,False,False,0.007063289404318181,1.0352673993674824
2025-12-15,-0.005547445255474459,-0.005547445255474459,1,0.9928569198003113,False,False,-0.011276499774469984,0.011276499774469984,-1,0.9553304923696352,False,False,-0.007015902712815714,0.007015902712815714,-1,1.0273138236240815,False,False,0.026642984014209503,0.026642984014209503,1,0.930078528924118,False,False,-0.002556455048998707,-0.002556455048998707,1,1.051248013235138,False,False,0.02251184834123232,-0.02251184834123232,-1,1.0036282332105906,False,False,0.043777668470241116,-0.043777668470241116,-1,1.2870148381917612,False,True,0.010108303249097395,0.010108303249097395,1,1.0497724142604852,False,False,0.00030940594059414295,-0.00030940594059414295,-1,0.9860183065571602,False,False,-0.00218434814510535,1.033006014943986
2025-12-16,-0.01086318261890784,-0.01086318261890784,1,0.9820713337660743,False,False,-0.003421532846715314,0.003421532846715314,-1,0.9585991870287466,False,False,-0.009656146961846468,0.009656146961846468,-1,1.037233716880932,False,False,0.01211072664359869,0.01211072664359869,1,0.9413424557449984,False,False,0.007689021785561634,0.007689021785561634,1,1.0593310821109314,True,False,0.08203939745075317,-0.08203939745075317,-1,0.9212911776934297,False,False,0.006126295947219695,-0.006126295947219695,-1,1.2791302044045354,False,False,-0.0032165832737669486,-0.0032165832737669486,1,1.0463957338715129,False,False,0.004021033096195392,-0.004021033096195392,-1,0.9820534943130392,False,False,-0.008154340461013439,1.0245825321998578
2025-12-17,-0.006233303650934996,-0.006233303650934996,1,0.9759497849358316,False,False,0.003204394598306237,-0.003204394598306237,-1,0.9555274569718909,False,False,-0.008085612366230732,0.008085612366230732,-1,1.0456203866488158,False,False,0.0,0.0,1,0.9413424557449984,True,False,-0.011869436201780381,-0.011869436201780381,1,1.0467574194152527,True,False,0.002355964874705574,-0.002355964874705574,-1,0.9191206480394079,False,False,-0.005152224824355955,0.005152224824355955,-1,1.2857205707972519,False,False,-0.0014342058085334841,-0.0014342058085334841,1,1.0448949870319697,False,False,-0.00030807147258160583,0.00030807147258160583,-1,0.9823560369791862,False,False,-0.001283488496788042,1.0232674923057694
2025-12-18,0.0026881720430107503,0.0026881720430107503,1,0.9785733058630784,False,False,0.0018252338580879712,-0.0018252338580879712,-1,0.9537833959050931,False,False,0.0031167585710860646,-0.0031167585710860646,-1,1.042361440346626,False,False,0.01965811965811959,0.01965811965811959,1,0.9598474783793017,False,False,0.0038610038610038533,0.0038610038610038533,1,1.0507989538531495,False,False,0.005982905982905962,-0.005982905982905962,1,0.9136216356152405,True,False,0.06073446327683607,-0.06073446327683607,-1,1.2076330220058935,False,False,0.0025134649910232287,0.0025134649910232287,1,1.0475212940011702,False,False,0.00986132511556237,-0.00986132511556237,1,0.972668704719299,True,False,-0.005866658472369002,1.017264331402534
2025-12-19,0.005659815311289895,0.005659815311289895,1,0.9841118500428219,False,False,0.010475973582327436,-0.010475973582327436,-1,0.9437915862463288,False,False,-0.009082217973231388,0.009082217973231388,-1,1.0518283941547453,False,False,-0.014249790444258226,-0.014249790444258226,1,0.946169852953947,False,False,-0.007264957264957239,-0.007264957264957239,1,1.0431649443593445,False,False,-0.011894647408666081,-0.011894647408666081,1,0.9027544283946684,False,False,-0.016422547714158853,0.016422547714158853,-1,1.227465432930979,False,False,0.003939828080229191,0.003939828080229191,1,1.0516483478099141,False,False,-0.0024412572474824534,-0.0024412572474824534,1,0.9702941701945036,True,False,-0.0012469129854202343,1.0159958912981033
2025-12-22,0.0023696682464455776,0.0023696682464455776,1,0.9864438686448191,False,False,0.0015776425512734615,-0.0015776425512734615,-1,0.9423026204803326,False,False,0.014712976362759367,-0.014712976362759367,-1,1.0363528678538674,False,False,-0.005952380952380931,-0.005952380952380931,1,0.9405378895435068,False,False,0.0060266896254843605,0.0060266896254843605,1,1.049451775707184,False,False,-0.01311263972484955,-0.01311263972484955,1,0.8909169348151166,False,False,0.005415162454873723,-0.005415162454873723,-1,1.220818508203916,False,False,0.0039243667499107016,0.0039243667499107016,1,1.0557754016186578,False,False,0.002447231569287167,0.002447231569287167,1,0.9726687047192989,False,False,-0.002889205095001025,1.0130604707924646
2025-12-23,0.004432624113475114,0.004432624113475114,1,0.9908164035235638,True,False,-0.0011251125112511362,0.0011251125112511362,-1,0.9433628169480197,False,False,0.008557166627050083,-0.008557166627050083,-1,1.0274846236792206,False,False,0.0051325919589393365,0.0051325919589393365,1,0.9453652867524556,False,False,0.005134788189987249,0.005134788189987249,1,1.0548404882910463,False,False,0.032019167937268556,0.032019167937268556,1,0.9194433537691183,False,False,0.01032315978456011,-0.01032315978456011,-1,1.2082158036757786,False,False,0.004975124378109541,0.004975124378109541,1,1.0610280155570593,False,False,0.0012206286237412822,0.0012206286237412822,1,0.9738559719816966,False,False,0.003906634589018003,1.0170181278684294
2025-12-24,0.013533392174168934,0.013533392174168934,1,1.004225510485048,True,False,0.006082451002477951,-0.006082451002477951,1,0.9376248588363738,True,False,0.0002356823002591657,-0.0002356823002591657,1,1.027242463739631,True,False,0.007659574468085184,0.007659574468085184,1,0.9526063825658787,False,False,-0.002128565346956157,-0.002128565346956157,1,1.0525951913811036,False,False,0.009075559307724745,0.009075559307724745,1,0.9277878164563433,False,False,0.005775211017325699,-0.005775211017325699,-1,1.2012381024550833,False,False,0.0028288543140029265,0.0028288543140029265,1,1.0640295092361458,False,False,0.0012191405059434057,0.0012191405059434057,1,0.9750432392440944,False,False,0.0022327345669895804,1.0192888593977765
2025-12-25,0.005224963715529718,0.005224963715529718,1,1.0094725523395416,False,False,-0.0024630541871921707,-0.0024630541871921707,1,0.9353154380018014,False,False,0.006361922714420265,0.006361922714420265,1,1.0337777009029132,False,False,0.0,0.0,1,0.9526063825658787,False,False,0.0034129692832765013,0.0034129692832765013,1,1.0561876664370118,False,False,-0.005019870320016717,-0.005019870320016717,1,0.923130441933241,False,False,-0.007067137809187329,0.007067137809187329,-1,1.20972741766678,False,False,0.005289139633286366,0.005289139633286366,1,1.0696573098844329,False,False,-0.0015220700152207556,-0.0015220700152207556,1,0.9735591551660973,False,False,0.002039015403696726,1.021367205082905
2025-12-26,0.013860814322841364,0.013860814322841364,1,1.0234646639515248,False,False,0.005836139169472565,0.005836139169472565,1,0.9407740690653361,False,False,0.0030437836572232424,0.0030437836572232424,1,1.0369242965741232,False,False,0.013513513513513598,0.013513513513513598,1,0.965479441789742,False,False,0.01658163265306123,0.01658163265306123,1,1.0737009823345642,False,False,0.0157662392264033,0.0157662392264033,1,0.9376847373179359,False,False,-0.007562277580071219,0.007562277580071219,-1,1.218875712195399,False,False,0.019642230796211857,0.019642230796211857,1,1.090667765638038,False,False,0.0009146341463415197,0.0009146341463415197,1,0.9744496056128956,False,False,0.010746807229459988,1.0323436415464233
2025-12-29,-0.0037026488180005313,-0.0037026488180005313,1,1.0196751337232794,False,False,0.00736442758312883,0.00736442758312883,1,0.9477023315690533,False,False,-0.006535947712418277,-0.006535947712418277,1,1.0301470135899786,False,False,-0.015833333333333366,-0.015833333333333366,1,0.9501926839614043,False,False,-0.0016729401923881726,-0.0016729401923881726,1,1.0719047448066101,False,False,-0.011382450331125837,-0.011382450331125837,1,0.9270115873691597,False,False,-0.02465262214253694,0.02465262214253694,-1,1.2489241945668679,False,False,-0.0068799449604403096,-0.0068799449604403096,1,1.0831640314403217,False,False,0.0012183978068840418,0.0012183978068840418,1,0.9756368728752934,False,False,-0.0014190908683507425,1.0308786521117048
2025-12-30,0.0008576329331047017,0.0008576329331047017,1,1.0205496406990284,False,False,-0.00022153300841820656,-0.00022153300841820656,1,0.9474923842204558,False,False,0.017152255639097724,0.017152255639097724,1,1.047816358512927,False,False,0.02709568162574083,0.02709568162574083,1,0.9759388024091307,False,False,0.006702974444909859,0.006702974444909859,1,1.0790896949184265,False,False,0.006908101318819249,0.006908101318819249,1,0.9334154773384253,False,False,0.028952205882353033,-0.028952205882353033,-1,1.212765084154316,False,True,0.008659508139937655,0.008659508139937655,1,1.0925436991874669,False,False,-0.0015211439002129623,-0.0015211439002129623,1,0.9741527887972964,False,False,0.0040756968122917575,1.035080200947976
2025-12-31,-0.00856898029134534,-0.00856898029134534,1,1.0118045709415389,False,False,0.01595391092399745,0.01595391092399745,1,0.9626085933194749,False,False,-0.008547008547008517,-0.008547008547008517,1,1.0388606631410215,False,False,-0.0032976092333057982,-0.0032976092333057982,1,0.9727205376031649,False,False,-0.01581356637536413,-0.01581356637536413,1,1.0620254384028627,False,False,-0.0010395010395010118,-0.0010395010395010118,1,0.9324451909794457,False,False,-0.004019651630192023,0.004019651630192023,-1,1.217639977301877,False,False,0.001717032967033072,0.001717032967033072,1,1.094419632736896,False,False,-0.003656307129798919,-0.003656307129798919,1,0.9705909870101034,False,False,-0.0021369307883445745,1.0328683061981645
2026-01-05,0.002304811293575293,0.002304811293575293,1,1.014136589543536,False,False,0.03140676117775354,0.03140676117775354,1,0.9928410115175129,False,False,-0.011183597390493905,-0.011183597390493905,1,1.027242463739631,False,False,-0.026468155500413593,-0.026468155500413593,1,0.9469744191554385,False,False,-0.0016913319238900382,-0.0016913319238900382,1,1.0602292008749086,False,False,-0.008532778355879289,-0.008532778355879289,1,0.9244888428358126,False,False,-0.030941704035874484,0.030941704035874484,-1,1.2553158331018004,False,False,0.004799451491258155,0.004799451491258155,1,1.0996722466752973,False,False,-0.006727828746177389,-0.006727828746177389,1,0.9640610170669162,False,False,0.001649892897956362,1.034572428281085
2026-01-06,0.0071859729807415285,0.0071859729807415285,-1,1.0214241476747772,False,True,0.03171917953055625,0.03171917953055625,1,1.0243331138071359,False,False,0.001413760603204528,0.001413760603204528,1,1.0286947386648047,False,False,0.011045029736618472,0.011045029736618472,1,0.9574337797748272,False,False,0.01228293096145694,0.01228293096145694,1,1.0732519229525757,False,False,0.03253568429890841,0.03253568429890841,1,0.9545677199641817,False,False,0.01434521055067095,-0.01434521055067095,-1,1.2373080631683642,False,False,0.013647219379051556,0.013647219379051556,1,1.1146797150707295,False,False,0.00461822660098532,0.00461822660098532,1,0.9685132693009075,False,False,0.011122532615650228,1.0460794938578941
2026-01-07,0.01769406392694073,-0.01769406392694073,-1,1.0033510035092987,False,False,0.0006148800983807323,0.0006148800983807323,1,1.0249629558529283,False,False,0.007294117647058895,0.007294117647058895,1,1.0361981591115363,False,False,0.06806722689075628,0.06806722689075628,1,1.0226036420956348,False,False,0.012133891213389036,0.012133891213389036,1,1.0862746450302427,False,False,0.010774547672291135,0.010774547672291135,1,0.964852755369366,False,False,0.06204379562043805,-0.06204379562043805,-1,1.1605407745776262,False,False,0.012117132278693932,0.012117132278693932,1,1.1281864366266183,False,False,0.021146184492798037,0.021146184492798037,1,0.9889936295772676,False,False,0.005823346749554364,1.052171177478227
2026-01-08,-0.025799214806505932,0.025799214806505932,-1,1.0292366715751586,False,False,-0.02642359688652196,-0.02642359688652196,1,0.9978797478838525,False,False,0.005839757066105955,0.005839757066105955,1,1.0422493046330938,False,False,-0.025177025963807997,-0.025177025963807997,1,0.9968575236479084,False,False,-0.02521703183133528,-0.02521703183133528,1,1.0588820227289426,False,False,-0.013475462590506804,-0.013475462590506804,1,0.9518509181590387,False,False,0.022336769759450092,-0.022336769759450092,-1,1.1346180424994319,False,False,-0.019620884602593924,-0.019620884602593924,1,1.106050420743356,False,False,-0.004501800720288163,-0.004501800720288163,1,0.9845413773432762,False,False,-0.011679288942432482,1.0398825662795592
2026-01-09,0.0014392630972941411,-0.0014392630972941411,-1,1.0277553292153787,False,False,0.026088786029875966,0.026088786029875966,1,1.023913219109941,False,False,0.008128193218764457,0.008128193218764457,1,1.0507209083632745,False,False,-0.0088781275221953,-0.0088781275221953,1,0.9880072954315025,False,False,-0.008481764206955011,-0.008481764206955011,1,1.049900835089172,False,False,-0.0016309887869521145,-0.0016309887869521145,1,0.9502984599846712,False,False,0.004621848739495782,-0.004621848739495782,-1,1.1293740095298967,False,False,-0.004409769335142477,-0.004409769335142477,1,1.1011729935148404,False,False,-0.00693397648477545,-0.00693397648477545,1,0.9777145905844895,False,False,-0.00024208432490776163,1.0396308270105181
2026-01-12,0.004599022707674649,-0.004599022707674649,-1,1.0230286591183835,False,False,0.010867336477342615,0.010867336477342615,1,1.0350404285856076,False,False,0.004837595024187902,0.004837595024187902,1,1.0558038706013828,False,False,0.008957654723126929,0.008957654723126929,1,0.9968575236479084,False,False,-0.0034217279726261873,-0.0034217279726261873,1,1.0463083600332639,False,False,0.008780886256891884,0.008780886256891884,1,0.9586429226718961,False,False,0.03554997908824764,-0.03554997908824764,1,1.0892247871082985,True,False,-0.0034071550255536653,-0.0034071550255536653,1,1.0974211264159823,False,False,0.005160898603521646,0.005160898603521646,1,0.9827604764496798,False,False,-0.000930390412114574,1.0386635644569286
2026-01-13,-0.006580829756795414,0.006580829756795414,-1,1.0297610365603642,False,False,-0.011156186612576113,-0.011156186612576113,1,1.0234933244127458,False,False,0.0061898211829436445,0.0061898211829436445,1,1.0623391077646651,False,False,-0.021791767554479424,-0.021791767554479424,1,0.9751342362076392,False,False,-0.006866952789699621,-0.006866952789699621,1,1.0391234099214475,False,False,-0.010526315789473717,-0.010526315789473717,1,0.9485519445385077,False,False,-0.03796445880452337,-0.03796445880452337,1,1.0478729575492598,False,False,0.009230769230769154,0.009230769230769154,1,1.107551167582899,False,False,-0.0024161884627000862,-0.0024161884627000862,1,0.9803859419248845,False,False,-0.007635605538104902,1.0307327391919334
2026-01-14,0.0014400921658985766,-0.0014400921658985766,-1,1.028278085758866,False,False,0.009025641025641074,0.009025641025641074,1,1.0327310077510352,False,False,-0.0034176349965823194,-0.0034176349965823194,1,1.0587084204517305,False,False,0.008250825082508184,0.008250825082508184,1,0.9831798982225536,False,False,-0.010803802938634366,-0.010803802938634366,1,1.0278969253717343,False,False,-0.0020458265139116083,-0.0020458265139116083,1,0.9466113718205483,False,False,0.0046179680940385825,0.0046179680940385825,1,1.052712001433828,False,False,0.003387533875338855,0.003387533875338855,1,1.1113030346817572,False,False,0.0009082652134422275,0.0009082652134422275,1,0.9812763923716826,False,False,0.0009425418528824503,1.0317042479377578
2026-01-15,0.009490940465918918,-0.009490940465918918,-1,1.0185187596645195,False,False,-0.008944907501524657,-0.008944907501524657,1,1.0234933244127458,False,False,-0.01943301326017377,-0.01943301326017377,1,1.0381345256784344,False,False,-0.023731587561374834,-0.023731587561374834,1,0.9598474783793015,False,False,-0.002621231979030192,-0.002621231979030192,1,1.025202569079803,False,False,-0.0020500205002049743,-0.0020500205002049743,1,0.944670799102589,False,False,-0.007521938988717114,-0.007521938988717114,1,1.0447935659863525,False,False,-0.009115462525320694,-0.009115462525320694,1,1.1011729935148404,False,False,0.0003024803387778885,0.0003024803387778885,1,0.981573209187282,False,False,-0.009178513604831918,1.0222347364618982
2026-01-16,-0.004273504273504258,0.004273504273504258,-1,1.02287140393659,False,False,-0.018461538461538418,-0.018461538461538418,1,1.0045980630389721,False,False,0.011191419911401157,0.011191419911401157,1,1.049752725079825,False,False,-0.0008382229673092878,-0.0008382229673092878,-1,0.9590429121778101,False,True,-0.012264564169951808,-0.012264564169951808,1,1.0126289063841243,False,False,-0.013352506162695121,-0.013352506162695121,1,0.9320570764358536,False,False,-0.013894736842105293,-0.013894736842105293,1,1.0302764343326474,False,False,-0.005792163543441253,-0.005792163543441253,1,1.0947948194467818,False,False,0.002419110976715988,0.002419110976715988,1,0.9839477437120773,False,False,-0.00519107744282442,1.0169282367801793
2026-01-19,-0.01659513590844064,0.01659513590844064,-1,1.0398460939017753,False,False,0.006896551724137945,0.006896551724137945,1,1.0115263255426892,False,False,-0.0029974636845745417,-0.0029974636845745417,1,1.046606129408615,False,False,0.0,-0.0,-1,0.9590429121778101,False,False,-0.015077605321507814,-0.015077605321507814,1,0.9973608873965144,False,False,-0.0004164064126587208,-0.0004164064126587208,1,0.9316689618922618,False,False,0.002988898377455085,0.002988898377455085,-1,1.0333558258955544,False,True,-0.0030843043180260876,-0.0030843043180260876,1,1.0914181390578095,False,False,-0.004826546003016574,-0.004826546003016574,1,0.9791986746624866,False,False,8.69558558332558e-06,1.0169370795666943
2026-01-20,0.002327611288914788,-0.002327611288914788,-1,1.0374257363948756,False,False,-0.00581154005811535,-0.00581154005811535,1,1.0056477997819595,False,False,0.011563367252543921,0.011563367252543921,-1,1.0587084204517303,False,True,-0.012583892617449632,0.012583892617449632,-1,0.9711114052001818,False,False,0.0036019810895993043,0.0036019810895993043,1,1.0009533624524227,False,False,0.0012497396375754644,0.0012497396375754644,1,0.9328333055230373,False,False,-0.04299702000851424,0.04299702000851424,-1,1.0777870470175002,False,False,-0.0013750429700928324,-0.0013750429700928324,1,1.0899173922182663,False,False,-0.006971809639284676,-0.006971809639284676,1,0.9723718879036999,False,False,0.0061677774054749905,1.0232093211088353
2026-01-21,-0.0063860667634252355,0.0063860667634252355,-1,1.0440508064095888,False,False,0.008559498956158595,0.008559498956158595,1,1.0142556410744563,False,False,0.009602194787379892,-0.009602194787379892,-1,1.0485424959755134,False,False,-0.011894647408666081,0.011894647408666081,-1,0.9826624329595722,False,False,-0.0004486316733961493,-0.0004486316733961493,1,1.0005043030704341,False,False,-0.013313917204077375,-0.013313917204077375,1,0.9204136401280978,False,False,0.004448398576512469,-0.004448398576512469,-1,1.072992620651764,False,False,0.000688468158347666,0.000688468158347666,1,1.090667765638038,False,False,0.0030525030525030417,0.0030525030525030417,1,0.9753400560596941,False,False,0.00030756023308163723,1.0235240196061268
2026-01-22,0.0014607069821794827,-0.0014607069821794827,-1,1.0425257541069162,False,False,-0.00413992962119647,-0.00413992962119647,1,1.0100566941025066,False,False,0.0126811594202898,-0.0126811594202898,-1,1.0352457614250994,False,False,0.018916595012897774,-0.018916595012897774,-1,0.9640738056808872,False,False,0.009874326750448859,0.009874326750448859,1,1.0103836094741818,False,False,0.02234872443601099,0.02234872443601099,1,0.9409837109384664,False,False,0.0022143489813994943,-0.0022143489813994943,-1,1.0706166405351745,False,False,0.013415892672858698,0.013415892672858698,1,1.1053000473235843,False,False,0.000304321363359783,0.000304321363359783,1,0.9756368728752935,False,False,0.0007256139116350343,1.0242667028736456
2026-01-23,-0.0026254375729287682,0.0026254375729287682,-1,1.0452628403924942,False,True,0.00976927873622957,0.00976927873622957,1,1.0199242194865885,False,False,-0.003801431127012478,0.003801431127012478,-1,1.0391811768866885,False,False,0.010970464135021007,-0.010970464135021007,-1,0.9534974685721518,False,False,-0.00666666666666671,-0.00666666666666671,1,1.003647718744354,False,False,0.014848422355124846,0.014848422355124846,1,0.9549558345077735,False,False,0.0225364560318162,-0.0225364560318162,-1,1.0464887356888228,False,False,-0.002376103190767087,-0.002376103190767087,1,1.1026737403543838,False,False,0.005476118040766753,0.005476118040766753,1,0.9809795755560832,False,False,-0.0006698891324676209,1.0235805577406423
2026-01-26,-0.001462415911085091,0.001462415911085091,-1,1.0467914494015502,False,False,-0.003087690407575172,-0.003087690407575172,1,1.0167750092576262,False,False,0.020426487093153867,-0.020426487093153867,-1,1.017954355989564,False,False,0.005843071786310494,-0.005843071786310494,1,0.9479261144152193,True,False,0.015212527964205913,0.015212527964205913,1,1.018915737731964,True,False,0.007722007722007707,0.007722007722007707,1,0.9623300108360189,False,False,0.002160760587726962,-0.002160760587726962,-1,1.0442275240732461,False,False,-0.003062266076896858,-0.003062266076896858,1,1.0992970599654117,False,False,-0.0009077155824508409,-0.0009077155824508409,1,0.9800891251092849,False,False,-0.001232337770757276,1.0223191607579256
2026-01-27,-0.004100761570005829,0.004100761570005829,-1,1.051084091549067,False,False,0.003716704521990577,0.003716704521990577,1,1.020554061532381,False,False,0.016058073031236297,-0.016058073031236297,-1,1.0016079705986185,False,False,-0.009128630705394158,-0.009128630705394158,1,0.9392728469807236,True,False,0.0008814455707359947,0.0008814455707359947,1,1.019813856495941,False,False,-0.009679370840895318,-0.009679370840895318,1,0.9530152617898142,False,False,-0.03708495040965931,0.03708495040965931,-1,1.0829526500199038,False,False,-0.005802047781570008,-0.005802047781570008,1,1.0929188858973529,False,False,-0.003937007874015741,-0.003937007874015741,1,0.9762305065064925,False,False,0.00013097020436446548,1.0224530541073358
2026-01-28,-0.0002941176470587781,0.0002941176470587781,-1,1.0513932339289342,False,False,0.054926969759308886,0.054926969759308886,1,1.0766100036079098,False,False,0.0034639532366314008,-0.0034639532366314008,-1,0.9981384474270276,False,False,0.003350083752093891,0.003350083752093891,1,0.9424194896841767,False,False,0.011448701012769735,0.011448701012769735,1,1.0314894004276427,False,False,0.00040724903278355207,0.00040724903278355207,1,0.9534033763334061,False,False,0.016121809225257522,-0.016121809225257522,1,1.065493493996296,True,False,0.025746652935118464,0.025746652935118464,1,1.1210578891387883,False,False,-0.002736394040741885,-0.002736394040741885,1,0.9735591551660977,False,False,0.008205735292944723,1.0308430332188034
2026-01-29,0.011179758752574376,-0.011179758752574376,-1,1.0396389112195197,False,False,-0.0019500780031200815,-0.0019500780031200815,1,1.074510530121935,False,False,0.009924487594390463,-0.009924487594390463,-1,0.9882324347880539,False,False,0.02170283806343898,0.02170283806343898,1,0.9628726672566211,False,False,0.012189812799303423,0.012189812799303423,1,1.0440630631233214,False,False,-0.0036637492367188607,-0.0036637492367188607,1,0.9499103454410794,False,False,0.026884089907448283,0.026884089907448283,1,1.0941383168846934,False,False,-0.002008032128514081,-0.002008032128514081,1,1.1188067688794734,False,False,0.008536585365853666,0.008536585365853666,1,0.9818700260028814,False,False,0.0045096911578584985,1.0354918169308505
2026-01-30,-0.018620890311317972,0.018620890311317972,-1,1.0589979133487162,False,False,-0.0402500976944119,-0.0402500976944119,1,1.031261376310853,False,False,-0.013031403546250764,0.013031403546250764,-1,1.001110490443271,False,False,-0.016339869281045805,-0.016339869281045805,1,0.947139453739356,False,False,-0.01634408602150539,-0.01634408602150539,1,1.0269988066077576,False,False,0.034320735444330897,0.034320735444330897,1,0.9825119671027956,False,False,-0.008154506437768272,-0.008154506437768272,1,1.0852161589358482,False,False,-0.01609657947686116,-0.01609657947686116,1,1.1007978068049546,False,False,-0.006045949214026569,-0.006045949214026569,1,0.975933689690893,False,False,-0.004139784313746607,1.0312051041501071
2026-02-02,-0.010969463385710032,0.010969463385710032,-1,1.0706145521847383,False,False,-0.062092833876221554,-0.062092833876221554,1,0.9672274349886195,False,False,-0.024458874458874513,0.024458874458874513,-1,1.0255965262484854,False,False,-0.0008305647840531893,-0.0008305647840531893,1,0.9463527930634927,False,False,-0.00480979449059904,-0.00480979449059904,1,1.0220591534058838,False,False,-0.009678056488248044,-0.009678056488248044,1,0.9730031607847951,False,False,-0.012115967113803583,-0.012115967113803583,1,1.0720677156428133,False,False,-0.006475800954328537,-0.006475800954328537,1,1.0936692593171244,False,False,-0.00821167883211682,-0.00821167883211682,1,0.9679196356697086,False,False,-0.0076429287438651355,1.0233236770187777
2026-02-03,-0.0023980815347721673,0.0023980815347721673,-1,1.0731819731731909,False,False,0.03364445409159966,0.03364445409159966,-1,0.9997692740212298,False,True,0.008875083203905065,-0.008875083203905065,-1,1.016494271744394,False,True,-0.0016625103906899863,-0.0016625103906899863,1,0.9447794717117662,False,False,-0.011862917398945516,-0.011862917398945516,1,1.0099345500921937,False,False,0.011368169126446004,0.011368169126446004,1,0.9840644252771632,False,False,0.0227770477441962,0.0227770477441962,1,1.096486253187021,False,False,0.005145797598627766,0.005145797598627766,1,1.0992970599654115,False,False,0.0012266176019626318,0.0012266176019626318,1,0.9691069029321063,False,False,0.006017739633784874,1.029481772468164
2026-02-04,-0.0030048076923077094,0.0030048076923077094,-1,1.0764066786214277,False,False,0.006089878202435894,-0.006089878202435894,-1,0.9936808009119028,False,False,0.00483835495931384,-0.00483835495931384,-1,1.0115761116435855,False,True,0.023313905079100694,0.023313905079100694,1,0.9668059706359372,False,False,-0.0008892841262783113,-0.0008892841262783113,-1,1.0090364313282167,False,True,0.016564780122263922,0.016564780122263922,1,1.0003652361080215,False,False,0.03554603854389726,0.03554603854389726,1,1.1354619958056602,False,False,0.0020477815699657675,0.0020477815699657675,1,1.1015481802247262,False,False,0.0027565084226646164,0.0027565084226646164,1,0.9717782542725011,False,False,0.007935144904685769,1.0376508595094316
2026-02-05,-0.002109704641350185,0.002109704641350185,-1,1.0786775787872955,False,False,-0.02379461490294299,0.02379461490294299,-1,1.0173250529060494,False,False,-0.01050558108995403,0.01050558108995403,-1,1.0222033065131177,False,False,-0.016273393002441017,-0.016273393002441017,1,0.9510727571186721,False,False,-0.004005340453938633,0.004005340453938633,-1,1.0130779657661135,False,True,-0.019980601357904915,-0.019980601357904915,1,0.9803773371130408,False,False,-0.03060380479735314,-0.03060380479735314,1,1.1007125385312109,False,False,-0.00476839237057225,-0.00476839237057225,1,1.096295566286325,False,False,-0.003359804520464249,-0.003359804520464249,1,0.9685132693009075,False,False,-0.003841194995616637,1.0336650402206866
2026-02-06,-0.0027182120205375693,0.0027182120205375693,-1,1.0816096531482395,False,False,-0.002993371819542401,0.002993371819542401,-1,1.0203702850507328,False,False,-0.0017695200176951476,0.0017695200176951476,-1,1.0240121157261468,False,False,-0.01571546732837059,-0.01571546732837059,1,0.9361262042772703,False,False,0.00044682752457547714,-0.00044682752457547714,-1,1.0126252946464682,False,False,-0.014053840063341205,-0.014053840063341205,1,0.9665992708155298,False,False,-0.028583617747440226,-0.028583617747440226,1,1.0692501920800201,False,False,-0.002053388090349051,-0.002053388090349051,1,1.0940444460270102,False,False,-0.003677597303095359,-0.003677597303095359,1,0.9649514675137144,False,False,-0.006338848244377421,1.0271127943952094
2026-02-09,0.004542701393094983,-0.004542701393094983,-1,1.076696223470098,False,False,0.009650439631138763,-0.009650439631138763,-1,1.0105232632134429,False,False,-0.001329492576999769,0.001329492576999769,-1,1.0253735322327626,False,False,-0.007563025210084007,-0.007563025210084007,-1,0.929046258194501,False,True,-0.00044662795891026175,0.00044662795891026175,-1,1.0130775614149572,False,False,0.0022083918891788734,0.0022083918891788734,1,0.968733900805285,False,False,0.00746596398770305,0.00746596398770305,1,1.077233175507934,False,False,0.0,0.0,1,1.0940444460270102,False,False,-0.0036911719470932303,-0.0036911719470932303,1,0.9613896657265213,False,False,-0.001555206863179892,1.0255154215281062
2026-02-10,0.006331022007838305,-0.006331022007838305,-1,1.0698796359835525,False,False,0.002548853016142827,-0.002548853016142827,-1,1.0079475879461188,False,False,-0.008209451963612113,0.008209451963612113,-1,1.033791286990387,False,False,-0.008467400508044065,0.008467400508044065,-1,0.9369128649531336,False,True,0.002680965147453085,-0.002680965147453085,-1,1.0103615357811369,False,False,-0.0042067307692307265,-0.0042067307692307265,-1,0.9646586980975704,False,True,-0.02441150828247607,-0.02441150828247607,-1,1.050936288921864,False,True,0.005144032921810648,0.005144032921810648,1,1.0996722466752973,False,False,-0.005866008027168856,-0.005866008027168856,1,0.9557501462301323,False,False,-0.0026915779840936713,1.0227551667971726
2026-02-11,0.0038945476333134277,-0.0038945476333134277,1,1.0657129387793025,True,False,0.005508474576271238,-0.005508474576271238,-1,1.0023953342837038,False,False,-0.0038031319910514227,0.0038031319910514227,-1,1.0377229317060104,False,False,0.005977796754910392,-0.005977796754910392,-1,0.931312190269383,False,False,0.019607843137254832,-0.019607843137254832,-1,0.9905505252756245,False,False,0.003822168577750862,-0.003822168577750862,-1,0.9609716099334479,False,False,0.004021447721179516,-0.004021447721179516,-1,1.0467100035776744,False,True,0.0061412487205732,0.0061412487205732,1,1.1064256074532417,False,False,0.00248447204968949,0.00248447204968949,1,0.9581246807549277,False,False,-0.0033781584043740174,1.0193001378348396
2026-02-12,-0.003282602208296015,-0.003282602208296015,1,1.062214627133056,True,False,-0.001685630004214067,0.001685630004214067,-1,1.0040850019352565,False,False,-0.01392319784414997,0.01392319784414997,-1,1.0521713533915646,False,False,-0.01358234295415961,0.01358234295415961,-1,0.9439615918350114,False,False,0.006555944055943952,-0.006555944055943952,-1,0.9840565314473316,False,False,-0.010420841683366766,0.010420841683366766,-1,0.9709857429427745,False,False,-0.0031152647975077885,0.0031152647975077885,-1,1.049970782405019,False,False,0.003051881993896277,0.003051881993896277,1,1.109802287842214,True,False,-0.0030978934324659146,-0.0030978934324659146,1,0.9551565125989335,False,False,0.003649191064509844,1.0230197587898802
2026-02-13,0.0,0.0,1,1.062214627133056,False,False,-0.017940059096665295,0.017940059096665295,-1,1.0220983462080502,False,False,-0.009565019357777316,0.009565019357777316,-1,1.0622353927544539,False,False,-0.0103270223752151,0.0103270223752151,-1,0.9537099043152353,False,False,0.002605297438124099,-0.002605297438124099,1,0.9814927714869827,True,False,-0.006682867557715633,0.006682867557715633,-1,0.9774747120632911,False,False,0.0008928571428572507,-0.0008928571428572507,-1,1.0490333084921573,False,False,-0.0033806626098715764,-0.0033806626098715764,1,1.106050420743356,False,False,0.0012430080795524656,0.0012430080795524656,1,0.9563437798613311,False,False,0.0043199065862303205,1.0274391085837202
2026-02-24,-0.00179640718562879,-0.00179640718562879,1,1.060306457144194,False,False,0.01590371803137769,-0.01590371803137769,-1,1.0058431823096199,False,False,0.014486088756035853,-0.014486088756035853,-1,1.0468477565752103,False,False,0.016521739130434865,-0.016521739130434865,-1,0.937952958070027,False,False,-0.00822867042009523,-0.00822867042009523,1,0.9734163909507104,False,False,0.008766564729867588,-0.008766564729867588,-1,0.9689056167281795,False,False,-0.017395182872435355,0.017395182872435355,-1,1.0672814347326542,False,False,0.036974219810040676,0.036974219810040676,1,1.1469457721209086,False,False,-0.008379888268156388,-0.008379888268156388,1,0.9483297258401469,False,False,-0.002190408204346708,1.0251885975308117
2026-02-25,0.0038992201559688855,0.0038992201559688855,1,1.0644408254533946,False,False,0.00846202665538387,-0.00846202665538387,-1,0.9973317104897798,False,False,0.0027198549410698547,-0.0027198549410698547,-1,1.0440004825319413,False,False,0.018819503849443864,-0.018819503849443864,-1,0.9203011487650309,False,False,0.009606986899563408,0.009606986899563408,1,0.9827679894663942,False,False,0.0030315278900565623,-0.0030315278900565623,-1,0.9659683523282356,False,False,0.022242396731729563,-0.022242396731729563,-1,1.043542537636921,False,False,0.006215243702976769,0.006215243702976769,1,1.1540743196087389,False,False,0.012832550860719882,0.012832550860719882,1,0.960499215279723,False,False,-0.0025245898276060855,1.0226004168261078
2026-02-26,0.0035853002688974733,0.0035853002688974733,1,1.0682571654311181,False,False,0.0004195510803439717,-0.0004195510803439717,-1,0.9969132788931825,False,False,-0.015144665461121143,0.015144665461121143,-1,1.0598115205811367,False,False,0.0,-0.0,-1,0.9203011487650309,False,False,-0.00692041522491349,-0.00692041522491349,1,0.9759668269095334,False,False,-0.021761031634092265,0.021761031634092265,-1,0.9869888202007825,False,False,-0.03197158081705154,0.03197158081705154,-1,1.0769062422150109,False,False,-0.0019505851755526882,-0.0019505851755526882,1,1.151823199349424,False,False,-0.005562422744128548,-0.005562422744128548,1,0.9551565125989335,False,False,0.0064010671062470804,1.029146150717088
2026-02-27,0.002679368859779707,0.002679368859779707,1,1.0711194204144108,False,False,-0.00041937513105472224,0.00041937513105472224,-1,0.9973313595301684,False,False,0.007574018820289297,-0.007574018820289297,-1,1.0517844881782958,False,False,0.0025188916876575096,-0.0025188916876575096,-1,0.917983009851265,False,False,-0.003919860627177751,-0.003919860627177751,1,0.9721411729712991,False,False,-0.012976313079299695,0.012976313079299695,-1,0.9997962961374764,False,False,0.0032110091743118296,-0.0032110091743118296,-1,1.0734482863913848,False,False,0.002931596091205302,0.002931596091205302,1,1.1551998797383962,False,False,-0.0009322560596644047,-0.0009322560596644047,1,0.9542660621521353,False,False,9.451297691540382e-05,1.0292434183834733
2026-03-02,0.0032660332541567527,0.0032660332541567527,1,1.0746177320606574,False,False,0.026431718061673992,-0.026431718061673992,-1,0.970970178221001,False,False,0.01343963553530747,-0.01343963553530747,-1,1.0376488879954897,False,False,-0.005025125628140725,0.005025125628140725,-1,0.9225959898002662,False,False,0.003498032356799241,0.003498032356799241,1,0.9755417542497294,False,False,0.015859766277128484,-0.015859766277128484,-1,0.9839397605559973,False,False,0.0004572473708275293,-0.0004572473708275293,-1,1.072957454984713,False,False,-0.011042546281260113,-0.011042546281260113,1,1.142443531602279,False,False,0.0012441679626749025,0.0012441679626749025,1,0.9554533294145329,False,False,-0.006021950480491774,1.023045365485596
2026-03-03,-0.0032554010062149086,-0.0032554010062149086,1,1.0711194204144108,False,False,-0.022889842632331958,0.022889842632331958,-1,0.9931955328011671,False,False,0.010788941335131419,-0.010788941335131419,-1,1.026453755016442,False,False,0.025252525252525304,-0.025252525252525304,-1,0.8992981112699564,False,False,0.006535947712418277,0.006535947712418277,1,0.9819178441467865,False,False,0.014585045193097779,-0.014585045193097779,-1,0.9695889546810023,False,False,0.030164533820840944,-0.030164533820840944,-1,1.0405921935455031,False,False,0.0019704433497536034,0.0019704433497536034,1,1.1446946518615937,False,False,0.0,0.0,1,0.9554533294145329,False,False,-0.005850023657034058,1.0170605258952863
2026-03-04,0.0,0.0,1,1.0711194204144108,False,False,0.037230704873457476,-0.037230704873457476,-1,0.9562181630378105,False,False,0.0008894818768068191,-0.0008894818768068191,-1,1.0255407430039747,False,False,-0.012315270935960632,0.012315270935960632,-1,0.9103732111624436,False,False,-0.00303030303030305,-0.00303030303030305,1,0.9789423355281599,False,False,0.01133832759667941,-0.01133832759667941,1,0.9585954374787071,True,False,-0.02661934338952976,0.02661934338952976,-1,1.068292074473955,False,False,-0.0032776138970829205,-0.0032776138970829205,-1,1.1409427847627356,False,True,-0.0021745883814849876,-0.0021745883814849876,1,0.9533756117053369,False,False,-0.0021118228144804746,1.014912674272993
2026-03-05,-0.0038598574821853138,-0.0038598574821853138,1,1.0669850521052102,False,False,0.000806614236741332,-0.000806614236741332,-1,0.9554468638540735,False,False,0.007553876916240876,-0.007553876916240876,-1,1.0177939344587323,False,False,0.018287614297589405,-0.018287614297589405,-1,0.8937246570098469,False,False,0.0065132435953103585,0.0065132435953103585,1,0.9853184254252169,False,False,0.004204204204204309,0.004204204204204309,1,0.9626255684470861,True,False,0.007748404740200554,-0.007748404740200554,1,1.0600145151001823,True,False,0.002959552778691199,-0.002959552778691199,-1,1.1375661043737633,False,False,-0.0009339975093399788,-0.0009339975093399788,1,0.9524851612585387,False,False,-0.003492496684608221,1.0113680951229276
2026-03-06,0.0,0.0,-1,1.0669850521052102,False,True,-0.0012089462018940456,0.0012089462018940456,-1,0.9566019477112415,False,False,0.016317530319735374,-0.016317530319735374,-1,1.0011860510739592,False,False,0.013877551020408108,-0.013877551020408108,-1,0.8813219474839961,False,False,0.02415875754961183,0.02415875754961183,1,1.0091224943742299,False,False,0.05183413078149912,0.05183413078149912,1,1.0125224280555873,True,False,0.01582994120307557,0.01582994120307557,1,1.0767944825486249,False,False,0.0029508196721310664,-0.0029508196721310664,-1,1.1342093519346277,False,False,0.006544094733561767,0.006544094733561767,1,0.9587183143861264,False,False,0.0073811077174853095,1.0188331119750578
2026-03-09,-0.002086438152011927,0.002086438152011927,-1,1.0692112504255489,False,True,0.009078071414161837,-0.009078071414161837,-1,0.9479178469149926,False,False,0.054458667823823026,-0.054458667823823026,-1,0.9466627924886774,False,False,0.027375201288244666,-0.027375201288244666,-1,0.8571955817718738,False,False,0.024852569502948674,0.024852569502948674,1,1.0342017813026543,False,False,0.0360121304018195,0.0360121304018195,1,1.048985517769492,False,False,0.040071237756010625,0.040071237756010625,1,1.1199429702731913,False,False,-0.0006538084341287664,0.0006538084341287664,-1,1.1349509075749902,False,False,0.01238390092879249,0.01238390092879249,1,0.9705909870101032,False,False,0.002794238294386939,1.0216799744721279
2026-03-10,-0.005376344086021501,0.005376344086021501,-1,1.074959698008482,False,False,-0.0017992802878848968,0.0017992802878848968,-1,0.9496234168114811,False,False,-0.02654320987654324,0.02654320987654324,-1,0.9717902616720188,False,False,-0.0321316614420063,0.0321316614420063,-1,0.8847386999949512,False,False,-0.012741471434443041,-0.012741471434443041,1,1.0210245288487363,False,False,-0.043358946212952776,-0.043358946212952776,1,1.003502611126358,False,False,-0.03981164383561642,-0.03981164383561642,1,1.0753561996244727,False,False,0.0022898266274125056,-0.0022898266274125056,-1,1.132352066766019,False,False,-0.004281345565749217,-0.004281345565749217,1,0.9664355515917114,False,False,-0.004070304220413113,1.0175214261601224
2026-03-11,0.0018018018018017834,-0.0018018018018017834,-1,1.0730228336877459,False,False,0.01301822551572207,-0.01301822551572207,-1,0.9372610050164187,False,False,0.00676389769604735,-0.00676389769604735,-1,0.9652171717600542,False,False,0.0161943319838056,-0.0161943319838056,-1,0.8704109477683124,False,False,0.032472939217318864,0.032472939217318864,1,1.054180196313433,False,False,0.06540447504302915,0.06540447504302915,1,1.0691361726113866,False,False,0.020508247882300434,0.020508247882300434,1,1.09740987112814,False,False,0.012728459530026104,-0.012728459530026104,-1,1.1179389693104462,False,False,0.003992628992629088,0.003992628992629088,1,0.9702941701945039,False,False,0.00798573051198607,1.025647078059609
2026-03-12,-0.003896882494004772,0.003896882494004772,-1,1.077204277584011,False,False,0.001383946223803889,-0.001383946223803889,-1,0.9359638861878076,False,False,0.016586185177409174,-0.016586185177409174,-1,0.9492079010128267,False,False,0.0007968127490038945,-0.0007968127490038945,-1,0.869717393228258,False,False,0.004838709677419395,0.004838709677419395,1,1.0592810682310787,False,False,0.008795548375515994,0.008795548375515994,1,1.0785398115376041,False,False,0.00742682394058547,0.00742682394058547,1,1.105560141031669,False,False,0.0019336126329358994,-0.0019336126329358994,-1,1.115777308396536,False,False,0.0018354236769655419,0.0018354236769655419,1,0.9720750710881005,False,False,0.0006769812645931461,1.02634142191554
2026-03-13,-0.0036111947035810665,0.0036111947035810665,-1,1.0810942719658971,False,False,-0.010069101678183645,0.010069101678183645,-1,0.9453882017249406,False,False,0.00867410161090465,-0.00867410161090465,-1,0.940974375229568,False,False,0.01671974522292996,-0.01671974522292996,-1,0.8551759399975307,False,False,0.03972712680577839,0.03972712680577839,1,1.101363261551655,False,False,0.0185053380782918,0.0185053380782918,1,1.0984985553810047,False,False,0.021682567215958404,0.021682567215958404,1,1.1295315231008727,False,False,-0.008362817626246355,0.008362817626246355,-1,1.1251083505381603,False,False,0.006106870229007688,0.006106870229007688,1,0.978011407400089,False,False,0.00918568550035697,1.0357690714332453
2026-03-16,-0.014497130776200517,0.014497130776200517,-1,1.096767037007988,False,False,0.00398883127243721,-0.00398883127243721,-1,0.9416172077013071,False,False,0.024774774774774855,-0.024774774774774855,-1,0.9176619470144209,False,False,-0.01644479248238062,0.01644479248238062,-1,0.8692391308667148,False,False,-0.04206869934388269,-0.04206869934388269,1,1.0550303416330404,False,False,0.021837875611460555,0.021837875611460555,1,1.1224874301927843,False,False,0.002546689303905003,0.002546689303905003,1,1.1324080889491772,False,False,0.004216672072656413,-0.004216672072656413,-1,1.1203641375777336,False,False,0.0012139605462822,0.0012139605462822,1,0.9791986746624866,False,False,-0.0020565031937246963,1.0336390090298815
2026-03-17,0.017468587189702678,-0.017468587189702678,-1,1.077608066395222,False,False,-0.007151370679380209,0.007151370679380209,-1,0.948351061391662,False,False,-0.005594405594405605,0.005594405594405605,-1,0.9227957201445715,False,False,-0.010350318471337605,0.010350318471337605,-1,0.878236032698934,False,False,0.001208702659145855,0.001208702659145855,1,1.0563055596124518,False,False,0.008890408616857526,0.008890408616857526,1,1.1324668021144846,False,False,-0.0042337002540220325,-0.0042337002540220325,1,1.1276138125353365,False,False,-0.004198966408268778,0.004198966408268778,-1,1.1250685089564514,False,False,0.004243710215216634,0.004243710215216634,1,0.9833541100808784,False,False,0.0022150661334319447,1.0359285877929778
2026-03-18,0.003012048192771122,-0.003012048192771122,-1,1.0743622589663209,False,False,-0.0076030412164865835,0.0076030412164865835,-1,0.9555614135991217,False,True,-0.02632107695398833,0.02632107695398833,-1,0.9470846973073078,False,False,-0.02574416733708773,0.02574416733708773,-1,0.9008454880861955,False,True,-0.016901408450704203,-0.016901408450704203,1,1.038452507900692,False,False,-0.028130825283850247,-0.028130825283850247,1,1.1006095763644415,False,False,-0.01658163265306123,-0.01658163265306123,1,1.1089161345213578,False,False,-0.013298734998378192,0.013298734998378192,-1,1.1400304969120838,False,False,-0.0009055236945366696,-0.0009055236945366696,1,0.9824636596340801,False,False,0.0008261758034463743,1.0367844469263108
2026-03-19,-0.014114114114114118,0.014114114114114118,-1,1.089525930489269,False,False,-0.025000000000000022,0.025000000000000022,-1,0.9794504489390997,False,False,0.010730499380932734,-0.010730499380932734,-1,0.9369220055491609,False,False,0.004954582989264988,-0.004954582989264988,-1,0.8963821743549675,False,False,0.0,0.0,1,1.038452507900692,False,False,0.021795989537924942,0.021795989537924942,1,1.1245984511762208,False,False,0.0025940337224383825,0.0025940337224383825,1,1.1117927003696622,False,False,-0.0039447731755424265,0.0039447731755424265,-1,1.1445276586356028,False,False,-0.0024169184290030454,-0.0024169184290030454,1,0.9800891251092847,False,False,0.005482989972313236,1.042469125652258
2026-03-20,-0.007614986293024706,0.007614986293024706,-1,1.09782265551584,False,False,-0.006617038875103343,0.006617038875103343,-1,0.9859315106359673,False,False,-0.007962433646386269,0.007962433646386269,-1,0.9443821848501854,False,False,-0.01232539030402624,0.01232539030402624,-1,0.907430434515464,False,False,-0.008186655751125649,-0.008186655751125649,1,1.029951054704616,False,False,0.0025597269624573205,0.0025597269624573205,1,1.1274771161536343,False,False,0.009918068132815927,0.009918068132815927,1,1.1228195361214959,False,False,0.00429042904290422,-0.00429042904290422,-1,1.1396171439285854,False,False,-0.0015142337976983278,-0.0015142337976983278,1,0.9786050410312876,False,False,0.0036673695135650674,1.046292245142508
2026-03-23,0.006445672191528473,-0.006445672191528473,-1,1.0907464505539515,False,False,-0.01935886761032468,0.01935886761032468,-1,1.0050180282232164,False,False,0.023050010290183165,-0.023050010290183165,-1,0.922614165771523,False,False,0.04492512479201327,-0.04492512479201327,-1,0.866664009004786,False,False,-0.009905076351630182,-0.009905076351630182,1,1.0197493108693247,False,False,0.06400000000000006,0.06400000000000006,1,1.199635651587467,False,False,0.10119555935098212,0.10119555935098212,1,1.236443887129521,False,False,0.0042720999014129735,-0.0042720999014129735,-1,1.1347485856403596,False,False,0.010009099181073733,0.010009099181073733,1,0.9883999959460685,False,False,0.011773949179512503,1.0586112368637342
2026-03-24,0.0015248551387618825,-0.0015248551387618825,-1,1.089083220223738,False,False,0.002971768202080227,-0.002971768202080227,-1,1.0020313476044254,False,False,-0.029973848320257512,0.029973848320257512,-1,0.9502684628344796,False,False,-0.01273885350318471,0.01273885350318471,-1,0.8777043148519807,False,False,-0.014172571904960352,-0.014172571904960352,1,1.0052968404359954,False,False,-0.06366981282994721,-0.06366981282994721,1,1.1232550741867613,False,False,-0.031019775106630454,-0.031019775106630454,1,1.198089675818795,False,False,-0.004253926701570654,0.004253926701570654,-1,1.1395757229483847,False,False,-0.0018018018018017834,-0.0018018018018017834,1,0.986619095052472,False,False,-0.007577106273241004,1.0505900270199704
2026-03-25,0.00456760048721061,-0.00456760048721061,-1,1.084108723176431,False,False,0.009947089947089927,-0.009947089947089927,-1,0.9920640516600004,False,False,-0.013894649523019442,0.013894649523019442,-1,0.9634721100783431,False,False,0.003225806451612856,-0.003225806451612856,-1,0.8748730106105228,False,False,-0.010993657505285359,-0.010993657505285359,1,0.9942449512810966,False,False,-0.025627883136852936,-0.025627883136852936,1,1.094468424412626,False,False,-0.006802721088435382,-0.006802721088435382,1,1.189939405915266,False,False,0.008215576733486607,-0.008215576733486607,-1,1.1302134511528839,False,False,-0.003309265944644979,-0.003309265944644979,1,0.9833541100808785,False,False,-0.006532772419066579,1.043726761467708
2026-03-26,-0.002121855107608317,0.002121855107608317,-1,1.0864090448079056,False,False,-0.005658005029337776,0.005658005029337776,-1,0.9976771550537179,False,False,0.010935856992639437,-0.010935856992639437,-1,0.9529357168661298,False,False,-0.015273311897106123,0.015273311897106123,-1,0.8882352189719375,False,False,0.0021376656690894613,0.0021376656690894613,1,0.9963703145801157,False,False,-0.009293354374890428,-0.009293354374890428,1,1.0842971414924314,False,False,-0.008863819500402936,-0.008863819500402936,1,1.1793919978048164,False,False,0.0052151238591917615,-0.0052151238591917615,-1,1.124319248017797,False,False,-0.0024147298520977856,-0.0024147298520977856,1,0.9809795755560832,False,False,-0.0012813385417867413,1.042389394141145
2026-03-27,0.005771567436209102,-0.005771567436209102,-1,1.0801387617424891,False,False,0.008851422550052668,-0.008851422550052668,-1,0.9888462929858031,False,False,0.016018306636155666,-0.016018306636155666,-1,0.9376713003488233,False,False,0.0032653061224490187,-0.0032653061224490187,-1,0.8853348590732536,False,False,-0.012372013651877123,-0.012372013651877123,1,0.9840432074458054,False,False,-0.006194690265486691,-0.006194690265486691,-1,1.0775802565451331,False,True,-0.00894308943089428,-0.00894308943089428,1,1.1688445896943669,False,False,-0.001621271076523989,0.001621271076523989,-1,1.1261420742953876,False,False,-0.0018154311649016819,-0.0018154311649016819,1,0.9791986746624867,False,False,-0.006845617353500249,1.035253595215508
2026-03-30,-0.0036242826940501294,0.0036242826940501294,-1,1.0840534899638452,False,False,0.033006058073950184,-0.033006058073950184,1,0.9562083748133033,True,False,0.016584766584766486,-0.016584766584766486,-1,0.9221202406993035,False,False,-0.017900732302685074,0.017900732302685074,-1,0.9011830013837594,False,False,0.002159827213822796,0.002159827213822796,1,0.9861685707448243,False,False,-0.01139804096170971,0.01139804096170971,-1,1.0898625604487644,False,False,-0.004101722723543921,-0.004101722723543921,1,1.1640503132805262,False,False,-0.0006495615459565229,0.0006495615459565229,-1,1.1268735728821335,False,False,0.0027280994240679313,0.0027280994240679313,1,0.9818700260028814,False,False,-0.0016924448044409364,1.0335014856470066
2026-03-31,0.0003031221582296961,-0.0003031221582296961,-1,1.0837248893303308,False,False,0.006066734074823055,0.006066734074823055,1,0.9620094367434144,True,False,-0.006445115810674751,0.006445115810674751,-1,0.9280634124419778,False,False,-0.024855012427506207,0.024855012427506207,-1,0.9235819160826101,False,False,-0.009051724137930983,-0.009051724137930983,1,0.9772420448889445,False,False,-0.035669248784002905,0.035669248784002905,-1,1.1287371392577819,False,False,-0.0539538714991763,-0.0539538714991763,-1,1.1012452922592129,False,True,-0.005849853753656209,0.005849853753656209,-1,1.1334656184823542,False,False,-0.004232164449818665,-0.004232164449818665,1,0.9777145905844895,False,False,0.001260564733945276,1.0348042811722933
2026-04-01,0.009393939393939288,-0.009393939393939288,-1,1.0735444434002581,False,False,-0.008643216080401972,-0.008643216080401972,1,0.9536945813102553,False,False,-0.004257044394891496,0.004257044394891496,-1,0.9320142195900177,False,False,-0.008496176720475757,0.008496176720475757,-1,0.9314288312574834,False,False,-0.014789038712483715,-0.014789038712483715,1,0.9627895744556152,False,False,-0.018120679992527533,0.018120679992527533,-1,1.149190623753953,False,False,-0.029603831084022647,0.029603831084022647,-1,1.1338463718733298,False,True,-0.0032690421706440542,0.0032690421706440542,-1,1.137170965388148,False,False,0.004250151791135304,0.004250151791135304,1,0.9818700260028813,False,False,0.0039078591074302015,1.0388481505068803
2026-04-02,0.002401681176823711,-0.002401681176823711,-1,1.0709661319180601,False,False,0.0024330900243310083,0.0024330900243310083,1,0.9560150060822998,False,False,0.018729641693810972,-0.018729641693810972,-1,0.9145579272035599,False,False,0.00428449014567267,-0.00428449014567267,-1,0.9274381336085653,False,False,-0.003973509933774877,-0.003973509933774877,1,0.9589639205173809,False,False,0.045281582952815924,-0.045281582952815924,-1,1.0971534531958402,False,False,0.015253476895468854,-0.015253476895468854,-1,1.1165512724369488,False,False,-0.0009839291571006603,0.0009839291571006603,-1,1.138289861057602,False,False,-0.003929866989117237,-0.003929866989117237,1,0.978011407400089,False,False,-0.010048581178450287,1.028409200534429
2026-04-03,0.005390835579514919,-0.005390835579514919,-1,1.0651927295896608,False,False,-0.0024271844660194164,-0.0024271844660194164,1,0.9536945813102554,False,False,-0.001998401278976769,0.001998401278976769,-1,0.9163855809349817,False,False,-0.014505119453924964,0.014505119453924964,-1,0.9408907345226828,False,False,-0.01817375886524819,-0.01817375886524819,1,0.941535941465425,False,False,-0.012013105205678887,0.012013105205678887,-1,1.1103336730558557,False,False,-0.016791869200176723,0.016791869200176723,-1,1.135300255359001,False,False,0.0016414970453053623,-0.0016414970453053623,-1,1.136421361613975,False,True,-0.003034901365705611,-0.003034901365705611,1,0.9750432392440948,False,False,0.0016267019796626493,1.0300821158168416
2026-04-07,-0.0032767351802204248,0.0032767351802204248,-1,1.0686830840804222,False,False,-0.0012165450121655041,-0.0012165450121655041,1,0.9525343689242332,False,False,0.0,-0.0,-1,0.9163855809349817,False,False,-0.008658008658008698,0.008658008658008698,-1,0.9490369746484202,False,False,0.010835214446952568,0.010835214446952568,1,0.9517376853007162,False,False,-0.005526897568165046,0.005526897568165046,-1,1.11647037353332,False,False,-0.0035955056179775013,0.0035955056179775013,-1,1.1393822338052355,False,False,0.005244182235332628,-0.005244182235332628,-1,1.1304617608975465,False,False,-0.0030441400304414,-0.0030441400304414,1,0.9720750710881005,False,False,0.0024874993548205226,1.0326444444153482
2026-04-08,0.004184100418409997,-0.004184100418409997,-1,1.0642116067411735,False,False,0.006090133982947554,0.006090133982947554,1,0.9583354308543441,False,False,-0.04205046055266315,0.04205046055266315,-1,0.9549200166571176,False,False,0.003493449781659441,-0.003493449781659441,-1,0.945721561636548,False,False,-0.003573023671281872,-0.003573023671281872,1,0.9483371040222858,False,False,-0.044090403853279,0.044090403853279,-1,1.1656960031926253,False,False,0.010825439783491264,-0.010825439783491264,-1,1.1270479200427972,False,False,-0.0019563090968373054,0.0019563090968373054,-1,1.1326732935240171,False,False,0.0021374045801527686,0.0021374045801527686,1,0.9741527887972966,False,False,0.008249855379004134,1.041163611739707
2026-04-09,-0.0008928571428571397,0.0008928571428571397,-1,1.0651617956757637,False,False,-0.009685230024213065,-0.009685230024213065,-1,0.9490537317661665,False,True,0.008570234113712383,-0.008570234113712383,-1,0.946736128554496,False,True,-0.011314186248912117,0.011314186248912117,-1,0.9564216315245159,False,False,0.0044822949350067365,0.0044822949350067365,1,0.9525878306203238,False,False,-0.012984496124030964,0.012984496124030964,-1,1.1808319784278785,False,False,-0.038821954484605126,0.038821954484605126,-1,1.1708021230966676,False,False,0.0022868343678537073,-0.0022868343678537073,-1,1.1300830573088363,False,False,-0.003656307129798919,-0.003656307129798919,1,0.9705909870101036,False,False,0.004921909255537112,1.046288124556857
2026-04-10,-0.00595770032767351,0.00595770032767351,-1,1.0715077104548867,False,False,0.0052974735126325445,-0.0052974735126325445,-1,0.9440261447600702,False,False,-0.003005181347150221,0.003005181347150221,-1,0.949581242308701,False,True,0.008802816901408494,-0.008802816901408494,1,0.9480024270216592,True,False,0.0,0.0,1,0.9525878306203238,True,False,-0.027685057922638867,0.027685057922638867,-1,1.2135233801475585,False,False,-0.01949860724233987,0.01949860724233987,-1,1.1936311338534273,False,False,0.023794002607562037,-0.023794002607562037,-1,1.1031938580964682,False,False,0.0009174311926605228,0.0009174311926605228,1,0.9714814374569019,False,False,0.0021299650012066573,1.048516681643341
2026-04-13,-0.006892418339826234,0.006892418339826234,-1,1.078892989849691,False,True,0.006688285366842406,-0.006688285366842406,-1,0.9377122285101548,False,False,-0.007795447458684102,0.007795447458684102,-1,0.9569836529908704,False,False,-0.002617801047120394,-0.002617801047120394,1,0.9455207452755292,True,False,0.04730031236055332,0.04730031236055332,1,0.997645532559527,False,False,0.028271405492730217,-0.028271405492730217,-1,1.1792153685924982,False,False,0.009469696969697017,-0.009469696969697017,-1,1.1823278087222395,False,False,-0.01623686723973261,0.01623686723973261,-1,1.121106270310069,False,False,0.001527650473571729,0.001527650473571729,1,0.972965521534899,False,False,0.003633945221775329,1.0523269338285506
2026-04-14,0.005129752564876355,-0.005129752564876355,-1,1.0733585357677824,False,True,0.005033219247030374,-0.005033219247030374,-1,0.9329925172734417,False,False,-0.011837418814163003,0.011837418814163003,-1,0.968311869289631,False,False,0.0673665791776028,0.0673665791776028,1,1.0092172434261992,True,False,0.0012782275244993535,0.0012782275244993535,1,0.9989207505389385,False,False,-0.010408483896307885,0.010408483896307885,-1,1.191489212766772,False,False,-0.0009380863039399889,0.0009380863039399889,-1,1.1834369342463693,False,False,0.0045307443365696365,-0.0045307443365696365,-1,1.116026824425169,False,False,0.00030506406345343073,0.00030506406345343073,1,0.9732623383504986,True,False,0.0086044604034989,1.0613816392622137
2026-04-15,0.0006004202942060388,-0.0006004202942060388,-1,1.0727140695199482,False,False,-0.0010016025641025328,0.0010016025641025328,-1,0.9339270049710313,False,False,-0.0023322378882646433,0.0023322378882646433,-1,0.9705702029188447,False,False,0.004918032786885185,0.004918032786885185,1,1.0141806069184591,False,False,-0.0029787234042553123,-0.0029787234042553123,1,0.9959452419203119,False,False,0.012105576503274484,-0.012105576503274484,-1,1.1770655489487976,False,False,0.016901408450704203,-0.016901408450704203,-1,1.1634351832450223,False,False,0.002577319587628857,-0.002577319587628857,-1,1.1131504666302587,False,False,0.0033546813052760527,0.0033546813052760527,1,0.9765273233220922,True,False,-0.0026174326328378314,1.0586035443237138
2026-04-16,0.0066006600660066805,-0.0066006600660066805,-1,1.0656334485990244,False,False,0.028072989773410884,-0.028072989773410884,-1,0.9077088817113673,False,False,-0.0009563277016257921,0.0009563277016257921,-1,0.9714983860902685,False,False,0.012234910277324706,0.012234910277324706,1,1.026589015649109,False,False,0.0004268032437046987,0.0004268032437046987,1,0.9963703145801157,False,False,0.0017647058823528905,-0.0017647058823528905,-1,1.1749883744506526,False,False,0.1523545706371192,-0.1523545706371192,-1,0.9861805154376088,False,False,0.021208226221079762,-0.021208226221079762,-1,1.0895425197158637,False,False,0.01094224924012166,0.01094224924012166,1,0.9872127286836715,False,False,-0.02060454023524362,1.0367915050015244
2026-04-17,0.0,-0.0,-1,1.0656334485990244,False,False,-0.004486054222742397,0.004486054222742397,-1,0.9117809129731893,False,False,0.00957243139757491,-0.00957243139757491,-1,0.9621987844365647,False,False,-0.00241740531829171,-0.00241740531829171,1,1.0241073339029791,False,False,-0.010238907849829393,-0.010238907849829393,1,0.9861685707448243,False,False,-0.003131728322568028,0.003131728322568028,1,1.178668118821608,True,False,-0.017628205128205177,0.017628205128205177,1,1.0035651078571821,True,False,0.002831969792322253,-0.002831969792322253,-1,1.0864569682125778,False,False,-0.000601322910402935,-0.000601322910402935,1,0.9866190950524726,False,False,-4.6227732767288745e-05,1.0367435764808959
2026-04-20,-0.0005961251862891537,0.0005961251862891537,-1,1.0662686995370865,False,False,-0.015478056426332265,0.015478056426332265,-1,0.9258935093926411,False,False,-0.0006321112515802474,0.0006321112515802474,-1,0.962807001114464,False,False,0.007269789983844976,0.007269789983844976,1,1.0315523791413692,False,False,0.006896551724137945,0.006896551724137945,1,0.9929697333016853,False,False,0.010602788140585018,0.010602788140585018,1,1.1911652871735354,True,False,0.030587275693311655,0.030587275693311655,1,1.0342614304873978,True,False,0.004079071226859021,-0.004079071226859021,-1,1.0820252328543214,False,False,0.011432009626955564,0.011432009626955564,1,0.9978981340452506,False,False,0.008823959645130866,1.045891759962112
